ISO-10303-21;
HEADER;
FILE_DESCRIPTION (( 'STEP AP214' ),
    '1' );
FILE_NAME ('hexholder_v2_19.4mm.STEP',
    '2026-08-06T00:15:00',
    ( '' ),
    ( '' ),
    'SwSTEP 2.0',
    'SolidWorks 2025',
    '' );
FILE_SCHEMA (( 'AUTOMOTIVE_DESIGN' ));
ENDSEC;

DATA;
#1 = CIRCLE ( 'NONE', #1834, 2.099999999999999645 ) ;
#2 = CIRCLE ( 'NONE', #1570, 2.899999999999991918 ) ;
#3 = CARTESIAN_POINT ( 'NONE',  ( 9.699999999999992184, 5.600297611139368748, 6.000000000000000000 ) ) ;
#4 = EDGE_CURVE ( 'NONE', #820, #1168, #1038, .T. ) ;
#5 = DIRECTION ( 'NONE',  ( -1.000000000000000000, 0.000000000000000000, 0.000000000000000000 ) ) ;
#6 = EDGE_CURVE ( 'NONE', #422, #613, #47, .T. ) ;
#7 = VERTEX_POINT ( 'NONE', #1139 ) ;
#8 = CARTESIAN_POINT ( 'NONE',  ( -1.450000000000004174, 10.01702717043999691, 6.000000000000000000 ) ) ;
#9 = CARTESIAN_POINT ( 'NONE',  ( -1.449999999999989742, -10.01702717044000224, 6.000000000000000000 ) ) ;
#10 = EDGE_LOOP ( 'NONE', ( #1739, #955, #1561, #1755 ) ) ;
#11 = CARTESIAN_POINT ( 'NONE',  ( 3.250000000000000444, 3.980102097228898231E-16, 0.3000000000000051514 ) ) ;
#12 = ORIENTED_EDGE ( 'NONE', *, *, #1764, .T. ) ;
#13 = FACE_OUTER_BOUND ( 'NONE', #1744, .T. ) ;
#14 = ORIENTED_EDGE ( 'NONE', *, *, #397, .F. ) ;
#15 = DIRECTION ( 'NONE',  ( -0.3535533905932722321, -0.6123724356957930270, -0.7071067811865496822 ) ) ;
#16 = EDGE_CURVE ( 'NONE', #501, #1533, #211, .T. ) ;
#17 = EDGE_LOOP ( 'NONE', ( #413, #1219, #44, #80 ) ) ;
#18 = CYLINDRICAL_SURFACE ( 'NONE', #74, 4.099999999999999645 ) ;
#19 = ORIENTED_EDGE ( 'NONE', *, *, #6, .F. ) ;
#20 = CARTESIAN_POINT ( 'NONE',  ( -6.499999999999992006, -3.752776749732570583, 6.000000000000000000 ) ) ;
#21 = VERTEX_POINT ( 'NONE', #911 ) ;
#22 = CIRCLE ( 'NONE', #1360, 2.899999999999992806 ) ;
#23 = ADVANCED_FACE ( 'NONE', ( #343 ), #339, .T. ) ;
#24 = VERTEX_POINT ( 'NONE', #1212 ) ;
#25 = ORIENTED_EDGE ( 'NONE', *, *, #433, .F. ) ;
#26 = ORIENTED_EDGE ( 'NONE', *, *, #1048, .T. ) ;
#27 = CIRCLE ( 'NONE', #1213, 1.000000000000000000 ) ;
#28 = TOROIDAL_SURFACE ( 'NONE', #1117, 7.049999999999999822, 2.000000000000000000 ) ;
#29 = DIRECTION ( 'NONE',  ( -1.000000000000000000, 0.000000000000000000, 0.000000000000000000 ) ) ;
#30 =( BOUNDED_CURVE ( )  B_SPLINE_CURVE ( 3, ( #1662, #738, #595, #162 ),
 .UNSPECIFIED., .F., .F. ) 
 B_SPLINE_CURVE_WITH_KNOTS ( ( 4, 4 ),
 ( 5.759586531581287083, 6.283185307179586232 ),
 .UNSPECIFIED. ) 
 CURVE ( )  GEOMETRIC_REPRESENTATION_ITEM ( )  RATIONAL_B_SPLINE_CURVE ( ( 1.000000000000000000, 0.9772838841927120601, 0.9772838841927120601, 1.000000000000000000 ) ) 
 REPRESENTATION_ITEM ( '' )  );
#31 = CARTESIAN_POINT ( 'NONE',  ( 10.59999999999999076, 6.119912853410031772, 0.000000000000000000 ) ) ;
#32 = ORIENTED_EDGE ( 'NONE', *, *, #1506, .F. ) ;
#33 = FACE_OUTER_BOUND ( 'NONE', #1450, .T. ) ;
#34 = EDGE_CURVE ( 'NONE', #1624, #461, #1721, .T. ) ;
#35 = DIRECTION ( 'NONE',  ( 0.000000000000000000, 0.000000000000000000, -1.000000000000000000 ) ) ;
#36 = LINE ( 'NONE', #620, #612 ) ;
#37 = ORIENTED_EDGE ( 'NONE', *, *, #1690, .T. ) ;
#38 = ORIENTED_EDGE ( 'NONE', *, *, #672, .T. ) ;
#39 = ORIENTED_EDGE ( 'NONE', *, *, #517, .T. ) ;
#40 = CARTESIAN_POINT ( 'NONE',  ( 0.000000000000000000, 0.000000000000000000, 0.3000000000000051514 ) ) ;
#41 = CYLINDRICAL_SURFACE ( 'NONE', #739, 1.000000000000000888 ) ;
#42 = ORIENTED_EDGE ( 'NONE', *, *, #989, .T. ) ;
#43 = ORIENTED_EDGE ( 'NONE', *, *, #821, .T. ) ;
#44 = ORIENTED_EDGE ( 'NONE', *, *, #547, .F. ) ;
#45 = EDGE_LOOP ( 'NONE', ( #577, #717, #1514, #1201 ) ) ;
#46 = ORIENTED_EDGE ( 'NONE', *, *, #1386, .F. ) ;
#47 = CIRCLE ( 'NONE', #1437, 4.099999999999999645 ) ;
#48 = EDGE_CURVE ( 'NONE', #308, #891, #1224, .T. ) ;
#49 = AXIS2_PLACEMENT_3D ( 'NONE', #590, #1884, #610 ) ;
#50 = ORIENTED_EDGE ( 'NONE', *, *, #423, .F. ) ;
#51 = VECTOR ( 'NONE', #1078, 1000.000000000000000 ) ;
#52 = AXIS2_PLACEMENT_3D ( 'NONE', #1131, #744, #5 ) ;
#53 = DIRECTION ( 'NONE',  ( 0.6546536707079794182, -0.3779644730092259763, 0.6546536707079755324 ) ) ;
#54 = ORIENTED_EDGE ( 'NONE', *, *, #956, .F. ) ;
#55 = ORIENTED_EDGE ( 'NONE', *, *, #117, .F. ) ;
#56 = CARTESIAN_POINT ( 'NONE',  ( -9.699999999999997513, 3.752776749732561701, 1.500000000000000000 ) ) ;
#57 = AXIS2_PLACEMENT_3D ( 'NONE', #729, #1760, #349 ) ;
#58 = MANIFOLD_SOLID_BREP ( 'Fillet3', #692 ) ;
#59 = EDGE_CURVE ( 'NONE', #1180, #1496, #208, .T. ) ;
#60 = AXIS2_PLACEMENT_3D ( 'NONE', #1696, #1851, #269 ) ;
#61 = DIRECTION ( 'NONE',  ( -0.000000000000000000, -0.000000000000000000, -1.000000000000000000 ) ) ;
#62 = VECTOR ( 'NONE', #527, 1000.000000000000000 ) ;
#63 = DIRECTION ( 'NONE',  ( -0.000000000000000000, -0.000000000000000000, 1.000000000000000000 ) ) ;
#64 = CARTESIAN_POINT ( 'NONE',  ( 7.949999999999993960, -6.264250420707432099, 6.000000000000000000 ) ) ;
#65 = ORIENTED_EDGE ( 'NONE', *, *, #1072, .T. ) ;
#66 = ORIENTED_EDGE ( 'NONE', *, *, #559, .T. ) ;
#67 = DIRECTION ( 'NONE',  ( -0.4999999999999998890, -0.8660254037844387076, 0.000000000000000000 ) ) ;
#68 = LINE ( 'NONE', #655, #1365 ) ;
#69 = DIRECTION ( 'NONE',  ( 0.000000000000000000, 0.000000000000000000, -1.000000000000000000 ) ) ;
#70 = LINE ( 'NONE', #657, #1046 ) ;
#71 = EDGE_CURVE ( 'NONE', #1155, #1134, #207, .T. ) ;
#72 = DIRECTION ( 'NONE',  ( 0.000000000000000000, 0.000000000000000000, -1.000000000000000000 ) ) ;
#73 = ORIENTED_EDGE ( 'NONE', *, *, #212, .T. ) ;
#74 = AXIS2_PLACEMENT_3D ( 'NONE', #1190, #644, #1791 ) ;
#75 = ORIENTED_EDGE ( 'NONE', *, *, #907, .T. ) ;
#76 = DIRECTION ( 'NONE',  ( -0.000000000000000000, -0.000000000000000000, 1.000000000000000000 ) ) ;
#77 = FACE_OUTER_BOUND ( 'NONE', #1603, .T. ) ;
#78 = ORIENTED_EDGE ( 'NONE', *, *, #1306, .F. ) ;
#79 = CARTESIAN_POINT ( 'NONE',  ( 4.850000000000004974, -8.400446416709051789, 1.500000000000000000 ) ) ;
#80 = ORIENTED_EDGE ( 'NONE', *, *, #1152, .F. ) ;
#81 = ADVANCED_FACE ( 'NONE', ( #668 ), #18, .T. ) ;
#82 = AXIS2_PLACEMENT_3D ( 'NONE', #409, #518, #1107 ) ;
#83 = ORIENTED_EDGE ( 'NONE', *, *, #1287, .F. ) ;
#84 = CARTESIAN_POINT ( 'NONE',  ( 0.000000000000000000, 0.000000000000000000, 8.000000000000000000 ) ) ;
#85 = VECTOR ( 'NONE', #1099, 999.9999999999998863 ) ;
#86 = SHAPE_DEFINITION_REPRESENTATION ( #1203, #680 ) ;
#87 = DIRECTION ( 'NONE',  ( 0.8660254037844382635, 0.5000000000000006661, 0.000000000000000000 ) ) ;
#88 =( BOUNDED_CURVE ( )  B_SPLINE_CURVE ( 3, ( #214, #1028, #1297, #588 ),
 .UNSPECIFIED., .F., .T. ) 
 B_SPLINE_CURVE_WITH_KNOTS ( ( 4, 4 ),
 ( 3.089976191583678565E-15, 0.5235987755982961511 ),
 .UNSPECIFIED. ) 
 CURVE ( )  GEOMETRIC_REPRESENTATION_ITEM ( )  RATIONAL_B_SPLINE_CURVE ( ( 1.000000000000000000, 0.9772838841927127262, 0.9772838841927127262, 1.000000000000000000 ) ) 
 REPRESENTATION_ITEM ( '' )  );
#89 = AXIS2_PLACEMENT_3D ( 'NONE', #1547, #1534, #733 ) ;
#90 = EDGE_CURVE ( 'NONE', #1624, #326, #1430, .T. ) ;
#91 = CARTESIAN_POINT ( 'NONE',  ( 10.44999999999998863, -5.860105232274700704, 1.500000000000000000 ) ) ;
#92 = EDGE_CURVE ( 'NONE', #1538, #273, #297, .T. ) ;
#93 = LINE ( 'NONE', #1179, #740 ) ;
#94 = SURFACE_STYLE_USAGE ( .BOTH. , #696 ) ;
#95 = CARTESIAN_POINT ( 'NONE',  ( 10.59999999999999076, -6.119912853410035325, 1.199999999999998401 ) ) ;
#96 = ORIENTED_EDGE ( 'NONE', *, *, #1423, .T. ) ;
#97 = EDGE_LOOP ( 'NONE', ( #1746, #1800, #367, #1588 ) ) ;
#98 = CARTESIAN_POINT ( 'NONE',  ( 6.499999999999991118, 3.752776749732566142, 6.000000000000000000 ) ) ;
#99 = ORIENTED_EDGE ( 'NONE', *, *, #1878, .T. ) ;
#100 = CARTESIAN_POINT ( 'NONE',  ( -10.59999999999999254, -5.542562584220408262, 1.500000000000000000 ) ) ;
#101 = EDGE_CURVE ( 'NONE', #1180, #490, #1679, .T. ) ;
#102 = DIRECTION ( 'NONE',  ( -1.000000000000000000, 0.000000000000000000, 0.000000000000000000 ) ) ;
#103 = CARTESIAN_POINT ( 'NONE',  ( 0.3470974015039970939, -12.03942892862671954, 1.199999999999998845 ) ) ;
#104 = ORIENTED_EDGE ( 'NONE', *, *, #252, .T. ) ;
#105 = CARTESIAN_POINT ( 'NONE',  ( -2.099999999999999645, 0.000000000000000000, 17.70000000000000995 ) ) ;
#106 = DIRECTION ( 'NONE',  ( 3.097555873684865176E-16, -1.000000000000000000, 0.000000000000000000 ) ) ;
#107 = DIRECTION ( 'NONE',  ( 0.000000000000000000, 0.000000000000000000, 1.000000000000000000 ) ) ;
#108 = LINE ( 'NONE', #420, #112 ) ;
#109 = CIRCLE ( 'NONE', #1668, 2.899999999999994138 ) ;
#110 = CIRCLE ( 'NONE', #1861, 3.372059531467585192 ) ;
#111 = DIRECTION ( 'NONE',  ( -0.000000000000000000, 1.000000000000000000, 0.000000000000000000 ) ) ;
#112 = VECTOR ( 'NONE', #712, 1000.000000000000227 ) ;
#113 = PLANE ( 'NONE',  #1869 ) ;
#114 = DIRECTION ( 'NONE',  ( 0.8660254037844387076, -0.5000000000000001110, 0.000000000000000000 ) ) ;
#115 = ADVANCED_FACE ( 'NONE', ( #1009 ), #1667, .F. ) ;
#116 = VERTEX_POINT ( 'NONE', #923 ) ;
#117 = EDGE_CURVE ( 'NONE', #1354, #273, #1497, .T. ) ;
#118 = LINE ( 'NONE', #849, #676 ) ;
#119 = AXIS2_PLACEMENT_3D ( 'NONE', #1833, #1657, #1339 ) ;
#120 = CARTESIAN_POINT ( 'NONE',  ( -8.099999999999999645, 6.524058041842765832, 5.699999999999990408 ) ) ;
#121 = CIRCLE ( 'NONE', #643, 1.000000000000000888 ) ;
#122 = CONICAL_SURFACE ( 'NONE', #1507, 4.099999999999999645, 0.3490658503988619543 ) ;
#123 = CARTESIAN_POINT ( 'NONE',  ( 4.099999999999999645, 5.021051876504147385E-16, 21.74747741945470736 ) ) ;
#124 = DIRECTION ( 'NONE',  ( -1.000000000000000000, 0.000000000000000000, 0.000000000000000000 ) ) ;
#125 = ORIENTED_EDGE ( 'NONE', *, *, #279, .F. ) ;
#126 = DIRECTION ( 'NONE',  ( -1.000000000000000000, 0.000000000000000000, -0.000000000000000000 ) ) ;
#127 = CARTESIAN_POINT ( 'NONE',  ( 1.600000000000009415, -10.27683479157533775, 5.699999999999990408 ) ) ;
#128 = DIRECTION ( 'NONE',  ( 0.8660254037844382635, 0.5000000000000004441, 0.000000000000000000 ) ) ;
#129 = PLANE ( 'NONE',  #353 ) ;
#130 = EDGE_CURVE ( 'NONE', #1496, #755, #30, .T. ) ;
#131 = EDGE_LOOP ( 'NONE', ( #1612, #1402 ) ) ;
#132 = ORIENTED_EDGE ( 'NONE', *, *, #71, .F. ) ;
#133 = ORIENTED_EDGE ( 'NONE', *, *, #397, .T. ) ;
#134 = ORIENTED_EDGE ( 'NONE', *, *, #423, .T. ) ;
#135 = DIRECTION ( 'NONE',  ( -0.000000000000000000, -0.000000000000000000, 1.000000000000000000 ) ) ;
#136 = CARTESIAN_POINT ( 'NONE',  ( 0.000000000000000000, 0.000000000000000000, 33.99999999999995737 ) ) ;
#137 = ORIENTED_EDGE ( 'NONE', *, *, #649, .F. ) ;
#138 = DIRECTION ( 'NONE',  ( 1.000000000000000000, 0.000000000000000000, -0.000000000000000000 ) ) ;
#139 = MECHANICAL_DESIGN_GEOMETRIC_PRESENTATION_REPRESENTATION (  '', ( #1789 ), #698 ) ;
#140 = CARTESIAN_POINT ( 'NONE',  ( -0.4999999999999882871, -11.95115057222525756, 1.199999999999999067 ) ) ;
#141 = DIRECTION ( 'NONE',  ( -0.000000000000000000, -0.000000000000000000, -1.000000000000000000 ) ) ;
#142 = EDGE_CURVE ( 'NONE', #716, #831, #1609, .T. ) ;
#143 = EDGE_CURVE ( 'NONE', #1155, #762, #1178, .T. ) ;
#144 = DIRECTION ( 'NONE',  ( 0.8660254037844383745, 0.5000000000000004441, 0.000000000000000000 ) ) ;
#145 = AXIS2_PLACEMENT_3D ( 'NONE', #1772, #1631, #106 ) ;
#146 = CIRCLE ( 'NONE', #1308, 3.199999999999999734 ) ;
#147 = ORIENTED_EDGE ( 'NONE', *, *, #1819, .T. ) ;
#148 = CARTESIAN_POINT ( 'NONE',  ( 0.000000000000000000, 0.000000000000000000, 6.000000000000000000 ) ) ;
#149 = LINE ( 'NONE', #904, #1042 ) ;
#150 = DIRECTION ( 'NONE',  ( -1.000000000000000000, 0.000000000000000000, 0.000000000000000000 ) ) ;
#151 = AXIS2_PLACEMENT_3D ( 'NONE', #1144, #141, #1135 ) ;
#152 = ORIENTED_EDGE ( 'NONE', *, *, #1748, .F. ) ;
#153 = EDGE_CURVE ( 'NONE', #1484, #1482, #344, .T. ) ;
#154 = VECTOR ( 'NONE', #1754, 1000.000000000000000 ) ;
#155 = VECTOR ( 'NONE', #695, 1000.000000000000000 ) ;
#156 = DIRECTION ( 'NONE',  ( -0.3420201433256649937, 0.000000000000000000, -0.9396926207859097602 ) ) ;
#157 = EDGE_CURVE ( 'NONE', #1036, #1380, #1132, .T. ) ;
#158 = AXIS2_PLACEMENT_3D ( 'NONE', #1674, #840, #379 ) ;
#159 = ORIENTED_EDGE ( 'NONE', *, *, #1792, .T. ) ;
#160 = CARTESIAN_POINT ( 'NONE',  ( -5.508866493788498737E-15, 12.08512516844081119, 1.333974596215558250 ) ) ;
#161 = PLANE ( 'NONE',  #1676 ) ;
#162 = CARTESIAN_POINT ( 'NONE',  ( 10.59999999999999076, -5.542562584220409150, 1.199999999999998401 ) ) ;
#163 = DIRECTION ( 'NONE',  ( 0.000000000000000000, 0.000000000000000000, -1.000000000000000000 ) ) ;
#164 = DIRECTION ( 'NONE',  ( 1.000000000000000000, 0.000000000000000000, 0.000000000000000000 ) ) ;
#165 = EDGE_LOOP ( 'NONE', ( #342, #893, #466, #32 ) ) ;
#166 = EDGE_LOOP ( 'NONE', ( #969, #319, #54, #1480 ) ) ;
#167 = EDGE_CURVE ( 'NONE', #116, #921, #954, .T. ) ;
#168 = CARTESIAN_POINT ( 'NONE',  ( 0.000000000000000000, 0.000000000000000000, 17.00000000000000000 ) ) ;
#169 = CARTESIAN_POINT ( 'NONE',  ( -8.099999999999992539, -6.524058041842774713, 5.699999999999990408 ) ) ;
#170 = ORIENTED_EDGE ( 'NONE', *, *, #511, .T. ) ;
#171 = ORIENTED_EDGE ( 'NONE', *, *, #1108, .F. ) ;
#172 = ORIENTED_EDGE ( 'NONE', *, *, #1058, .T. ) ;
#173 = ORIENTED_EDGE ( 'NONE', *, *, #1386, .T. ) ;
#174 = PLANE ( 'NONE',  #633 ) ;
#175 = ORIENTED_EDGE ( 'NONE', *, *, #487, .F. ) ;
#176 = PRODUCT_DEFINITION_CONTEXT ( 'detailed design', #582, 'design' ) ;
#177 = PLANE ( 'NONE',  #775 ) ;
#178 = CONICAL_SURFACE ( 'NONE', #1587, 2.899999999999993250, 0.7853981633974439491 ) ;
#179 = ORIENTED_EDGE ( 'NONE', *, *, #1194, .F. ) ;
#180 = ORIENTED_EDGE ( 'NONE', *, *, #4, .T. ) ;
#181 = CARTESIAN_POINT ( 'NONE',  ( 1.599999999999995870, 10.27683479157533597, 1.500000000000000000 ) ) ;
#182 = DIRECTION ( 'NONE',  ( 4.646333810527297518E-16, -1.000000000000000000, 0.000000000000000000 ) ) ;
#183 = FACE_OUTER_BOUND ( 'NONE', #1366, .T. ) ;
#184 = ORIENTED_EDGE ( 'NONE', *, *, #872, .F. ) ;
#185 = FACE_BOUND ( 'NONE', #1576, .T. ) ;
#186 = ADVANCED_FACE ( 'NONE', ( #1472 ), #296, .T. ) ;
#187 = ORIENTED_EDGE ( 'NONE', *, *, #1878, .F. ) ;
#188 = FACE_OUTER_BOUND ( 'NONE', #576, .T. ) ;
#189 = ORIENTED_EDGE ( 'NONE', *, *, #1671, .F. ) ;
#190 = DIRECTION ( 'NONE',  ( 0.000000000000000000, -1.000000000000000000, 0.000000000000000000 ) ) ;
#191 = CIRCLE ( 'NONE', #1867, 4.099999999999999645 ) ;
#192 = CARTESIAN_POINT ( 'NONE',  ( 1.040834085586084257E-14, -11.08512516844081475, 1.500000000000000000 ) ) ;
#193 = CARTESIAN_POINT ( 'NONE',  ( -4.099999999999999645, 0.000000000000000000, 33.99999999999995737 ) ) ;
#194 = VERTEX_POINT ( 'NONE', #293 ) ;
#195 = CIRCLE ( 'NONE', #1479, 1.000000000000000888 ) ;
#196 = CARTESIAN_POINT ( 'NONE',  ( 6.938893903907228378E-15, -7.505553499465134948, 6.000000000000000000 ) ) ;
#197 = PLANE ( 'NONE',  #393 ) ;
#198 = ORIENTED_EDGE ( 'NONE', *, *, #1095, .F. ) ;
#199 = ADVANCED_FACE ( 'NONE', ( #1002 ), #197, .T. ) ;
#200 = VERTEX_POINT ( 'NONE', #1022 ) ;
#201 = LINE ( 'NONE', #785, #1207 ) ;
#202 = CARTESIAN_POINT ( 'NONE',  ( -10.59999999999999254, 5.542562584220404709, 1.500000000000000000 ) ) ;
#203 = DIRECTION ( 'NONE',  ( -1.224646799147353207E-16, 1.000000000000000000, 0.000000000000000000 ) ) ;
#204 = VERTEX_POINT ( 'NONE', #1821 ) ;
#205 = CARTESIAN_POINT ( 'NONE',  ( -10.59999999999999254, -6.119912853410034437, 0.000000000000000000 ) ) ;
#206 = CYLINDRICAL_SURFACE ( 'NONE', #1672, 3.200000000000000178 ) ;
#207 = LINE ( 'NONE', #1104, #1076 ) ;
#208 = LINE ( 'NONE', #1405, #282 ) ;
#209 = CARTESIAN_POINT ( 'NONE',  ( 6.938893903907228378E-15, -7.505553499465134948, 5.699999999999990408 ) ) ;
#210 = EDGE_CURVE ( 'NONE', #536, #308, #629, .T. ) ;
#211 = CIRCLE ( 'NONE', #1552, 3.200000000000000622 ) ;
#212 = EDGE_CURVE ( 'NONE', #788, #501, #223, .T. ) ;
#213 = VECTOR ( 'NONE', #861, 1000.000000000000114 ) ;
#214 = CARTESIAN_POINT ( 'NONE',  ( -0.4999999999999882871, -11.95115057222525756, 1.199999999999999067 ) ) ;
#215 = ORIENTED_EDGE ( 'NONE', *, *, #1129, .T. ) ;
#216 = LINE ( 'NONE', #1389, #1416 ) ;
#217 = ORIENTED_EDGE ( 'NONE', *, *, #963, .T. ) ;
#218 = VECTOR ( 'NONE', #563, 1000.000000000000227 ) ;
#219 = DIRECTION ( 'NONE',  ( -1.000000000000000000, 0.000000000000000000, 0.000000000000000000 ) ) ;
#220 = ORIENTED_EDGE ( 'NONE', *, *, #1596, .T. ) ;
#221 = CARTESIAN_POINT ( 'NONE',  ( 0.3470974015039801075, 12.03942892862671421, 1.199999999999999512 ) ) ;
#222 = ORIENTED_EDGE ( 'NONE', *, *, #1855, .T. ) ;
#223 = LINE ( 'NONE', #1703, #1465 ) ;
#224 = CARTESIAN_POINT ( 'NONE',  ( 3.372059531467585192, 4.575316894125124592E-16, 36.00000000000000000 ) ) ;
#225 = EDGE_CURVE ( 'NONE', #501, #716, #149, .T. ) ;
#226 = ORIENTED_EDGE ( 'NONE', *, *, #408, .F. ) ;
#227 = ADVANCED_FACE ( 'NONE', ( #1288 ), #1159, .T. ) ;
#228 = AXIS2_PLACEMENT_3D ( 'NONE', #1835, #1253, #1677 ) ;
#229 = DIRECTION ( 'NONE',  ( -0.000000000000000000, -0.000000000000000000, -1.000000000000000000 ) ) ;
#230 = CIRCLE ( 'NONE', #1148, 4.099999999999999645 ) ;
#231 = ORIENTED_EDGE ( 'NONE', *, *, #989, .F. ) ;
#232 = CARTESIAN_POINT ( 'NONE',  ( 9.699999999999997513, -5.600297611139368748, 5.699999999999990408 ) ) ;
#233 = CARTESIAN_POINT ( 'NONE',  ( 9.599999999999990763, -5.542562584220409150, 0.000000000000000000 ) ) ;
#234 = CARTESIAN_POINT ( 'NONE',  ( -6.499999999999996447, 3.752776749732562589, 1.499999999999999556 ) ) ;
#235 = DIRECTION ( 'NONE',  ( 0.8660254037844385966, -0.4999999999999998890, 0.000000000000000000 ) ) ;
#236 = DIRECTION ( 'NONE',  ( -1.000000000000000000, 0.000000000000000000, 0.000000000000000000 ) ) ;
#237 = FACE_OUTER_BOUND ( 'NONE', #1630, .T. ) ;
#238 = DIRECTION ( 'NONE',  ( 0.3535533905932712329, 0.6123724356957901405, 0.7071067811865525687 ) ) ;
#239 = CARTESIAN_POINT ( 'NONE',  ( -3.550000000000001155, 0.000000000000000000, 0.000000000000000000 ) ) ;
#240 = DIRECTION ( 'NONE',  ( -0.8660254037844383745, -0.5000000000000004441, 0.000000000000000000 ) ) ;
#241 = SURFACE_STYLE_FILL_AREA ( #1655 ) ;
#242 = EDGE_CURVE ( 'NONE', #24, #1624, #1849, .T. ) ;
#243 = DIRECTION ( 'NONE',  ( 0.6546536707079786410, -0.3779644730092286964, -0.6546536707079747552 ) ) ;
#244 = ORIENTED_EDGE ( 'NONE', *, *, #1378, .T. ) ;
#245 = LINE ( 'NONE', #822, #1568 ) ;
#246 = ORIENTED_EDGE ( 'NONE', *, *, #742, .T. ) ;
#247 = ORIENTED_EDGE ( 'NONE', *, *, #1790, .T. ) ;
#248 = DIRECTION ( 'NONE',  ( -1.000000000000000000, 0.000000000000000000, 0.000000000000000000 ) ) ;
#249 = DIRECTION ( 'NONE',  ( 1.000000000000000000, 0.000000000000000000, -0.000000000000000000 ) ) ;
#250 = VECTOR ( 'NONE', #516, 1000.000000000000000 ) ;
#251 = FACE_OUTER_BOUND ( 'NONE', #984, .T. ) ;
#252 = EDGE_CURVE ( 'NONE', #980, #1482, #735, .T. ) ;
#253 = APPLICATION_PROTOCOL_DEFINITION ( 'draft international standard', 'automotive_design', 1998, #541 ) ;
#254 = CARTESIAN_POINT ( 'NONE',  ( -10.09999999999999432, 6.408587988004842195, 0.000000000000000000 ) ) ;
#255 = ADVANCED_FACE ( 'NONE', ( #1147 ), #1634, .T. ) ;
#256 = FACE_OUTER_BOUND ( 'NONE', #1346, .T. ) ;
#257 = DIRECTION ( 'NONE',  ( 1.000000000000000000, 0.000000000000000000, 0.000000000000000000 ) ) ;
#258 = DIRECTION ( 'NONE',  ( 0.000000000000000000, 0.000000000000000000, -1.000000000000000000 ) ) ;
#259 = VERTEX_POINT ( 'NONE', #1557 ) ;
#260 = CARTESIAN_POINT ( 'NONE',  ( 10.37774704738296272, 6.195465182716419328, 1.245696239814093609 ) ) ;
#261 = AXIS2_PLACEMENT_3D ( 'NONE', #638, #1098, #1114 ) ;
#262 = EDGE_LOOP ( 'NONE', ( #851, #648, #1786, #808 ) ) ;
#263 = CIRCLE ( 'NONE', #871, 3.200000000000000178 ) ;
#264 = CARTESIAN_POINT ( 'NONE',  ( 7.949999999999993960, -6.264250420707432987, 6.000000000000000000 ) ) ;
#265 = ADVANCED_FACE ( 'NONE', ( #1298 ), #855, .F. ) ;
#266 = CARTESIAN_POINT ( 'NONE',  ( -6.499999999999996447, 3.752776749732562589, 5.699999999999990408 ) ) ;
#267 = VECTOR ( 'NONE', #15, 1000.000000000000114 ) ;
#268 = FACE_OUTER_BOUND ( 'NONE', #581, .T. ) ;
#269 = DIRECTION ( 'NONE',  ( -1.000000000000000000, 0.000000000000000000, 0.000000000000000000 ) ) ;
#270 = ORIENTED_EDGE ( 'NONE', *, *, #1569, .F. ) ;
#271 = DIRECTION ( 'NONE',  ( -1.000000000000000000, 0.000000000000000000, 0.000000000000000000 ) ) ;
#272 = FACE_OUTER_BOUND ( 'NONE', #642, .T. ) ;
#273 = VERTEX_POINT ( 'NONE', #530 ) ;
#274 = CARTESIAN_POINT ( 'NONE',  ( -9.399999999999986144, -3.752776749732571471, 6.000000000000000000 ) ) ;
#275 = PLANE ( 'NONE',  #145 ) ;
#276 = EDGE_LOOP ( 'NONE', ( #1102, #346, #1718, #896 ) ) ;
#277 = EDGE_CURVE ( 'NONE', #608, #1012, #1597, .T. ) ;
#278 = DIRECTION ( 'NONE',  ( -1.000000000000000000, 0.000000000000000000, 0.000000000000000000 ) ) ;
#279 = EDGE_CURVE ( 'NONE', #913, #204, #109, .T. ) ;
#280 = CARTESIAN_POINT ( 'NONE',  ( 0.5000000000000116573, -11.95115057222525401, 1.199999999999997735 ) ) ;
#281 = ORIENTED_EDGE ( 'NONE', *, *, #153, .F. ) ;
#282 = VECTOR ( 'NONE', #243, 1000.000000000000114 ) ;
#283 = CARTESIAN_POINT ( 'NONE',  ( -3.550000000000001155, 0.000000000000000000, 0.000000000000000000 ) ) ;
#284 = VECTOR ( 'NONE', #522, 1000.000000000000000 ) ;
#285 = ORIENTED_EDGE ( 'NONE', *, *, #389, .F. ) ;
#286 =( NAMED_UNIT ( * ) PLANE_ANGLE_UNIT ( ) SI_UNIT ( $, .RADIAN. ) );
#287 = VERTEX_POINT ( 'NONE', #1653 ) ;
#288 = ADVANCED_FACE ( 'NONE', ( #539 ), #178, .T. ) ;
#289 = FACE_OUTER_BOUND ( 'NONE', #1170, .T. ) ;
#290 = EDGE_LOOP ( 'NONE', ( #502, #39, #334, #1486 ) ) ;
#291 = CARTESIAN_POINT ( 'NONE',  ( 0.000000000000000000, 0.000000000000000000, 36.00000000000000000 ) ) ;
#292 = AXIS2_PLACEMENT_3D ( 'NONE', #939, #1619, #513 ) ;
#293 = CARTESIAN_POINT ( 'NONE',  ( 10.59999999999999076, 5.542562584220407373, 1.199999999999998401 ) ) ;
#294 = AXIS2_PLACEMENT_3D ( 'NONE', #1726, #1182, #415 ) ;
#295 = AXIS2_PLACEMENT_3D ( 'NONE', #1853, #995, #1301 ) ;
#296 = CYLINDRICAL_SURFACE ( 'NONE', #1554, 3.199999999999999734 ) ;
#297 = LINE ( 'NONE', #1327, #1488 ) ;
#298 = VECTOR ( 'NONE', #144, 1000.000000000000114 ) ;
#299 = LINE ( 'NONE', #205, #707 ) ;
#300 = PLANE ( 'NONE',  #868 ) ;
#301 = EDGE_CURVE ( 'NONE', #1338, #792, #110, .T. ) ;
#302 = DIRECTION ( 'NONE',  ( -1.000000000000000000, 0.000000000000000000, 0.000000000000000000 ) ) ;
#303 = DIRECTION ( 'NONE',  ( -1.000000000000000000, 0.000000000000000000, 0.000000000000000000 ) ) ;
#304 = DIRECTION ( 'NONE',  ( -1.000000000000000000, 0.000000000000000000, 0.000000000000000000 ) ) ;
#305 = ORIENTED_EDGE ( 'NONE', *, *, #1553, .F. ) ;
#306 = CARTESIAN_POINT ( 'NONE',  ( -1.449999999999989964, -10.01702717044000224, 6.000000000000000000 ) ) ;
#307 = ORIENTED_EDGE ( 'NONE', *, *, #1453, .T. ) ;
#308 = VERTEX_POINT ( 'NONE', #1333 ) ;
#309 = DIRECTION ( 'NONE',  ( -0.7071067811865444641, 0.000000000000000000, 0.7071067811865505703 ) ) ;
#310 = DIRECTION ( 'NONE',  ( 0.3535533905932751186, 0.6123724356957968018, 0.7071067811865447972 ) ) ;
#311 = EDGE_CURVE ( 'NONE', #536, #462, #1513, .T. ) ;
#312 = DIRECTION ( 'NONE',  ( 0.3535533905932731202, -0.6123724356957939152, 0.7071067811865482389 ) ) ;
#313 = AXIS2_PLACEMENT_3D ( 'NONE', #471, #163, #1209 ) ;
#314 = ADVANCED_FACE ( 'NONE', ( #765 ), #1255, .T. ) ;
#315 = ORIENTED_EDGE ( 'NONE', *, *, #1100, .F. ) ;
#316 = AXIS2_PLACEMENT_3D ( 'NONE', #1490, #771, #1794 ) ;
#317 = DIRECTION ( 'NONE',  ( 0.000000000000000000, 0.000000000000000000, -1.000000000000000000 ) ) ;
#318 = ORIENTED_EDGE ( 'NONE', *, *, #946, .T. ) ;
#319 = ORIENTED_EDGE ( 'NONE', *, *, #210, .T. ) ;
#320 = ORIENTED_EDGE ( 'NONE', *, *, #609, .T. ) ;
#321 = CIRCLE ( 'NONE', #1214, 2.899999999999992362 ) ;
#322 = EDGE_CURVE ( 'NONE', #891, #1526, #22, .T. ) ;
#323 = CARTESIAN_POINT ( 'NONE',  ( -9.599999999999994316, -5.542562584220408262, 0.000000000000000000 ) ) ;
#324 = CIRCLE ( 'NONE', #1092, 5.049999999999999822 ) ;
#325 = CARTESIAN_POINT ( 'NONE',  ( -10.09999999999999609, 6.408587988004841307, 1.199999999999997957 ) ) ;
#326 = VERTEX_POINT ( 'NONE', #977 ) ;
#327 = EDGE_LOOP ( 'NONE', ( #1382, #1515, #1770, #721, #438 ) ) ;
#328 = FACE_OUTER_BOUND ( 'NONE', #394, .T. ) ;
#329 = CARTESIAN_POINT ( 'NONE',  ( -10.09999999999999432, 6.408587988004842195, 1.500000000000000000 ) ) ;
#330 = DIRECTION ( 'NONE',  ( -1.000000000000000000, 0.000000000000000000, 0.000000000000000000 ) ) ;
#331 = CARTESIAN_POINT ( 'NONE',  ( 8.510987054011209807E-15, -12.23982570682006887, 0.000000000000000000 ) ) ;
#332 = EDGE_CURVE ( 'NONE', #1344, #1508, #1204, .T. ) ;
#333 = ORIENTED_EDGE ( 'NONE', *, *, #1044, .F. ) ;
#334 = ORIENTED_EDGE ( 'NONE', *, *, #357, .T. ) ;
#335 = ADVANCED_FACE ( 'NONE', ( #1409 ), #275, .T. ) ;
#336 = CARTESIAN_POINT ( 'NONE',  ( 3.250000000000000444, 3.980102097228898231E-16, 17.03604719043194748 ) ) ;
#337 = LINE ( 'NONE', #917, #1571 ) ;
#338 = DIRECTION ( 'NONE',  ( 0.000000000000000000, 0.000000000000000000, -1.000000000000000000 ) ) ;
#339 = PLANE ( 'NONE',  #597 ) ;
#340 = CARTESIAN_POINT ( 'NONE',  ( 0.000000000000000000, 0.000000000000000000, 36.00000000000000000 ) ) ;
#341 = ORIENTED_EDGE ( 'NONE', *, *, #1564, .F. ) ;
#342 = ORIENTED_EDGE ( 'NONE', *, *, #157, .T. ) ;
#343 = FACE_OUTER_BOUND ( 'NONE', #1716, .T. ) ;
#344 = CIRCLE ( 'NONE', #543, 5.049999999999999822 ) ;
#345 = LINE ( 'NONE', #331, #674 ) ;
#346 = ORIENTED_EDGE ( 'NONE', *, *, #389, .T. ) ;
#347 = CARTESIAN_POINT ( 'NONE',  ( 0.000000000000000000, 0.000000000000000000, 21.74747741945470736 ) ) ;
#348 = CONICAL_SURFACE ( 'NONE', #1415, 2.899999999999991918, 0.7853981633974460586 ) ;
#349 = DIRECTION ( 'NONE',  ( -1.000000000000000000, 0.000000000000000000, 0.000000000000000000 ) ) ;
#350 = EDGE_CURVE ( 'NONE', #1289, #461, #1846, .T. ) ;
#351 = EDGE_LOOP ( 'NONE', ( #1245, #104, #281, #1504 ) ) ;
#352 = VERTEX_POINT ( 'NONE', #919 ) ;
#353 = AXIS2_PLACEMENT_3D ( 'NONE', #410, #713, #572 ) ;
#354 = FACE_OUTER_BOUND ( 'NONE', #443, .T. ) ;
#355 = CIRCLE ( 'NONE', #228, 7.049999999999999822 ) ;
#356 = DIRECTION ( 'NONE',  ( 0.000000000000000000, 0.000000000000000000, 1.000000000000000000 ) ) ;
#357 = EDGE_CURVE ( 'NONE', #761, #1161, #1828, .T. ) ;
#358 = DIRECTION ( 'NONE',  ( -0.8660254037844382635, -0.5000000000000006661, 0.000000000000000000 ) ) ;
#359 = CARTESIAN_POINT ( 'NONE',  ( 0.000000000000000000, 0.000000000000000000, 19.13737387097278386 ) ) ;
#360 = EDGE_CURVE ( 'NONE', #757, #1354, #1228, .T. ) ;
#361 = DIRECTION ( 'NONE',  ( 0.000000000000000000, 1.000000000000000000, 0.000000000000000000 ) ) ;
#362 = CARTESIAN_POINT ( 'NONE',  ( 1.449999999999991740, 10.01702717043999513, 6.000000000000000000 ) ) ;
#363 = CARTESIAN_POINT ( 'NONE',  ( -10.59999999999999254, -5.542562584220407373, 1.199999999999998401 ) ) ;
#364 = ORIENTED_EDGE ( 'NONE', *, *, #1761, .T. ) ;
#365 = CARTESIAN_POINT ( 'NONE',  ( 0.000000000000000000, 0.000000000000000000, 36.00000000000000000 ) ) ;
#366 = CARTESIAN_POINT ( 'NONE',  ( -3.469446951953614189E-15, 11.08512516844081119, 1.500000000000000000 ) ) ;
#367 = ORIENTED_EDGE ( 'NONE', *, *, #963, .F. ) ;
#368 = EDGE_CURVE ( 'NONE', #1168, #820, #827, .T. ) ;
#369 = VERTEX_POINT ( 'NONE', #1544 ) ;
#370 = VECTOR ( 'NONE', #1249, 999.9999999999998863 ) ;
#371 = VECTOR ( 'NONE', #465, 1000.000000000000000 ) ;
#372 = DIRECTION ( 'NONE',  ( 0.3535533905932752852, -0.6123724356957962467, 0.7071067811865453523 ) ) ;
#373 = DIRECTION ( 'NONE',  ( -0.5000000000000004441, 0.8660254037844383745, 0.000000000000000000 ) ) ;
#374 = ORIENTED_EDGE ( 'NONE', *, *, #895, .F. ) ;
#375 = EDGE_CURVE ( 'NONE', #1797, #1810, #673, .T. ) ;
#376 = DIRECTION ( 'NONE',  ( 0.8660254037844387076, -0.4999999999999998890, 0.000000000000000000 ) ) ;
#377 = ORIENTED_EDGE ( 'NONE', *, *, #1072, .F. ) ;
#378 = DIRECTION ( 'NONE',  ( -0.000000000000000000, -0.000000000000000000, -1.000000000000000000 ) ) ;
#379 = DIRECTION ( 'NONE',  ( -1.000000000000000000, 0.000000000000000000, 0.000000000000000000 ) ) ;
#380 = AXIS2_PLACEMENT_3D ( 'NONE', #1067, #1801, #1227 ) ;
#381 = CARTESIAN_POINT ( 'NONE',  ( 10.25290259849600361, 6.320309631603378442, 1.199999999999998401 ) ) ;
#382 = DIRECTION ( 'NONE',  ( -1.000000000000000000, 0.000000000000000000, 0.000000000000000000 ) ) ;
#383 = PLANE ( 'NONE',  #82 ) ;
#384 = DIRECTION ( 'NONE',  ( -0.3535533905932727317, -0.6123724356957928050, 0.7071067811865494601 ) ) ;
#386 = CARTESIAN_POINT ( 'NONE',  ( 10.29999999999998828, 6.119912853410031772, 1.500000000000000000 ) ) ;
#385 = CARTESIAN_POINT ( 'NONE',  ( 0.000000000000000000, 0.000000000000000000, 0.000000000000000000 ) ) ;
#387 = LINE ( 'NONE', #453, #472 ) ;
#388 = EDGE_LOOP ( 'NONE', ( #217, #318, #469, #1162 ) ) ;
#389 = EDGE_CURVE ( 'NONE', #1780, #352, #400, .T. ) ;
#390 = CARTESIAN_POINT ( 'NONE',  ( 0.000000000000000000, 0.000000000000000000, 0.000000000000000000 ) ) ;
#391 = ORIENTED_EDGE ( 'NONE', *, *, #16, .T. ) ;
#392 = PLANE ( 'NONE',  #436 ) ;
#393 = AXIS2_PLACEMENT_3D ( 'NONE', #340, #1682, #398 ) ;
#394 = EDGE_LOOP ( 'NONE', ( #1495, #850, #537, #171 ) ) ;
#395 = AXIS2_PLACEMENT_3D ( 'NONE', #766, #1475, #937 ) ;
#396 = ORIENTED_EDGE ( 'NONE', *, *, #599, .T. ) ;
#397 = EDGE_CURVE ( 'NONE', #1758, #352, #70, .T. ) ;
#398 = DIRECTION ( 'NONE',  ( 1.000000000000000000, 0.000000000000000000, -0.000000000000000000 ) ) ;
#399 = PLANE ( 'NONE',  #1706 ) ;
#400 = CIRCLE ( 'NONE', #496, 3.200000000000000178 ) ;
#401 = CONICAL_SURFACE ( 'NONE', #830, 2.899999999999992362, 0.7853981633974456145 ) ;
#402 = DIRECTION ( 'NONE',  ( -1.000000000000000000, 0.000000000000000000, 0.000000000000000000 ) ) ;
#403 = CARTESIAN_POINT ( 'NONE',  ( 0.5000000000000116573, -11.95115057222525401, 1.199999999999997735 ) ) ;
#404 = VECTOR ( 'NONE', #794, 1000.000000000000000 ) ;
#405 = ORIENTED_EDGE ( 'NONE', *, *, #1378, .F. ) ;
#406 = VECTOR ( 'NONE', #882, 999.9999999999998863 ) ;
#407 = FACE_OUTER_BOUND ( 'NONE', #504, .T. ) ;
#408 = EDGE_CURVE ( 'NONE', #1637, #1810, #1582, .T. ) ;
#409 = CARTESIAN_POINT ( 'NONE',  ( 10.59999999999999076, -6.119912853410035325, 1.199999999999998401 ) ) ;
#410 = CARTESIAN_POINT ( 'NONE',  ( -4.933119884809045175E-15, 11.20059522227873750, 6.000000000000000000 ) ) ;
#411 = VECTOR ( 'NONE', #434, 1000.000000000000000 ) ;
#412 = ADVANCED_FACE ( 'NONE', ( #289 ), #870, .F. ) ;
#413 = ORIENTED_EDGE ( 'NONE', *, *, #1048, .F. ) ;
#414 = CARTESIAN_POINT ( 'NONE',  ( -8.099999999999990763, -6.524058041842774713, 6.000000000000000000 ) ) ;
#415 = DIRECTION ( 'NONE',  ( -0.8660254037844382635, -0.5000000000000004441, 0.000000000000000000 ) ) ;
#416 = ORIENTED_EDGE ( 'NONE', *, *, #1569, .T. ) ;
#417 = VERTEX_POINT ( 'NONE', #1041 ) ;
#418 = FACE_OUTER_BOUND ( 'NONE', #1523, .T. ) ;
#419 = CARTESIAN_POINT ( 'NONE',  ( -10.59999999999999254, -6.119912853410035325, 1.199999999999999067 ) ) ;
#420 = CARTESIAN_POINT ( 'NONE',  ( 7.897669687337857588E-15, -12.23982570682006887, 1.199999999999998179 ) ) ;
#421 = VERTEX_POINT ( 'NONE', #746 ) ;
#422 = VERTEX_POINT ( 'NONE', #193 ) ;
#423 = EDGE_CURVE ( 'NONE', #454, #462, #1073, .T. ) ;
#424 = ORIENTED_EDGE ( 'NONE', *, *, #793, .F. ) ;
#425 = CARTESIAN_POINT ( 'NONE',  ( 9.699999999999992184, 3.752776749732567474, 6.000000000000000000 ) ) ;
#426 = ORIENTED_EDGE ( 'NONE', *, *, #301, .F. ) ;
#427 = VECTOR ( 'NONE', #1841, 1000.000000000000000 ) ;
#428 = PRODUCT ( 'hexholder_v2_19.4mm', 'hexholder_v2_19.4mm', '', ( #1278 ) ) ;
#429 = DIRECTION ( 'NONE',  ( 0.000000000000000000, 0.000000000000000000, -1.000000000000000000 ) ) ;
#430 = FACE_OUTER_BOUND ( 'NONE', #1528, .T. ) ;
#431 = VECTOR ( 'NONE', #856, 1000.000000000000000 ) ;
#432 = DIRECTION ( 'NONE',  ( 0.000000000000000000, 0.000000000000000000, -1.000000000000000000 ) ) ;
#433 = EDGE_CURVE ( 'NONE', #926, #891, #1636, .T. ) ;
#434 = DIRECTION ( 'NONE',  ( -0.000000000000000000, -0.000000000000000000, 1.000000000000000000 ) ) ;
#435 = ORIENTED_EDGE ( 'NONE', *, *, #1367, .T. ) ;
#436 = AXIS2_PLACEMENT_3D ( 'NONE', #1887, #549, #1350 ) ;
#437 = VECTOR ( 'NONE', #128, 1000.000000000000227 ) ;
#438 = ORIENTED_EDGE ( 'NONE', *, *, #130, .F. ) ;
#439 = ORIENTED_EDGE ( 'NONE', *, *, #357, .F. ) ;
#440 = DIRECTION ( 'NONE',  ( -1.000000000000000000, 0.000000000000000000, 0.000000000000000000 ) ) ;
#441 = FACE_OUTER_BOUND ( 'NONE', #842, .T. ) ;
#442 = VERTEX_POINT ( 'NONE', #336 ) ;
#443 = EDGE_LOOP ( 'NONE', ( #990, #341, #1823, #1349 ) ) ;
#444 = PLANE ( 'NONE',  #1387 ) ;
#445 = EDGE_CURVE ( 'NONE', #461, #501, #1501, .T. ) ;
#446 = ORIENTED_EDGE ( 'NONE', *, *, #621, .F. ) ;
#447 = CARTESIAN_POINT ( 'NONE',  ( -10.46602540378443180, -6.042562584220409150, 1.333974596215559583 ) ) ;
#448 = CARTESIAN_POINT ( 'NONE',  ( -3.250000000000000444, 0.000000000000000000, 17.03604719043194748 ) ) ;
#449 = VERTEX_POINT ( 'NONE', #1489 ) ;
#450 = DIRECTION ( 'NONE',  ( -1.000000000000000000, 0.000000000000000000, 0.000000000000000000 ) ) ;
#451 = DIRECTION ( 'NONE',  ( -0.000000000000000000, -0.000000000000000000, 1.000000000000000000 ) ) ;
#452 = DIRECTION ( 'NONE',  ( -0.000000000000000000, -0.000000000000000000, -1.000000000000000000 ) ) ;
#453 = CARTESIAN_POINT ( 'NONE',  ( -4.292043858678264657E-15, 12.23982570682006354, 1.199999999999997957 ) ) ;
#454 = VERTEX_POINT ( 'NONE', #181 ) ;
#455 = LINE ( 'NONE', #632, #1449 ) ;
#456 = CARTESIAN_POINT ( 'NONE',  ( -10.09999999999999609, -6.408587988004846636, 1.500000000000000000 ) ) ;
#457 = EDGE_CURVE ( 'NONE', #1161, #761, #573, .T. ) ;
#458 =( LENGTH_UNIT ( ) NAMED_UNIT ( * ) SI_UNIT ( .MILLI., .METRE. ) );
#459 = ORIENTED_EDGE ( 'NONE', *, *, #1321, .F. ) ;
#460 = DIRECTION ( 'NONE',  ( -1.000000000000000000, 2.691812290308845586E-15, 0.000000000000000000 ) ) ;
#461 = VERTEX_POINT ( 'NONE', #624 ) ;
#462 = VERTEX_POINT ( 'NONE', #1234 ) ;
#463 = CIRCLE ( 'NONE', #1079, 2.000000000000000000 ) ;
#464 = CARTESIAN_POINT ( 'NONE',  ( 5.049999999999999822, 6.184466335694133068E-16, 19.13737387097278386 ) ) ;
#465 = DIRECTION ( 'NONE',  ( -0.000000000000000000, -0.000000000000000000, 1.000000000000000000 ) ) ;
#466 = ORIENTED_EDGE ( 'NONE', *, *, #1058, .F. ) ;
#467 = ADVANCED_FACE ( 'NONE', ( #1793 ), #206, .T. ) ;
#468 = VECTOR ( 'NONE', #750, 1000.000000000000114 ) ;
#469 = ORIENTED_EDGE ( 'NONE', *, *, #90, .T. ) ;
#470 = CARTESIAN_POINT ( 'NONE',  ( 10.46602540378443003, 6.042562584220403821, 1.333974596215560027 ) ) ;
#471 = CARTESIAN_POINT ( 'NONE',  ( 0.000000000000000000, 0.000000000000000000, 8.000000000000000000 ) ) ;
#472 = VECTOR ( 'NONE', #1039, 1000.000000000000114 ) ;
#473 = CARTESIAN_POINT ( 'NONE',  ( -5.204170427930421283E-15, 7.505553499465130507, 5.699999999999990408 ) ) ;
#474 = UNCERTAINTY_MEASURE_WITH_UNIT (LENGTH_MEASURE( 1.000000000000000082E-05 ), #458, 'distance_accuracy_value', 'NONE');
#475 = CARTESIAN_POINT ( 'NONE',  ( 1.449999999999993294, 10.01702717043999868, 6.000000000000000000 ) ) ;
#476 = ADVANCED_FACE ( 'NONE', ( #506 ), #1527, .T. ) ;
#477 = AXIS2_PLACEMENT_3D ( 'NONE', #779, #1051, #164 ) ;
#478 = VECTOR ( 'NONE', #309, 1000.000000000000000 ) ;
#479 = CARTESIAN_POINT ( 'NONE',  ( 9.399999999999986144, 3.752776749732567474, 6.000000000000000000 ) ) ;
#480 = CARTESIAN_POINT ( 'NONE',  ( 9.599999999999990763, 5.542562584220407373, 1.500000000000000000 ) ) ;
#481 = ORIENTED_EDGE ( 'NONE', *, *, #649, .T. ) ;
#482 = ORIENTED_EDGE ( 'NONE', *, *, #16, .F. ) ;
#483 = ORIENTED_EDGE ( 'NONE', *, *, #631, .F. ) ;
#484 = VERTEX_POINT ( 'NONE', #362 ) ;
#485 = ORIENTED_EDGE ( 'NONE', *, *, #1690, .F. ) ;
#486 = LINE ( 'NONE', #1070, #1837 ) ;
#487 = EDGE_CURVE ( 'NONE', #204, #883, #950, .T. ) ;
#488 = DIRECTION ( 'NONE',  ( -1.000000000000000000, 0.000000000000000000, 0.000000000000000000 ) ) ;
#489 = PLANE ( 'NONE',  #1809 ) ;
#490 = VERTEX_POINT ( 'NONE', #1356 ) ;
#491 = ORIENTED_EDGE ( 'NONE', *, *, #838, .T. ) ;
#492 = CARTESIAN_POINT ( 'NONE',  ( 3.250000000000000444, 3.980102097228898231E-16, 17.00000000000000000 ) ) ;
#493 = ORIENTED_EDGE ( 'NONE', *, *, #1243, .F. ) ;
#494 = VERTEX_POINT ( 'NONE', #1401 ) ;
#495 = EDGE_CURVE ( 'NONE', #116, #820, #463, .T. ) ;
#496 = AXIS2_PLACEMENT_3D ( 'NONE', #1266, #1825, #1844 ) ;
#497 = ORIENTED_EDGE ( 'NONE', *, *, #1108, .T. ) ;
#498 = EDGE_CURVE ( 'NONE', #1508, #1538, #1110, .T. ) ;
#499 = EDGE_LOOP ( 'NONE', ( #1383, #1373, #333, #1471, #681 ) ) ;
#500 = LINE ( 'NONE', #1817, #555 ) ;
#501 = VERTEX_POINT ( 'NONE', #579 ) ;
#502 = ORIENTED_EDGE ( 'NONE', *, *, #661, .T. ) ;
#503 = CONICAL_SURFACE ( 'NONE', #1505, 2.899999999999992806, 0.7853981633974447263 ) ;
#504 = EDGE_LOOP ( 'NONE', ( #1787, #1870, #1277, #1785 ) ) ;
#505 = FACE_OUTER_BOUND ( 'NONE', #1397, .T. ) ;
#506 = FACE_OUTER_BOUND ( 'NONE', #351, .T. ) ;
#507 = ADVANCED_FACE ( 'NONE', ( #13 ), #174, .T. ) ;
#508 = ORIENTED_EDGE ( 'NONE', *, *, #1518, .F. ) ;
#509 = CARTESIAN_POINT ( 'NONE',  ( 8.099999999999990763, 6.524058041842770272, 6.000000000000000000 ) ) ;
#510 = VECTOR ( 'NONE', #156, 1000.000000000000000 ) ;
#511 = EDGE_CURVE ( 'NONE', #194, #757, #1417, .T. ) ;
#512 = CARTESIAN_POINT ( 'NONE',  ( 0.1765567128029265076, 12.08512516844081119, 1.245696239814094053 ) ) ;
#513 = DIRECTION ( 'NONE',  ( -1.000000000000000000, 0.000000000000000000, 0.000000000000000000 ) ) ;
#514 = CARTESIAN_POINT ( 'NONE',  ( 6.499999999999991118, 3.752776749732566142, 6.000000000000000000 ) ) ;
#515 = DIRECTION ( 'NONE',  ( -0.000000000000000000, -0.000000000000000000, 1.000000000000000000 ) ) ;
#516 = DIRECTION ( 'NONE',  ( -0.000000000000000000, -0.000000000000000000, 1.000000000000000000 ) ) ;
#517 = EDGE_CURVE ( 'NONE', #442, #761, #1299, .T. ) ;
#518 = DIRECTION ( 'NONE',  ( 0.3535533905932729537, -0.6123724356957921389, 0.7071067811865500152 ) ) ;
#519 = LINE ( 'NONE', #948, #1116 ) ;
#520 = VECTOR ( 'NONE', #1622, 1000.000000000000000 ) ;
#521 = DIRECTION ( 'NONE',  ( -1.000000000000000000, 0.000000000000000000, 0.000000000000000000 ) ) ;
#522 = DIRECTION ( 'NONE',  ( -0.000000000000000000, -0.000000000000000000, 1.000000000000000000 ) ) ;
#523 = EDGE_CURVE ( 'NONE', #1533, #1036, #201, .T. ) ;
#524 = CONICAL_SURFACE ( 'NONE', #802, 3.312435565298239570, 1.047197551196600962 ) ;
#525 = FACE_OUTER_BOUND ( 'NONE', #1602, .T. ) ;
#526 = AXIS2_PLACEMENT_3D ( 'NONE', #1307, #1163, #302 ) ;
#527 = DIRECTION ( 'NONE',  ( 0.000000000000000000, -1.000000000000000000, 0.000000000000000000 ) ) ;
#528 = ORIENTED_EDGE ( 'NONE', *, *, #242, .T. ) ;
#529 = CARTESIAN_POINT ( 'NONE',  ( 2.099999999999999645, 2.571758278209440971E-16, 36.00000000000000000 ) ) ;
#530 = CARTESIAN_POINT ( 'NONE',  ( 10.09999999999998899, 6.408587988004845748, 0.000000000000000000 ) ) ;
#531 = FACE_OUTER_BOUND ( 'NONE', #1146, .T. ) ;
#532 = CARTESIAN_POINT ( 'NONE',  ( 7.949999999999986855, 6.264250420707432987, 6.000000000000000000 ) ) ;
#533 = ORIENTED_EDGE ( 'NONE', *, *, #682, .T. ) ;
#534 = ADVANCED_FACE ( 'NONE', ( #328 ), #1829, .T. ) ;
#535 = ORIENTED_EDGE ( 'NONE', *, *, #1875, .F. ) ;
#536 = VERTEX_POINT ( 'NONE', #824 ) ;
#537 = ORIENTED_EDGE ( 'NONE', *, *, #242, .F. ) ;
#538 = CARTESIAN_POINT ( 'NONE',  ( -9.699999999999995737, -3.004629197474317668E-15, 1.500000000000000000 ) ) ;
#539 = FACE_OUTER_BOUND ( 'NONE', #884, .T. ) ;
#540 = CARTESIAN_POINT ( 'NONE',  ( -5.204170427930421283E-15, 7.505553499465130507, 6.000000000000000000 ) ) ;
#541 = APPLICATION_CONTEXT ( 'automotive_design' ) ;
#542 =( BOUNDED_CURVE ( )  B_SPLINE_CURVE ( 3, ( #604, #645, #1061, #1222 ),
 .UNSPECIFIED., .F., .T. ) 
 B_SPLINE_CURVE_WITH_KNOTS ( ( 4, 4 ),
 ( 5.759586531581286195, 6.283185307179586232 ),
 .UNSPECIFIED. ) 
 CURVE ( )  GEOMETRIC_REPRESENTATION_ITEM ( )  RATIONAL_B_SPLINE_CURVE ( ( 1.000000000000000000, 0.9772838841927120601, 0.9772838841927120601, 1.000000000000000000 ) ) 
 REPRESENTATION_ITEM ( '' )  );
#543 = AXIS2_PLACEMENT_3D ( 'NONE', #359, #966, #219 ) ;
#544 = LINE ( 'NONE', #1218, #1838 ) ;
#545 = DIRECTION ( 'NONE',  ( -1.000000000000000000, 0.000000000000000000, 0.000000000000000000 ) ) ;
#546 = EDGE_CURVE ( 'NONE', #762, #1496, #880, .T. ) ;
#547 = EDGE_CURVE ( 'NONE', #454, #369, #1818, .T. ) ;
#548 = VECTOR ( 'NONE', #69, 1000.000000000000000 ) ;
#549 = DIRECTION ( 'NONE',  ( -0.7071067811865454633, 0.000000000000000000, 0.7071067811865495711 ) ) ;
#550 = CARTESIAN_POINT ( 'NONE',  ( 10.59999999999999076, 5.719119297023339321, 1.199999999999999289 ) ) ;
#551 = AXIS2_PLACEMENT_3D ( 'NONE', #727, #1512, #1244 ) ;
#552 = CARTESIAN_POINT ( 'NONE',  ( 0.000000000000000000, 0.000000000000000000, 19.13737387097278386 ) ) ;
#553 = EDGE_LOOP ( 'NONE', ( #172, #1663, #811, #189 ) ) ;
#554 = ADVANCED_FACE ( 'NONE', ( #1684 ), #1264, .T. ) ;
#555 = VECTOR ( 'NONE', #53, 1000.000000000000114 ) ;
#556 = CIRCLE ( 'NONE', #295, 2.099999999999999645 ) ;
#557 = CARTESIAN_POINT ( 'NONE',  ( 10.09999999999999432, -6.408587988004847524, 1.199999999999997735 ) ) ;
#558 = DIRECTION ( 'NONE',  ( -3.097555873684865176E-16, 1.000000000000000000, 0.000000000000000000 ) ) ;
#559 = EDGE_CURVE ( 'NONE', #494, #442, #846, .T. ) ;
#560 = CIRCLE ( 'NONE', #1623, 2.000000000000000000 ) ;
#561 = CARTESIAN_POINT ( 'NONE',  ( 9.699999999999997513, -3.752776749732565253, 6.000000000000000000 ) ) ;
#562 = DIRECTION ( 'NONE',  ( -0.5000000000000005551, 0.8660254037844383745, 0.000000000000000000 ) ) ;
#563 = DIRECTION ( 'NONE',  ( -0.6546536707079787520, -0.3779644730092281413, -0.6546536707079748663 ) ) ;
#564 = DIRECTION ( 'NONE',  ( -1.000000000000000000, 0.000000000000000000, -0.000000000000000000 ) ) ;
#565 = ADVANCED_FACE ( 'NONE', ( #968 ), #383, .T. ) ;
#566 = CARTESIAN_POINT ( 'NONE',  ( -9.699999999999993960, -3.752776749732571471, 6.000000000000000000 ) ) ;
#567 = DIRECTION ( 'NONE',  ( -1.000000000000000000, 0.000000000000000000, 0.000000000000000000 ) ) ;
#568 = AXIS2_PLACEMENT_3D ( 'NONE', #148, #810, #1645 ) ;
#569 = VERTEX_POINT ( 'NONE', #1413 ) ;
#570 = DIRECTION ( 'NONE',  ( 0.000000000000000000, 0.000000000000000000, -1.000000000000000000 ) ) ;
#571 = DIRECTION ( 'NONE',  ( -0.8660254037844385966, 0.5000000000000001110, 0.000000000000000000 ) ) ;
#572 = DIRECTION ( 'NONE',  ( -0.8660254037844385966, 0.5000000000000000000, 0.000000000000000000 ) ) ;
#573 = CIRCLE ( 'NONE', #1759, 3.250000000000000444 ) ;
#574 = ADVANCED_FACE ( 'NONE', ( #1836 ), #348, .T. ) ;
#575 = DIRECTION ( 'NONE',  ( 0.000000000000000000, 1.000000000000000000, 0.000000000000000000 ) ) ;
#576 = EDGE_LOOP ( 'NONE', ( #1613, #1037, #137, #405, #829, #852 ) ) ;
#577 = ORIENTED_EDGE ( 'NONE', *, *, #1689, .T. ) ;
#578 = LINE ( 'NONE', #566, #411 ) ;
#579 = CARTESIAN_POINT ( 'NONE',  ( -9.699999999999997513, 3.752776749732561701, 5.699999999999990408 ) ) ;
#580 = EDGE_CURVE ( 'NONE', #24, #913, #1421, .T. ) ;
#581 = EDGE_LOOP ( 'NONE', ( #1777, #491, #75, #1747 ) ) ;
#582 = APPLICATION_CONTEXT ( 'automotive_design' ) ;
#583 = DIRECTION ( 'NONE',  ( 0.000000000000000000, 0.000000000000000000, -1.000000000000000000 ) ) ;
#584 = ORIENTED_EDGE ( 'NONE', *, *, #1019, .T. ) ;
#585 = CIRCLE ( 'NONE', #1765, 3.200000000000000178 ) ;
#586 = CARTESIAN_POINT ( 'NONE',  ( -6.499999999999996447, 3.752776749732562589, 6.000000000000000000 ) ) ;
#587 = CIRCLE ( 'NONE', #1310, 1.000000000000000888 ) ;
#588 = CARTESIAN_POINT ( 'NONE',  ( 7.633969184175435867E-15, -12.08512516844081475, 1.333974596215560249 ) ) ;
#589 = VERTEX_POINT ( 'NONE', #1024 ) ;
#590 = CARTESIAN_POINT ( 'NONE',  ( 8.510987054011209807E-15, -12.23982570682006887, 1.500000000000000000 ) ) ;
#591 = ADVANCED_FACE ( 'NONE', ( #430 ), #1335, .T. ) ;
#592 = EDGE_LOOP ( 'NONE', ( #426, #1167, #19, #689 ) ) ;
#593 = VERTEX_POINT ( 'NONE', #283 ) ;
#594 = EDGE_LOOP ( 'NONE', ( #1673, #938, #1487, #1591 ) ) ;
#595 = CARTESIAN_POINT ( 'NONE',  ( 10.59999999999999254, -5.719119297023341986, 1.199999999999999512 ) ) ;
#596 = ORIENTED_EDGE ( 'NONE', *, *, #956, .T. ) ;
#597 = AXIS2_PLACEMENT_3D ( 'NONE', #1715, #1020, #606 ) ;
#598 = DIRECTION ( 'NONE',  ( -0.8660254037844383745, -0.5000000000000004441, 0.000000000000000000 ) ) ;
#599 = EDGE_CURVE ( 'NONE', #1538, #200, #1015, .T. ) ;
#600 = ORIENTED_EDGE ( 'NONE', *, *, #1806, .F. ) ;
#601 = ORIENTED_EDGE ( 'NONE', *, *, #167, .F. ) ;
#602 = LINE ( 'NONE', #1370, #1652 ) ;
#603 = ORIENTED_EDGE ( 'NONE', *, *, #311, .T. ) ;
#604 = CARTESIAN_POINT ( 'NONE',  ( -10.46602540378443180, 6.042562584220404709, 1.333974596215558917 ) ) ;
#605 = AXIS2_PLACEMENT_3D ( 'NONE', #586, #1749, #1324 ) ;
#606 = DIRECTION ( 'NONE',  ( 0.8660254037844382635, 0.5000000000000005551, 0.000000000000000000 ) ) ;
#607 = VECTOR ( 'NONE', #958, 999.9999999999998863 ) ;
#608 = VERTEX_POINT ( 'NONE', #140 ) ;
#609 = EDGE_CURVE ( 'NONE', #422, #943, #1470, .T. ) ;
#610 = DIRECTION ( 'NONE',  ( 0.8660254037844385966, -0.4999999999999998890, 0.000000000000000000 ) ) ;
#611 = AXIS2_PLACEMENT_3D ( 'NONE', #678, #570, #564 ) ;
#612 = VECTOR ( 'NONE', #1230, 1000.000000000000000 ) ;
#613 = VERTEX_POINT ( 'NONE', #1334 ) ;
#614 = AXIS2_PLACEMENT_3D ( 'NONE', #1229, #76, #1260 ) ;
#615 = ORIENTED_EDGE ( 'NONE', *, *, #907, .F. ) ;
#616 = ORIENTED_EDGE ( 'NONE', *, *, #872, .T. ) ;
#617 = ORIENTED_EDGE ( 'NONE', *, *, #1329, .F. ) ;
#618 = DIRECTION ( 'NONE',  ( 0.000000000000000000, 0.000000000000000000, -1.000000000000000000 ) ) ;
#619 = ADVANCED_FACE ( 'NONE', ( #1319 ), #401, .T. ) ;
#620 = CARTESIAN_POINT ( 'NONE',  ( 5.049999999999999822, 6.184466335694133068E-16, 19.00000000000000000 ) ) ;
#621 = EDGE_CURVE ( 'NONE', #490, #1047, #1186, .T. ) ;
#622 = VERTEX_POINT ( 'NONE', #1174 ) ;
#623 = EDGE_LOOP ( 'NONE', ( #1485, #1276, #751, #667, #1500, #244 ) ) ;
#624 = CARTESIAN_POINT ( 'NONE',  ( -9.699999999999993960, -3.752776749732571471, 5.699999999999990408 ) ) ;
#625 = DIRECTION ( 'NONE',  ( 0.000000000000000000, 0.000000000000000000, -1.000000000000000000 ) ) ;
#626 = FACE_OUTER_BOUND ( 'NONE', #804, .T. ) ;
#627 = FACE_OUTER_BOUND ( 'NONE', #909, .T. ) ;
#628 = VERTEX_POINT ( 'NONE', #448 ) ;
#629 = CIRCLE ( 'NONE', #1691, 3.200000000000000178 ) ;
#630 = CARTESIAN_POINT ( 'NONE',  ( 8.510987054011209807E-15, -12.23982570682006887, 1.199999999999998401 ) ) ;
#631 = EDGE_CURVE ( 'NONE', #1533, #287, #1463, .T. ) ;
#632 = CARTESIAN_POINT ( 'NONE',  ( 3.372059531467585192, 4.129581911746101798E-16, 36.00000000000000000 ) ) ;
#633 = AXIS2_PLACEMENT_3D ( 'NONE', #1399, #562, #1617 ) ;
#634 = DIRECTION ( 'NONE',  ( -0.8660254037844385966, 0.5000000000000000000, 0.000000000000000000 ) ) ;
#635 = EDGE_CURVE ( 'NONE', #1642, #1134, #1045, .T. ) ;
#636 = FILL_AREA_STYLE_COLOUR ( '', #726 ) ;
#637 = ORIENTED_EDGE ( 'NONE', *, *, #1842, .T. ) ;
#638 = CARTESIAN_POINT ( 'NONE',  ( 0.000000000000000000, 0.000000000000000000, 17.70000000000000995 ) ) ;
#639 = DIRECTION ( 'NONE',  ( 0.000000000000000000, 0.000000000000000000, -1.000000000000000000 ) ) ;
#640 = AXIS2_PLACEMENT_3D ( 'NONE', #514, #1543, #666 ) ;
#641 = ORIENTED_EDGE ( 'NONE', *, *, #322, .T. ) ;
#642 = EDGE_LOOP ( 'NONE', ( #768, #1608, #1734, #535 ) ) ;
#643 = AXIS2_PLACEMENT_3D ( 'NONE', #892, #1573, #102 ) ;
#644 = DIRECTION ( 'NONE',  ( -0.000000000000000000, -0.000000000000000000, -1.000000000000000000 ) ) ;
#645 = CARTESIAN_POINT ( 'NONE',  ( -10.55430376018589733, 5.889659985724392754, 1.245696239814092721 ) ) ;
#646 = ORIENTED_EDGE ( 'NONE', *, *, #599, .F. ) ;
#647 = VECTOR ( 'NONE', #575, 1000.000000000000000 ) ;
#648 = ORIENTED_EDGE ( 'NONE', *, *, #332, .T. ) ;
#649 = EDGE_CURVE ( 'NONE', #1629, #1394, #108, .T. ) ;
#650 = ORIENTED_EDGE ( 'NONE', *, *, #1481, .T. ) ;
#651 = PLANE ( 'NONE',  #1057 ) ;
#652 = ORIENTED_EDGE ( 'NONE', *, *, #1728, .F. ) ;
#653 = ORIENTED_EDGE ( 'NONE', *, *, #498, .F. ) ;
#654 = LINE ( 'NONE', #329, #1620 ) ;
#655 = CARTESIAN_POINT ( 'NONE',  ( 8.099999999999992539, 6.524058041842769384, 5.699999999999992184 ) ) ;
#656 = FACE_OUTER_BOUND ( 'NONE', #1658, .T. ) ;
#657 = CARTESIAN_POINT ( 'NONE',  ( 7.949999999999993960, -6.264250420707432099, 6.000000000000000000 ) ) ;
#658 = EDGE_CURVE ( 'NONE', #757, #490, #1876, .T. ) ;
#659 = ORIENTED_EDGE ( 'NONE', *, *, #609, .F. ) ;
#660 = ORIENTED_EDGE ( 'NONE', *, *, #1875, .T. ) ;
#661 = EDGE_CURVE ( 'NONE', #628, #442, #1729, .T. ) ;
#662 = VERTEX_POINT ( 'NONE', #1358 ) ;
#663 = DIRECTION ( 'NONE',  ( 0.000000000000000000, 0.000000000000000000, -1.000000000000000000 ) ) ;
#664 = CARTESIAN_POINT ( 'NONE',  ( -10.59999999999999254, 6.119912853410029996, 1.199999999999998401 ) ) ;
#665 = VECTOR ( 'NONE', #1702, 1000.000000000000227 ) ;
#666 = DIRECTION ( 'NONE',  ( -1.000000000000000000, 0.000000000000000000, 0.000000000000000000 ) ) ;
#667 = ORIENTED_EDGE ( 'NONE', *, *, #1321, .T. ) ;
#668 = FACE_OUTER_BOUND ( 'NONE', #789, .T. ) ;
#669 = VECTOR ( 'NONE', #1796, 1000.000000000000114 ) ;
#670 = ORIENTED_EDGE ( 'NONE', *, *, #1885, .T. ) ;
#671 = DIRECTION ( 'NONE',  ( 0.000000000000000000, 0.000000000000000000, -1.000000000000000000 ) ) ;
#672 = EDGE_CURVE ( 'NONE', #705, #608, #741, .T. ) ;
#673 =( BOUNDED_CURVE ( )  B_SPLINE_CURVE ( 3, ( #363, #1524, #813, #1404 ),
 .UNSPECIFIED., .F., .T. ) 
 B_SPLINE_CURVE_WITH_KNOTS ( ( 4, 4 ),
 ( -8.881784197001252323E-16, 0.5235987755983005920 ),
 .UNSPECIFIED. ) 
 CURVE ( )  GEOMETRIC_REPRESENTATION_ITEM ( )  RATIONAL_B_SPLINE_CURVE ( ( 1.000000000000000000, 0.9772838841927119491, 0.9772838841927119491, 1.000000000000000000 ) ) 
 REPRESENTATION_ITEM ( '' )  );
#674 = VECTOR ( 'NONE', #801, 1000.000000000000114 ) ;
#675 = LINE ( 'NONE', #1400, #155 ) ;
#676 = VECTOR ( 'NONE', #1717, 1000.000000000000000 ) ;
#677 = ORIENTED_EDGE ( 'NONE', *, *, #101, .F. ) ;
#678 = CARTESIAN_POINT ( 'NONE',  ( 0.000000000000000000, 0.000000000000000000, 6.000000000000000000 ) ) ;
#679 = ORIENTED_EDGE ( 'NONE', *, *, #153, .T. ) ;
#680 = ADVANCED_BREP_SHAPE_REPRESENTATION ( 'hexholder_v2_19.4mm', ( #58, #1256 ), #998 ) ;
#681 = ORIENTED_EDGE ( 'NONE', *, *, #1433, .F. ) ;
#682 = EDGE_CURVE ( 'NONE', #928, #1344, #1600, .T. ) ;
#683 = DIRECTION ( 'NONE',  ( 0.000000000000000000, 0.000000000000000000, -1.000000000000000000 ) ) ;
#684 =( BOUNDED_CURVE ( )  B_SPLINE_CURVE ( 3, ( #920, #1083, #103, #280 ),
 .UNSPECIFIED., .F., .T. ) 
 B_SPLINE_CURVE_WITH_KNOTS ( ( 4, 4 ),
 ( 5.759586531581283531, 6.283185307179586232 ),
 .UNSPECIFIED. ) 
 CURVE ( )  GEOMETRIC_REPRESENTATION_ITEM ( )  RATIONAL_B_SPLINE_CURVE ( ( 1.000000000000000000, 0.9772838841927118381, 0.9772838841927118381, 1.000000000000000000 ) ) 
 REPRESENTATION_ITEM ( '' )  );
#685 = DIRECTION ( 'NONE',  ( 0.5000000000000001110, 0.8660254037844387076, -0.000000000000000000 ) ) ;
#686 = CARTESIAN_POINT ( 'NONE',  ( -10.29999999999999005, -5.946707772653144097, 1.500000000000000000 ) ) ;
#687 = ADVANCED_FACE ( 'NONE', ( #1364 ), #1843, .F. ) ;
#688 = DIRECTION ( 'NONE',  ( 1.000000000000000000, 0.000000000000000000, 0.000000000000000000 ) ) ;
#689 = ORIENTED_EDGE ( 'NONE', *, *, #1852, .F. ) ;
#690 = CARTESIAN_POINT ( 'NONE',  ( 0.000000000000000000, 0.000000000000000000, 17.03604719043194748 ) ) ;
#691 = CARTESIAN_POINT ( 'NONE',  ( -5.049999999999999822, 0.000000000000000000, 8.000000000000000000 ) ) ;
#692 = CLOSED_SHELL ( 'NONE', ( #115, #265, #1340, #476, #1529, #1429, #81, #1491, #687, #1231, #227, #915, #1627, #848, #854, #972, #1815, #412, #773, #1247, #1521, #23, #1604, #1033, #507, #867, #1220, #199, #1192, #745, #1577, #1483, #807, #722, #783, #731, #186, #1633, #467, #777, #591, #335, #1403, #534, #619, #1740, #699, #288, #1283, #1181, #1326, #574, #786, #554, #1509, #314, #565, #1539, #975, #1616, #1184, #255, #756, #1205, #1464 ) ) ;
#693 = EDGE_CURVE ( 'NONE', #1664, #421, #1873, .T. ) ;
#694 = CARTESIAN_POINT ( 'NONE',  ( -10.25290259849600538, -6.320309631603379330, 1.199999999999998845 ) ) ;
#695 = DIRECTION ( 'NONE',  ( 3.097555873684865176E-16, -1.000000000000000000, 0.000000000000000000 ) ) ;
#696 = SURFACE_SIDE_STYLE ('',( #241 ) ) ;
#697 = DIRECTION ( 'NONE',  ( 0.000000000000000000, 0.000000000000000000, -1.000000000000000000 ) ) ;
#698 =( GEOMETRIC_REPRESENTATION_CONTEXT ( 3 ) GLOBAL_UNCERTAINTY_ASSIGNED_CONTEXT ( ( #1049 ) ) GLOBAL_UNIT_ASSIGNED_CONTEXT ( ( #1431, #286, #1348 ) ) REPRESENTATION_CONTEXT ( 'NONE', 'WORKASPACE' ) );
#699 = ADVANCED_FACE ( 'NONE', ( #1741 ), #444, .T. ) ;
#700 = EDGE_LOOP ( 'NONE', ( #1197, #708, #878, #65, #616, #446 ) ) ;
#701 = ORIENTED_EDGE ( 'NONE', *, *, #1287, .T. ) ;
#702 = VERTEX_POINT ( 'NONE', #769 ) ;
#703 = DIRECTION ( 'NONE',  ( -0.7071067811865444641, 0.000000000000000000, -0.7071067811865505703 ) ) ;
#704 = AXIS2_PLACEMENT_3D ( 'NONE', #84, #1425, #1292 ) ;
#705 = VERTEX_POINT ( 'NONE', #1071 ) ;
#706 = DIRECTION ( 'NONE',  ( -0.000000000000000000, -0.000000000000000000, 1.000000000000000000 ) ) ;
#707 = VECTOR ( 'NONE', #361, 1000.000000000000000 ) ;
#708 = ORIENTED_EDGE ( 'NONE', *, *, #360, .T. ) ;
#709 = VECTOR ( 'NONE', #240, 1000.000000000000000 ) ;
#710 = EDGE_CURVE ( 'NONE', #200, #1354, #216, .T. ) ;
#711 = LINE ( 'NONE', #1064, #1735 ) ;
#712 = DIRECTION ( 'NONE',  ( 1.288546539711584402E-15, -0.7559289460184566156, -0.6546536707079745332 ) ) ;
#713 = DIRECTION ( 'NONE',  ( 0.5000000000000001110, 0.8660254037844387076, -0.000000000000000000 ) ) ;
#714 = VECTOR ( 'NONE', #826, 1000.000000000000114 ) ;
#715 = LINE ( 'NONE', #91, #468 ) ;
#716 = VERTEX_POINT ( 'NONE', #56 ) ;
#717 = ORIENTED_EDGE ( 'NONE', *, *, #445, .T. ) ;
#718 = CARTESIAN_POINT ( 'NONE',  ( 6.830473686658677934E-15, -11.20059522227874105, 5.699999999999990408 ) ) ;
#719 = LINE ( 'NONE', #1323, #478 ) ;
#720 = LINE ( 'NONE', #264, #1021 ) ;
#721 = ORIENTED_EDGE ( 'NONE', *, *, #1855, .F. ) ;
#722 = ADVANCED_FACE ( 'NONE', ( #272 ), #1556, .F. ) ;
#723 = DIRECTION ( 'NONE',  ( 0.000000000000000000, 0.000000000000000000, -1.000000000000000000 ) ) ;
#724 = CYLINDRICAL_SURFACE ( 'NONE', #292, 3.200000000000000178 ) ;
#725 = VERTEX_POINT ( 'NONE', #1300 ) ;
#726 = COLOUR_RGB ( '',0.7921568627450980005, 0.8196078431372548767, 0.9333333333333333481 ) ;
#727 = CARTESIAN_POINT ( 'NONE',  ( 6.499999999999996447, -3.752776749732567030, 6.000000000000000000 ) ) ;
#728 = DIRECTION ( 'NONE',  ( 4.646333810527297518E-16, -1.000000000000000000, 0.000000000000000000 ) ) ;
#729 = CARTESIAN_POINT ( 'NONE',  ( 0.000000000000000000, 0.000000000000000000, 17.00000000000000000 ) ) ;
#730 = VERTEX_POINT ( 'NONE', #865 ) ;
#731 = ADVANCED_FACE ( 'NONE', ( #1709 ), #724, .T. ) ;
#732 = VECTOR ( 'NONE', #1418, 1000.000000000000000 ) ;
#733 = DIRECTION ( 'NONE',  ( 0.000000000000000000, 1.000000000000000000, 0.000000000000000000 ) ) ;
#734 = CIRCLE ( 'NONE', #1805, 4.099999999999999645 ) ;
#735 = LINE ( 'NONE', #748, #1296 ) ;
#736 = CIRCLE ( 'NONE', #380, 3.200000000000000178 ) ;
#737 = ORIENTED_EDGE ( 'NONE', *, *, #559, .F. ) ;
#738 = CARTESIAN_POINT ( 'NONE',  ( 10.55430376018589378, -5.889659985724396307, 1.245696239814094497 ) ) ;
#739 = AXIS2_PLACEMENT_3D ( 'NONE', #480, #625, #1062 ) ;
#740 = VECTOR ( 'NONE', #432, 1000.000000000000000 ) ;
#741 = LINE ( 'NONE', #1031, #371 ) ;
#742 = EDGE_CURVE ( 'NONE', #326, #862, #146, .T. ) ;
#743 = LINE ( 'NONE', #1467, #298 ) ;
#744 = DIRECTION ( 'NONE',  ( 0.000000000000000000, 0.000000000000000000, -1.000000000000000000 ) ) ;
#745 = ADVANCED_FACE ( 'NONE', ( #1455 ), #1176, .T. ) ;
#746 = CARTESIAN_POINT ( 'NONE',  ( 9.699999999999995737, -3.752776749732565698, 1.500000000000000000 ) ) ;
#747 = CARTESIAN_POINT ( 'NONE',  ( -6.499999999999992006, -3.752776749732570583, 5.699999999999990408 ) ) ;
#748 = CARTESIAN_POINT ( 'NONE',  ( 4.099999999999999645, 5.021051876504147385E-16, 21.74747741945470736 ) ) ;
#749 = CARTESIAN_POINT ( 'NONE',  ( -3.312435565298239570, 0.000000000000000000, 17.00000000000000000 ) ) ;
#750 = DIRECTION ( 'NONE',  ( 0.8660254037844382635, 0.5000000000000006661, 0.000000000000000000 ) ) ;
#751 = ORIENTED_EDGE ( 'NONE', *, *, #621, .T. ) ;
#752 = CARTESIAN_POINT ( 'NONE',  ( -1.449999999999989964, -10.01702717044000224, 6.000000000000000000 ) ) ;
#753 = DIRECTION ( 'NONE',  ( 0.000000000000000000, 0.000000000000000000, -1.000000000000000000 ) ) ;
#754 = DIRECTION ( 'NONE',  ( 0.000000000000000000, 0.000000000000000000, -1.000000000000000000 ) ) ;
#755 = VERTEX_POINT ( 'NONE', #1086 ) ;
#756 = ADVANCED_FACE ( 'NONE', ( #77 ), #1391, .T. ) ;
#757 = VERTEX_POINT ( 'NONE', #1337 ) ;
#758 = CARTESIAN_POINT ( 'NONE',  ( -4.499439015814843401E-15, 12.23982570682006354, 1.500000000000000000 ) ) ;
#759 = CARTESIAN_POINT ( 'NONE',  ( -0.5000000000000038858, 11.95115057222525046, 1.500000000000000000 ) ) ;
#760 = DIRECTION ( 'NONE',  ( 0.000000000000000000, 0.000000000000000000, -1.000000000000000000 ) ) ;
#761 = VERTEX_POINT ( 'NONE', #11 ) ;
#762 = VERTEX_POINT ( 'NONE', #557 ) ;
#763 = DIRECTION ( 'NONE',  ( 0.000000000000000000, 0.000000000000000000, -1.000000000000000000 ) ) ;
#764 = CARTESIAN_POINT ( 'NONE',  ( -6.499999999999992006, -3.752776749732570583, 6.000000000000000000 ) ) ;
#765 = FACE_OUTER_BOUND ( 'NONE', #700, .T. ) ;
#766 = CARTESIAN_POINT ( 'NONE',  ( 0.000000000000000000, 0.000000000000000000, 0.000000000000000000 ) ) ;
#767 = AXIS2_PLACEMENT_3D ( 'NONE', #1432, #697, #567 ) ;
#768 = ORIENTED_EDGE ( 'NONE', *, *, #1019, .F. ) ;
#769 = CARTESIAN_POINT ( 'NONE',  ( 1.600000000000007194, -10.27683479157533597, 1.500000000000000000 ) ) ;
#770 = CARTESIAN_POINT ( 'NONE',  ( -8.099999999999990763, -6.524058041842774713, 5.699999999999990408 ) ) ;
#771 = DIRECTION ( 'NONE',  ( 0.000000000000000000, 0.000000000000000000, -1.000000000000000000 ) ) ;
#772 = CARTESIAN_POINT ( 'NONE',  ( 7.571428571428589827, 4.371366323864292802, 4.228571428571383350 ) ) ;
#773 = ADVANCED_FACE ( 'NONE', ( #1293 ), #894, .F. ) ;
#774 = ORIENTED_EDGE ( 'NONE', *, *, #498, .T. ) ;
#775 = AXIS2_PLACEMENT_3D ( 'NONE', #1241, #373, #991 ) ;
#776 = ORIENTED_EDGE ( 'NONE', *, *, #445, .F. ) ;
#777 = ADVANCED_FACE ( 'NONE', ( #1043 ), #929, .T. ) ;
#778 = AXIS2_PLACEMENT_3D ( 'NONE', #366, #1420, #1263 ) ;
#779 = CARTESIAN_POINT ( 'NONE',  ( 0.000000000000000000, 0.000000000000000000, 36.00000000000000000 ) ) ;
#780 = AXIS2_PLACEMENT_3D ( 'NONE', #718, #1376, #889 ) ;
#781 = ORIENTED_EDGE ( 'NONE', *, *, #946, .F. ) ;
#782 = CARTESIAN_POINT ( 'NONE',  ( 7.049999999999999822, 8.633759933988839975E-16, 6.000000000000000000 ) ) ;
#783 = ADVANCED_FACE ( 'NONE', ( #1121 ), #973, .T. ) ;
#784 = ORIENTED_EDGE ( 'NONE', *, *, #1647, .F. ) ;
#785 = CARTESIAN_POINT ( 'NONE',  ( -1.600000000000007416, 10.27683479157533419, 5.699999999999991296 ) ) ;
#786 = ADVANCED_FACE ( 'NONE', ( #525 ), #392, .T. ) ;
#787 = EDGE_LOOP ( 'NONE', ( #270, #1060, #1782, #180 ) ) ;
#788 = VERTEX_POINT ( 'NONE', #927 ) ;
#789 = EDGE_LOOP ( 'NONE', ( #1097, #12, #845, #659 ) ) ;
#790 = ORIENTED_EDGE ( 'NONE', *, *, #1618, .F. ) ;
#791 = CARTESIAN_POINT ( 'NONE',  ( 1.599999999999995648, 10.27683479157533419, 5.699999999999990408 ) ) ;
#792 = VERTEX_POINT ( 'NONE', #1320 ) ;
#793 = EDGE_CURVE ( 'NONE', #1012, #569, #1427, .T. ) ;
#794 = DIRECTION ( 'NONE',  ( -0.000000000000000000, -0.000000000000000000, 1.000000000000000000 ) ) ;
#795 = ORIENTED_EDGE ( 'NONE', *, *, #742, .F. ) ;
#796 = DIRECTION ( 'NONE',  ( -0.7071067811865444641, 0.000000000000000000, 0.7071067811865505703 ) ) ;
#797 = CARTESIAN_POINT ( 'NONE',  ( 0.000000000000000000, 0.000000000000000000, 17.00000000000000000 ) ) ;
#798 = ORIENTED_EDGE ( 'NONE', *, *, #1885, .F. ) ;
#799 = CARTESIAN_POINT ( 'NONE',  ( -5.508866493788498737E-15, 12.08512516844081119, 1.333974596215558250 ) ) ;
#800 = DIRECTION ( 'NONE',  ( 0.000000000000000000, 0.000000000000000000, -1.000000000000000000 ) ) ;
#801 = DIRECTION ( 'NONE',  ( -0.8660254037844385966, 0.4999999999999999445, 0.000000000000000000 ) ) ;
#802 = AXIS2_PLACEMENT_3D ( 'NONE', #797, #1191, #1040 ) ;
#803 = DIRECTION ( 'NONE',  ( -1.000000000000000000, 0.000000000000000000, 0.000000000000000000 ) ) ;
#804 = EDGE_LOOP ( 'NONE', ( #737, #198, #905, #83 ) ) ;
#805 = CARTESIAN_POINT ( 'NONE',  ( -0.3470974015039913763, 12.03942892862671421, 1.199999999999998401 ) ) ;
#806 = CIRCLE ( 'NONE', #1446, 3.200000000000000178 ) ;
#807 = ADVANCED_FACE ( 'NONE', ( #626 ), #524, .F. ) ;
#808 = ORIENTED_EDGE ( 'NONE', *, *, #895, .T. ) ;
#809 = CARTESIAN_POINT ( 'NONE',  ( 1.600000000000009415, -10.27683479157533775, 6.000000000000000000 ) ) ;
#810 = DIRECTION ( 'NONE',  ( 0.000000000000000000, 0.000000000000000000, -1.000000000000000000 ) ) ;
#811 = ORIENTED_EDGE ( 'NONE', *, *, #812, .F. ) ;
#812 = EDGE_CURVE ( 'NONE', #536, #1526, #519, .T. ) ;
#813 = CARTESIAN_POINT ( 'NONE',  ( -10.55430376018589556, -5.889659985724394531, 1.245696239814092277 ) ) ;
#814 = ORIENTED_EDGE ( 'NONE', *, *, #1564, .T. ) ;
#815 = DIRECTION ( 'NONE',  ( -0.000000000000000000, -0.000000000000000000, 1.000000000000000000 ) ) ;
#816 = CARTESIAN_POINT ( 'NONE',  ( 10.46602540378442825, -6.042562584220408262, 1.333974596215560027 ) ) ;
#817 = DIRECTION ( 'NONE',  ( -0.8660254037844385966, 0.5000000000000001110, 0.000000000000000000 ) ) ;
#818 = CARTESIAN_POINT ( 'NONE',  ( -1.599999999999993872, -10.27683479157533952, 6.000000000000000000 ) ) ;
#819 = PLANE ( 'NONE',  #993 ) ;
#820 = VERTEX_POINT ( 'NONE', #691 ) ;
#821 = EDGE_CURVE ( 'NONE', #1526, #484, #1753, .T. ) ;
#822 = CARTESIAN_POINT ( 'NONE',  ( -1.600000000000007638, 10.27683479157533597, 6.000000000000000000 ) ) ;
#823 = DIRECTION ( 'NONE',  ( 3.097555873684865176E-16, -1.000000000000000000, 0.000000000000000000 ) ) ;
#824 = CARTESIAN_POINT ( 'NONE',  ( 8.099999999999990763, 6.524058041842770272, 5.699999999999992184 ) ) ;
#825 = ORIENTED_EDGE ( 'NONE', *, *, #4, .F. ) ;
#826 = DIRECTION ( 'NONE',  ( -0.3420201433256671031, 0.000000000000000000, -0.9396926207859089830 ) ) ;
#827 = CIRCLE ( 'NONE', #704, 5.049999999999999822 ) ;
#828 = ORIENTED_EDGE ( 'NONE', *, *, #1414, .F. ) ;
#829 = ORIENTED_EDGE ( 'NONE', *, *, #408, .T. ) ;
#830 = AXIS2_PLACEMENT_3D ( 'NONE', #1444, #1153, #303 ) ;
#831 = VERTEX_POINT ( 'NONE', #925 ) ;
#832 = CARTESIAN_POINT ( 'NONE',  ( 0.1500000000000104028, -11.98001808568473336, 1.500000000000000000 ) ) ;
#833 = CARTESIAN_POINT ( 'NONE',  ( 0.000000000000000000, 0.000000000000000000, 21.74747741945470736 ) ) ;
#834 = EDGE_CURVE ( 'NONE', #1629, #1180, #715, .T. ) ;
#835 = DIRECTION ( 'NONE',  ( 0.000000000000000000, 0.000000000000000000, -1.000000000000000000 ) ) ;
#836 = LINE ( 'NONE', #664, #647 ) ;
#837 = CARTESIAN_POINT ( 'NONE',  ( 6.938893903907228378E-15, -7.505553499465134948, 6.000000000000000000 ) ) ;
#838 = EDGE_CURVE ( 'NONE', #725, #494, #1517, .T. ) ;
#839 = CARTESIAN_POINT ( 'NONE',  ( 9.399999999999984368, 3.752776749732567474, 6.000000000000000000 ) ) ;
#840 = DIRECTION ( 'NONE',  ( 0.000000000000000000, 0.000000000000000000, -1.000000000000000000 ) ) ;
#841 = CIRCLE ( 'NONE', #1594, 2.899999999999992806 ) ;
#842 = EDGE_LOOP ( 'NONE', ( #596, #1879, #906, #1562 ) ) ;
#843 = LINE ( 'NONE', #95, #62 ) ;
#844 = AXIS2_PLACEMENT_3D ( 'NONE', #1336, #1891, #450 ) ;
#845 = ORIENTED_EDGE ( 'NONE', *, *, #1473, .T. ) ;
#846 = LINE ( 'NONE', #1295, #665 ) ;
#847 = CARTESIAN_POINT ( 'NONE',  ( 10.59999999999999076, -6.119912853410035325, 1.500000000000000000 ) ) ;
#848 = ADVANCED_FACE ( 'NONE', ( #1171 ), #819, .T. ) ;
#849 = CARTESIAN_POINT ( 'NONE',  ( -8.099999999999999645, 6.524058041842766720, 6.000000000000000000 ) ) ;
#850 = ORIENTED_EDGE ( 'NONE', *, *, #34, .F. ) ;
#851 = ORIENTED_EDGE ( 'NONE', *, *, #1351, .T. ) ;
#852 = ORIENTED_EDGE ( 'NONE', *, *, #1586, .T. ) ;
#853 = CARTESIAN_POINT ( 'NONE',  ( -10.09999999999999432, -6.408587988004847524, 1.199999999999999067 ) ) ;
#854 = ADVANCED_FACE ( 'NONE', ( #1211 ), #177, .T. ) ;
#855 = CONICAL_SURFACE ( 'NONE', #395, 3.550000000000001155, 0.7853981633974410625 ) ;
#856 = DIRECTION ( 'NONE',  ( 0.000000000000000000, 0.000000000000000000, -1.000000000000000000 ) ) ;
#857 = ORIENTED_EDGE ( 'NONE', *, *, #433, .T. ) ;
#858 = CARTESIAN_POINT ( 'NONE',  ( -5.049999999999999822, 0.000000000000000000, 19.00000000000000000 ) ) ;
#859 = DIRECTION ( 'NONE',  ( -0.000000000000000000, -0.000000000000000000, -1.000000000000000000 ) ) ;
#860 = AXIS2_PLACEMENT_3D ( 'NONE', #1707, #238, #1599 ) ;
#861 = DIRECTION ( 'NONE',  ( -0.3535533905932740084, -0.6123724356957914727, -0.7071067811865501263 ) ) ;
#862 = VERTEX_POINT ( 'NONE', #1156 ) ;
#863 = CARTESIAN_POINT ( 'NONE',  ( 0.000000000000000000, 0.000000000000000000, 0.000000000000000000 ) ) ;
#864 = CARTESIAN_POINT ( 'NONE',  ( -10.37774704738296450, -6.195465182716421104, 1.245696239814093831 ) ) ;
#865 = CARTESIAN_POINT ( 'NONE',  ( -10.59999999999999254, -5.542562584220408262, 0.000000000000000000 ) ) ;
#866 = DIRECTION ( 'NONE',  ( -0.000000000000000000, -0.000000000000000000, -1.000000000000000000 ) ) ;
#867 = ADVANCED_FACE ( 'NONE', ( #1177 ), #161, .T. ) ;
#868 = AXIS2_PLACEMENT_3D ( 'NONE', #1656, #1127, #1111 ) ;
#869 = VERTEX_POINT ( 'NONE', #1353 ) ;
#870 = CYLINDRICAL_SURFACE ( 'NONE', #1468, 3.250000000000000444 ) ;
#871 = AXIS2_PLACEMENT_3D ( 'NONE', #1240, #1877, #402 ) ;
#872 = EDGE_CURVE ( 'NONE', #928, #1047, #1084, .T. ) ;
#873 = ORIENTED_EDGE ( 'NONE', *, *, #635, .T. ) ;
#874 = CARTESIAN_POINT ( 'NONE',  ( 0.000000000000000000, 0.000000000000000000, 33.99999999999999289 ) ) ;
#875 = CARTESIAN_POINT ( 'NONE',  ( -4.099999999999999645, 0.000000000000000000, 36.00000000000000000 ) ) ;
#876 = ORIENTED_EDGE ( 'NONE', *, *, #1671, .T. ) ;
#877 = EDGE_LOOP ( 'NONE', ( #1681, #1075, #600, #170, #1826, #677 ) ) ;
#878 = ORIENTED_EDGE ( 'NONE', *, *, #710, .F. ) ;
#879 = DIRECTION ( 'NONE',  ( -0.000000000000000000, -0.000000000000000000, 1.000000000000000000 ) ) ;
#880 =( BOUNDED_CURVE ( )  B_SPLINE_CURVE ( 3, ( #1001, #978, #988, #816 ),
 .UNSPECIFIED., .F., .F. ) 
 B_SPLINE_CURVE_WITH_KNOTS ( ( 4, 4 ),
 ( 2.682749855598127044E-15, 0.5235987755982978165 ),
 .UNSPECIFIED. ) 
 CURVE ( )  GEOMETRIC_REPRESENTATION_ITEM ( )  RATIONAL_B_SPLINE_CURVE ( ( 1.000000000000000000, 0.9772838841927123932, 0.9772838841927123932, 1.000000000000000000 ) ) 
 REPRESENTATION_ITEM ( '' )  );
#881 = DIRECTION ( 'NONE',  ( 0.3535533905932735643, -0.6123724356957926940, -0.7071067811865492381 ) ) ;
#882 = DIRECTION ( 'NONE',  ( -0.7071067811865424657, 0.000000000000000000, -0.7071067811865526798 ) ) ;
#883 = VERTEX_POINT ( 'NONE', #127 ) ;
#884 = EDGE_LOOP ( 'NONE', ( #1221, #315, #175, #125 ) ) ;
#885 = DIRECTION ( 'NONE',  ( -1.000000000000000000, 0.000000000000000000, 0.000000000000000000 ) ) ;
#886 = EDGE_CURVE ( 'NONE', #730, #259, #299, .T. ) ;
#887 = LINE ( 'NONE', #31, #1742 ) ;
#888 = CARTESIAN_POINT ( 'NONE',  ( -10.37774704738296450, 6.195465182716417551, 1.245696239814093165 ) ) ;
#889 = DIRECTION ( 'NONE',  ( 0.8660254037844387076, -0.4999999999999998890, 0.000000000000000000 ) ) ;
#890 = PLANE ( 'NONE',  #1185 ) ;
#891 = VERTEX_POINT ( 'NONE', #839 ) ;
#892 = CARTESIAN_POINT ( 'NONE',  ( 9.599999999999990763, 5.542562584220407373, 0.000000000000000000 ) ) ;
#893 = ORIENTED_EDGE ( 'NONE', *, *, #1453, .F. ) ;
#894 = PLANE ( 'NONE',  #1251 ) ;
#895 = EDGE_CURVE ( 'NONE', #1112, #1017, #654, .T. ) ;
#896 = ORIENTED_EDGE ( 'NONE', *, *, #1462, .F. ) ;
#897 = VERTEX_POINT ( 'NONE', #1375 ) ;
#898 = CARTESIAN_POINT ( 'NONE',  ( 10.09999999999998899, 6.408587988004845748, 1.500000000000000000 ) ) ;
#899 = LINE ( 'NONE', #306, #267 ) ;
#900 = CIRCLE ( 'NONE', #261, 2.099999999999999645 ) ;
#901 = ORIENTED_EDGE ( 'NONE', *, *, #1143, .T. ) ;
#902 = AXIS2_PLACEMENT_3D ( 'NONE', #690, #1583, #1151 ) ;
#903 = CARTESIAN_POINT ( 'NONE',  ( 0.000000000000000000, 0.000000000000000000, 19.00000000000000000 ) ) ;
#904 = CARTESIAN_POINT ( 'NONE',  ( -9.699999999999997513, 3.752776749732561701, 6.000000000000000000 ) ) ;
#905 = ORIENTED_EDGE ( 'NONE', *, *, #1377, .T. ) ;
#906 = ORIENTED_EDGE ( 'NONE', *, *, #1390, .T. ) ;
#907 = EDGE_CURVE ( 'NONE', #494, #1775, #1, .T. ) ;
#908 = FACE_OUTER_BOUND ( 'NONE', #623, .T. ) ;
#909 = EDGE_LOOP ( 'NONE', ( #1438, #933, #320, #1478 ) ) ;
#910 = ORIENTED_EDGE ( 'NONE', *, *, #48, .T. ) ;
#911 = CARTESIAN_POINT ( 'NONE',  ( 8.099999999999999645, -6.524058041842769384, 1.500000000000000000 ) ) ;
#912 = DIRECTION ( 'NONE',  ( 0.000000000000000000, 0.000000000000000000, -1.000000000000000000 ) ) ;
#913 = VERTEX_POINT ( 'NONE', #752 ) ;
#914 = LINE ( 'NONE', #818, #404 ) ;
#915 = ADVANCED_FACE ( 'NONE', ( #33 ), #1692, .T. ) ;
#916 = CARTESIAN_POINT ( 'NONE',  ( -9.699999999999997513, 3.752776749732561701, 5.699999999999990408 ) ) ;
#917 = CARTESIAN_POINT ( 'NONE',  ( 9.699999999999997513, -3.752776749732565253, 5.699999999999990408 ) ) ;
#918 = DIRECTION ( 'NONE',  ( -1.000000000000000000, 0.000000000000000000, 0.000000000000000000 ) ) ;
#919 = CARTESIAN_POINT ( 'NONE',  ( 8.099999999999997868, -6.524058041842770272, 5.699999999999990408 ) ) ;
#920 = CARTESIAN_POINT ( 'NONE',  ( 7.633969184175435867E-15, -12.08512516844081475, 1.333974596215560249 ) ) ;
#921 = VERTEX_POINT ( 'NONE', #782 ) ;
#922 = ORIENTED_EDGE ( 'NONE', *, *, #580, .F. ) ;
#923 = CARTESIAN_POINT ( 'NONE',  ( -7.049999999999999822, 0.000000000000000000, 6.000000000000000000 ) ) ;
#924 = CARTESIAN_POINT ( 'NONE',  ( -0.5000000000000022204, 11.95115057222525046, 0.000000000000000000 ) ) ;
#925 = CARTESIAN_POINT ( 'NONE',  ( -8.099999999999999645, 6.524058041842765832, 1.500000000000000000 ) ) ;
#926 = VERTEX_POINT ( 'NONE', #1845 ) ;
#927 = CARTESIAN_POINT ( 'NONE',  ( -9.399999999999987921, 3.752776749732561701, 6.000000000000000000 ) ) ;
#928 = VERTEX_POINT ( 'NONE', #160 ) ;
#929 = CYLINDRICAL_SURFACE ( 'NONE', #640, 3.200000000000000178 ) ;
#930 = ORIENTED_EDGE ( 'NONE', *, *, #90, .F. ) ;
#931 = EDGE_LOOP ( 'NONE', ( #1262, #1723 ) ) ;
#932 = AXIS2_PLACEMENT_3D ( 'NONE', #1065, #1750, #688 ) ;
#933 = ORIENTED_EDGE ( 'NONE', *, *, #1830, .T. ) ;
#934 = AXIS2_PLACEMENT_3D ( 'NONE', #291, #1589, #885 ) ;
#935 = DIRECTION ( 'NONE',  ( -1.000000000000000000, 0.000000000000000000, 0.000000000000000000 ) ) ;
#936 = AXIS2_PLACEMENT_3D ( 'NONE', #233, #723, #271 ) ;
#937 = DIRECTION ( 'NONE',  ( -1.000000000000000000, 0.000000000000000000, 0.000000000000000000 ) ) ;
#938 = ORIENTED_EDGE ( 'NONE', *, *, #1164, .F. ) ;
#939 = CARTESIAN_POINT ( 'NONE',  ( 6.938893903907228378E-15, -7.505553499465134948, 6.000000000000000000 ) ) ;
#940 = DIRECTION ( 'NONE',  ( 0.7071067811865515695, 3.285454145080202121E-16, 0.7071067811865434649 ) ) ;
#941 = CARTESIAN_POINT ( 'NONE',  ( 9.699999999999992184, 3.752776749732567474, 5.699999999999990408 ) ) ;
#942 = ORIENTED_EDGE ( 'NONE', *, *, #1761, .F. ) ;
#943 = VERTEX_POINT ( 'NONE', #1459 ) ;
#944 = CARTESIAN_POINT ( 'NONE',  ( 10.29999999999998828, -5.946707772653144097, 1.500000000000000000 ) ) ;
#945 = CARTESIAN_POINT ( 'NONE',  ( -9.699999999999993960, -5.600297611139372300, 6.000000000000000000 ) ) ;
#946 = EDGE_CURVE ( 'NONE', #1551, #1624, #1054, .T. ) ;
#947 = ORIENTED_EDGE ( 'NONE', *, *, #143, .T. ) ;
#948 = CARTESIAN_POINT ( 'NONE',  ( 8.099999999999990763, 6.524058041842770272, 5.699999999999992184 ) ) ;
#949 = ORIENTED_EDGE ( 'NONE', *, *, #34, .T. ) ;
#950 = LINE ( 'NONE', #1379, #520 ) ;
#951 = ORIENTED_EDGE ( 'NONE', *, *, #1586, .F. ) ;
#952 =( NAMED_UNIT ( * ) PLANE_ANGLE_UNIT ( ) SI_UNIT ( $, .RADIAN. ) );
#953 = CARTESIAN_POINT ( 'NONE',  ( 1.040834085586084257E-14, -11.08512516844081475, 0.000000000000000000 ) ) ;
#954 = CIRCLE ( 'NONE', #568, 7.049999999999999822 ) ;
#955 = ORIENTED_EDGE ( 'NONE', *, *, #322, .F. ) ;
#956 = EDGE_CURVE ( 'NONE', #1664, #308, #1611, .T. ) ;
#957 = VECTOR ( 'NONE', #312, 1000.000000000000114 ) ;
#958 = DIRECTION ( 'NONE',  ( -0.8660254037844383745, -0.5000000000000006661, 0.000000000000000000 ) ) ;
#959 = DIRECTION ( 'NONE',  ( -1.000000000000000000, 0.000000000000000000, 0.000000000000000000 ) ) ;
#960 = AXIS2_PLACEMENT_3D ( 'NONE', #847, #1590, #1605 ) ;
#961 = AXIS2_PLACEMENT_3D ( 'NONE', #390, #515, #521 ) ;
#962 = CONICAL_SURFACE ( 'NONE', #844, 3.372059531467585192, 0.3490658503988641748 ) ;
#963 = EDGE_CURVE ( 'NONE', #662, #1551, #914, .T. ) ;
#964 = PRODUCT_DEFINITION_FORMATION_WITH_SPECIFIED_SOURCE ( 'ANY', '', #428, .NOT_KNOWN. ) ;
#965 = DIRECTION ( 'NONE',  ( 0.000000000000000000, 0.000000000000000000, -1.000000000000000000 ) ) ;
#966 = DIRECTION ( 'NONE',  ( 0.000000000000000000, 0.000000000000000000, -1.000000000000000000 ) ) ;
#967 = CYLINDRICAL_SURFACE ( 'NONE', #778, 1.000000000000000000 ) ;
#968 = FACE_OUTER_BOUND ( 'NONE', #1492, .T. ) ;
#969 = ORIENTED_EDGE ( 'NONE', *, *, #311, .F. ) ;
#970 = PLANE ( 'NONE',  #89 ) ;
#971 = FACE_OUTER_BOUND ( 'NONE', #1434, .T. ) ;
#972 = ADVANCED_FACE ( 'NONE', ( #908, #185 ), #300, .F. ) ;
#973 = CYLINDRICAL_SURFACE ( 'NONE', #551, 3.200000000000000178 ) ;
#974 = CARTESIAN_POINT ( 'NONE',  ( 0.000000000000000000, 0.000000000000000000, 0.3000000000000051514 ) ) ;
#975 = ADVANCED_FACE ( 'NONE', ( #1341 ), #1880, .T. ) ;
#976 = DIRECTION ( 'NONE',  ( 0.000000000000000000, 0.000000000000000000, -1.000000000000000000 ) ) ;
#977 = CARTESIAN_POINT ( 'NONE',  ( -8.099999999999990763, -6.524058041842772937, 1.500000000000000000 ) ) ;
#978 = CARTESIAN_POINT ( 'NONE',  ( 10.25290259849600183, -6.320309631603378442, 1.200000000000000400 ) ) ;
#979 = CARTESIAN_POINT ( 'NONE',  ( -0.1765567128029371657, 12.08512516844081119, 1.245696239814093165 ) ) ;
#980 = VERTEX_POINT ( 'NONE', #123 ) ;
#981 = FACE_OUTER_BOUND ( 'NONE', #592, .T. ) ;
#982 = DIRECTION ( 'NONE',  ( -0.000000000000000000, 0.000000000000000000, -1.000000000000000000 ) ) ;
#983 = ORIENTED_EDGE ( 'NONE', *, *, #1261, .F. ) ;
#984 = EDGE_LOOP ( 'NONE', ( #1157, #876, #603, #50 ) ) ;
#985 = PRODUCT_DEFINITION ( 'UNKNOWN', '', #964, #176 ) ;
#986 = ORIENTED_EDGE ( 'NONE', *, *, #1152, .T. ) ;
#987 = CARTESIAN_POINT ( 'NONE',  ( -9.599999999999994316, 5.542562584220404709, 1.500000000000000000 ) ) ;
#988 = CARTESIAN_POINT ( 'NONE',  ( 10.37774704738296272, -6.195465182716420216, 1.245696239814094719 ) ) ;
#989 = EDGE_CURVE ( 'NONE', #705, #569, #345, .T. ) ;
#990 = ORIENTED_EDGE ( 'NONE', *, *, #1542, .F. ) ;
#991 = DIRECTION ( 'NONE',  ( -0.8660254037844383745, -0.5000000000000004441, 0.000000000000000000 ) ) ;
#992 = ORIENTED_EDGE ( 'NONE', *, *, #1082, .T. ) ;
#993 = AXIS2_PLACEMENT_3D ( 'NONE', #758, #685, #1286 ) ;
#994 = DIRECTION ( 'NONE',  ( -0.000000000000000000, -0.000000000000000000, 1.000000000000000000 ) ) ;
#995 = DIRECTION ( 'NONE',  ( 0.000000000000000000, 0.000000000000000000, 1.000000000000000000 ) ) ;
#996 = VECTOR ( 'NONE', #663, 1000.000000000000000 ) ;
#997 = CONICAL_SURFACE ( 'NONE', #60, 3.372059531467585192, 0.3490658503988641748 ) ;
#998 =( GEOMETRIC_REPRESENTATION_CONTEXT ( 3 ) GLOBAL_UNCERTAINTY_ASSIGNED_CONTEXT ( ( #474 ) ) GLOBAL_UNIT_ASSIGNED_CONTEXT ( ( #458, #952, #1859 ) ) REPRESENTATION_CONTEXT ( 'NONE', 'WORKASPACE' ) );
#999 = DIRECTION ( 'NONE',  ( 0.000000000000000000, 0.000000000000000000, 1.000000000000000000 ) ) ;
#1000 = DIRECTION ( 'NONE',  ( -1.000000000000000000, 0.000000000000000000, 0.000000000000000000 ) ) ;
#1001 = CARTESIAN_POINT ( 'NONE',  ( 10.09999999999999432, -6.408587988004847524, 1.199999999999997735 ) ) ;
#1002 = FACE_OUTER_BOUND ( 'NONE', #1856, .T. ) ;
#1003 = EDGE_CURVE ( 'NONE', #662, #326, #1115, .T. ) ;
#1004 = CARTESIAN_POINT ( 'NONE',  ( -8.099999999999999645, 6.524058041842766720, 5.699999999999990408 ) ) ;
#1005 = CARTESIAN_POINT ( 'NONE',  ( 0.000000000000000000, 0.000000000000000000, 21.74747741945470736 ) ) ;
#1006 = ORIENTED_EDGE ( 'NONE', *, *, #332, .F. ) ;
#1007 = DIRECTION ( 'NONE',  ( -1.000000000000000000, 0.000000000000000000, 0.000000000000000000 ) ) ;
#1008 = ORIENTED_EDGE ( 'NONE', *, *, #375, .T. ) ;
#1009 = FACE_OUTER_BOUND ( 'NONE', #1077, .T. ) ;
#1010 = CARTESIAN_POINT ( 'NONE',  ( 1.600000000000007194, -10.27683479157533775, 5.699999999999990408 ) ) ;
#1011 = EDGE_CURVE ( 'NONE', #417, #725, #1732, .T. ) ;
#1012 = VERTEX_POINT ( 'NONE', #1712 ) ;
#1013 = AXIS2_PLACEMENT_3D ( 'NONE', #764, #1217, #1771 ) ;
#1014 = CARTESIAN_POINT ( 'NONE',  ( -4.850000000000003197, 8.400446416709050013, 1.500000000000000000 ) ) ;
#1015 = LINE ( 'NONE', #1730, #1888 ) ;
#1016 = LINE ( 'NONE', #1871, #1708 ) ;
#1017 = VERTEX_POINT ( 'NONE', #325 ) ;
#1018 = CARTESIAN_POINT ( 'NONE',  ( 9.699999999999992184, 5.600297611139368748, 5.699999999999990408 ) ) ;
#1019 = EDGE_CURVE ( 'NONE', #761, #1503, #1355, .T. ) ;
#1020 = DIRECTION ( 'NONE',  ( 0.5000000000000006661, -0.8660254037844383745, 0.000000000000000000 ) ) ;
#1021 = VECTOR ( 'NONE', #87, 1000.000000000000114 ) ;
#1022 = CARTESIAN_POINT ( 'NONE',  ( 0.4999999999999917843, 11.95115057222525046, 1.199999999999999289 ) ) ;
#1023 = CIRCLE ( 'NONE', #477, 3.372059531467585192 ) ;
#1024 = CARTESIAN_POINT ( 'NONE',  ( -10.59999999999999254, 5.542562584220404709, 1.199999999999998401 ) ) ;
#1025 = CIRCLE ( 'NONE', #614, 2.899999999999991918 ) ;
#1026 = CARTESIAN_POINT ( 'NONE',  ( 10.09999999999999076, -6.408587988004848413, 1.500000000000000000 ) ) ;
#1027 = ORIENTED_EDGE ( 'NONE', *, *, #495, .T. ) ;
#1028 = CARTESIAN_POINT ( 'NONE',  ( -0.3470974015039755001, -12.03942892862671954, 1.200000000000002176 ) ) ;
#1029 = CARTESIAN_POINT ( 'NONE',  ( 7.049999999999999822, 8.633759933988839975E-16, 8.000000000000000000 ) ) ;
#1030 = LINE ( 'NONE', #1189, #1120 ) ;
#1031 = CARTESIAN_POINT ( 'NONE',  ( -0.4999999999999913403, -11.95115057222525579, 1.500000000000000000 ) ) ;
#1032 = CARTESIAN_POINT ( 'NONE',  ( -4.933119884809045175E-15, 11.20059522227873750, 5.699999999999990408 ) ) ;
#1033 = ADVANCED_FACE ( 'NONE', ( #251 ), #129, .T. ) ;
#1034 = DIRECTION ( 'NONE',  ( -0.000000000000000000, -0.000000000000000000, 1.000000000000000000 ) ) ;
#1035 = EDGE_CURVE ( 'NONE', #702, #662, #585, .T. ) ;
#1036 = VERTEX_POINT ( 'NONE', #1281 ) ;
#1037 = ORIENTED_EDGE ( 'NONE', *, *, #1357, .T. ) ;
#1038 = CIRCLE ( 'NONE', #1820, 5.049999999999999822 ) ;
#1039 = DIRECTION ( 'NONE',  ( 0.8660254037844383745, 0.5000000000000004441, 0.000000000000000000 ) ) ;
#1040 = DIRECTION ( 'NONE',  ( -1.000000000000000000, 0.000000000000000000, 0.000000000000000000 ) ) ;
#1041 = CARTESIAN_POINT ( 'NONE',  ( -2.099999999999999645, 0.000000000000000000, 33.99999999999999289 ) ) ;
#1042 = VECTOR ( 'NONE', #258, 1000.000000000000000 ) ;
#1043 = FACE_OUTER_BOUND ( 'NONE', #166, .T. ) ;
#1044 = EDGE_CURVE ( 'NONE', #1134, #705, #27, .T. ) ;
#1045 = LINE ( 'NONE', #1615, #1362 ) ;
#1046 = VECTOR ( 'NONE', #881, 1000.000000000000000 ) ;
#1047 = VERTEX_POINT ( 'NONE', #1827 ) ;
#1048 = EDGE_CURVE ( 'NONE', #1036, #7, #245, .T. ) ;
#1049 = UNCERTAINTY_MEASURE_WITH_UNIT (LENGTH_MEASURE( 1.000000000000000082E-05 ), #1431, 'distance_accuracy_value', 'NONE');
#1050 = ORIENTED_EDGE ( 'NONE', *, *, #495, .F. ) ;
#1051 = DIRECTION ( 'NONE',  ( 0.000000000000000000, 0.000000000000000000, 1.000000000000000000 ) ) ;
#1052 = ORIENTED_EDGE ( 'NONE', *, *, #1118, .F. ) ;
#1053 = DIRECTION ( 'NONE',  ( 0.8660254037844387076, -0.5000000000000001110, 0.000000000000000000 ) ) ;
#1054 = LINE ( 'NONE', #169, #1183 ) ;
#1055 =( BOUNDED_CURVE ( )  B_SPLINE_CURVE ( 3, ( #447, #864, #694, #853 ),
 .UNSPECIFIED., .F., .T. ) 
 B_SPLINE_CURVE_WITH_KNOTS ( ( 4, 4 ),
 ( 5.759586531581288860, 6.283185307179586232 ),
 .UNSPECIFIED. ) 
 CURVE ( )  GEOMETRIC_REPRESENTATION_ITEM ( )  RATIONAL_B_SPLINE_CURVE ( ( 1.000000000000000000, 0.9772838841927123932, 0.9772838841927123932, 1.000000000000000000 ) ) 
 REPRESENTATION_ITEM ( '' )  );
#1056 = LINE ( 'NONE', #1548, #709 ) ;
#1057 = AXIS2_PLACEMENT_3D ( 'NONE', #232, #372, #1269 ) ;
#1058 = EDGE_CURVE ( 'NONE', #369, #484, #1412, .T. ) ;
#1059 = DIRECTION ( 'NONE',  ( -0.000000000000000000, -0.000000000000000000, 1.000000000000000000 ) ) ;
#1060 = ORIENTED_EDGE ( 'NONE', *, *, #1839, .T. ) ;
#1061 = CARTESIAN_POINT ( 'NONE',  ( -10.59999999999999609, 5.719119297023338433, 1.199999999999997957 ) ) ;
#1062 = DIRECTION ( 'NONE',  ( -1.000000000000000000, 0.000000000000000000, 0.000000000000000000 ) ) ;
#1063 = ORIENTED_EDGE ( 'NONE', *, *, #1806, .T. ) ;
#1064 = CARTESIAN_POINT ( 'NONE',  ( -10.44999999999999041, 5.860105232274697151, 1.500000000000000000 ) ) ;
#1065 = CARTESIAN_POINT ( 'NONE',  ( 0.000000000000000000, 0.000000000000000000, 33.99999999999999289 ) ) ;
#1066 = EDGE_LOOP ( 'NONE', ( #1727, #1714, #364, #1265 ) ) ;
#1067 = CARTESIAN_POINT ( 'NONE',  ( 6.499999999999996447, -3.752776749732567030, 1.499999999999999556 ) ) ;
#1068 = CARTESIAN_POINT ( 'NONE',  ( 7.633969184175435867E-15, -12.08512516844081475, 1.333974596215560249 ) ) ;
#1069 = DIRECTION ( 'NONE',  ( 0.000000000000000000, 0.000000000000000000, -1.000000000000000000 ) ) ;
#1070 = CARTESIAN_POINT ( 'NONE',  ( -10.29999999999999005, -6.119912853410034437, 1.500000000000000000 ) ) ;
#1071 = CARTESIAN_POINT ( 'NONE',  ( -0.4999999999999915623, -11.95115057222525579, 0.000000000000000000 ) ) ;
#1072 = EDGE_CURVE ( 'NONE', #200, #928, #1284, .T. ) ;
#1073 = LINE ( 'NONE', #1756, #1141 ) ;
#1074 = CARTESIAN_POINT ( 'NONE',  ( 10.59999999999999076, 6.119912853410031772, 1.500000000000000000 ) ) ;
#1075 = ORIENTED_EDGE ( 'NONE', *, *, #130, .T. ) ;
#1076 = VECTOR ( 'NONE', #1545, 1000.000000000000114 ) ;
#1077 = EDGE_LOOP ( 'NONE', ( #1052, #670, #825, #1050 ) ) ;
#1078 = DIRECTION ( 'NONE',  ( 0.000000000000000000, 0.000000000000000000, -1.000000000000000000 ) ) ;
#1079 = AXIS2_PLACEMENT_3D ( 'NONE', #1559, #1666, #1737 ) ;
#1080 = CARTESIAN_POINT ( 'NONE',  ( -9.599999999999994316, 5.542562584220404709, 0.000000000000000000 ) ) ;
#1081 = DIRECTION ( 'NONE',  ( -3.097555873684865176E-16, 1.000000000000000000, 0.000000000000000000 ) ) ;
#1082 = EDGE_CURVE ( 'NONE', #21, #702, #1279, .T. ) ;
#1083 = CARTESIAN_POINT ( 'NONE',  ( 0.1765567128029410793, -12.08512516844081475, 1.245696239814094719 ) ) ;
#1084 = LINE ( 'NONE', #1675, #732 ) ;
#1085 = CARTESIAN_POINT ( 'NONE',  ( 0.000000000000000000, 0.000000000000000000, 17.03604719043194748 ) ) ;
#1086 = CARTESIAN_POINT ( 'NONE',  ( 10.59999999999999076, -5.542562584220409150, 1.199999999999998401 ) ) ;
#1087 = ORIENTED_EDGE ( 'NONE', *, *, #277, .T. ) ;
#1088 = VECTOR ( 'NONE', #1525, 1000.000000000000000 ) ;
#1089 = CYLINDRICAL_SURFACE ( 'NONE', #934, 4.099999999999999645 ) ;
#1090 = DIRECTION ( 'NONE',  ( 0.000000000000000000, 0.000000000000000000, -1.000000000000000000 ) ) ;
#1091 = CONICAL_SURFACE ( 'NONE', #57, 3.312435565298239570, 1.047197551196600962 ) ;
#1092 = AXIS2_PLACEMENT_3D ( 'NONE', #552, #583, #1713 ) ;
#1093 = ORIENTED_EDGE ( 'NONE', *, *, #1433, .T. ) ;
#1094 = DIRECTION ( 'NONE',  ( -1.000000000000000000, 0.000000000000000000, 0.000000000000000000 ) ) ;
#1095 = EDGE_CURVE ( 'NONE', #1775, #494, #900, .T. ) ;
#1096 = DIRECTION ( 'NONE',  ( 0.000000000000000000, -1.000000000000000000, 0.000000000000000000 ) ) ;
#1097 = ORIENTED_EDGE ( 'NONE', *, *, #6, .T. ) ;
#1098 = DIRECTION ( 'NONE',  ( -0.000000000000000000, -0.000000000000000000, -1.000000000000000000 ) ) ;
#1099 = DIRECTION ( 'NONE',  ( 0.7071067811865424657, 8.659560562354869996E-17, -0.7071067811865526798 ) ) ;
#1100 = EDGE_CURVE ( 'NONE', #883, #1551, #1392, .T. ) ;
#1101 = EDGE_LOOP ( 'NONE', ( #1063, #222, #1510, #99 ) ) ;
#1102 = ORIENTED_EDGE ( 'NONE', *, *, #1390, .F. ) ;
#1103 = CARTESIAN_POINT ( 'NONE',  ( 10.46602540378443003, 6.042562584220403821, 1.333974596215560027 ) ) ;
#1104 = CARTESIAN_POINT ( 'NONE',  ( 10.59999999999999076, -6.119912853410035325, 0.000000000000000000 ) ) ;
#1105 = ORIENTED_EDGE ( 'NONE', *, *, #301, .T. ) ;
#1106 = FACE_OUTER_BOUND ( 'NONE', #1199, .T. ) ;
#1107 = DIRECTION ( 'NONE',  ( 0.8660254037844382635, 0.5000000000000006661, 0.000000000000000000 ) ) ;
#1108 = EDGE_CURVE ( 'NONE', #1289, #24, #841, .T. ) ;
#1109 = CARTESIAN_POINT ( 'NONE',  ( -6.499999999999992006, -3.752776749732570583, 1.499999999999999556 ) ) ;
#1110 = CIRCLE ( 'NONE', #767, 1.000000000000000000 ) ;
#1111 = DIRECTION ( 'NONE',  ( -1.000000000000000000, 0.000000000000000000, -0.000000000000000000 ) ) ;
#1112 = VERTEX_POINT ( 'NONE', #254 ) ;
#1113 = CARTESIAN_POINT ( 'NONE',  ( 0.000000000000000000, 0.000000000000000000, 0.000000000000000000 ) ) ;
#1114 = DIRECTION ( 'NONE',  ( 1.000000000000000000, 0.000000000000000000, 0.000000000000000000 ) ) ;
#1115 = LINE ( 'NONE', #1187, #1422 ) ;
#1116 = VECTOR ( 'NONE', #1695, 1000.000000000000114 ) ;
#1117 = AXIS2_PLACEMENT_3D ( 'NONE', #1274, #1550, #545 ) ;
#1118 = EDGE_CURVE ( 'NONE', #921, #116, #355, .T. ) ;
#1119 = CARTESIAN_POINT ( 'NONE',  ( 7.785775062857378222E-15, -11.89341554530628819, 1.500000000000000000 ) ) ;
#1120 = VECTOR ( 'NONE', #866, 1000.000000000000000 ) ;
#1121 = FACE_OUTER_BOUND ( 'NONE', #276, .T. ) ;
#1122 = CARTESIAN_POINT ( 'NONE',  ( 0.000000000000000000, 0.000000000000000000, 0.000000000000000000 ) ) ;
#1123 = LINE ( 'NONE', #1683, #1621 ) ;
#1124 = CARTESIAN_POINT ( 'NONE',  ( 0.000000000000000000, 0.000000000000000000, 8.000000000000000000 ) ) ;
#1125 = EDGE_CURVE ( 'NONE', #622, #869, #500, .T. ) ;
#1126 = ORIENTED_EDGE ( 'NONE', *, *, #92, .F. ) ;
#1127 = DIRECTION ( 'NONE',  ( 0.000000000000000000, 0.000000000000000000, -1.000000000000000000 ) ) ;
#1128 = CARTESIAN_POINT ( 'NONE',  ( -10.59999999999999254, -5.542562584220407373, 1.199999999999998401 ) ) ;
#1129 = EDGE_CURVE ( 'NONE', #762, #1642, #1123, .T. ) ;
#1130 = EDGE_LOOP ( 'NONE', ( #73, #776, #1784, #784 ) ) ;
#1131 = CARTESIAN_POINT ( 'NONE',  ( 0.000000000000000000, 0.000000000000000000, 17.00000000000000000 ) ) ;
#1132 = LINE ( 'NONE', #1857, #1858 ) ;
#1133 = FACE_OUTER_BOUND ( 'NONE', #10, .T. ) ;
#1134 = VERTEX_POINT ( 'NONE', #1650 ) ;
#1135 = DIRECTION ( 'NONE',  ( -1.000000000000000000, 0.000000000000000000, 0.000000000000000000 ) ) ;
#1136 = ORIENTED_EDGE ( 'NONE', *, *, #710, .T. ) ;
#1137 = AXIS2_PLACEMENT_3D ( 'NONE', #747, #1757, #1768 ) ;
#1138 = DIRECTION ( 'NONE',  ( -0.000000000000000000, -0.000000000000000000, -1.000000000000000000 ) ) ;
#1139 = CARTESIAN_POINT ( 'NONE',  ( -1.600000000000005862, 10.27683479157533597, 1.500000000000000000 ) ) ;
#1140 = ORIENTED_EDGE ( 'NONE', *, *, #1082, .F. ) ;
#1141 = VECTOR ( 'NONE', #1053, 999.9999999999998863 ) ;
#1142 = DIRECTION ( 'NONE',  ( 0.3420201433256649937, 4.188538737676946159E-17, -0.9396926207859097602 ) ) ;
#1143 = EDGE_CURVE ( 'NONE', #593, #1503, #1282, .T. ) ;
#1144 = CARTESIAN_POINT ( 'NONE',  ( 0.000000000000000000, 0.000000000000000000, 19.00000000000000000 ) ) ;
#1145 = AXIS2_PLACEMENT_3D ( 'NONE', #903, #1788, #1743 ) ;
#1146 = EDGE_LOOP ( 'NONE', ( #679, #416, #1889, #179 ) ) ;
#1147 = FACE_OUTER_BOUND ( 'NONE', #499, .T. ) ;
#1148 = AXIS2_PLACEMENT_3D ( 'NONE', #136, #317, #1304 ) ;
#1149 = ORIENTED_EDGE ( 'NONE', *, *, #487, .T. ) ;
#1150 = APPLICATION_PROTOCOL_DEFINITION ( 'draft international standard', 'automotive_design', 1998, #582 ) ;
#1151 = DIRECTION ( 'NONE',  ( -1.000000000000000000, 0.000000000000000000, 0.000000000000000000 ) ) ;
#1152 = EDGE_CURVE ( 'NONE', #7, #454, #806, .T. ) ;
#1153 = DIRECTION ( 'NONE',  ( 0.000000000000000000, 0.000000000000000000, -1.000000000000000000 ) ) ;
#1154 = DIRECTION ( 'NONE',  ( -0.7071067811865465735, 0.000000000000000000, -0.7071067811865485719 ) ) ;
#1155 = VERTEX_POINT ( 'NONE', #1395 ) ;
#1156 = CARTESIAN_POINT ( 'NONE',  ( -9.699999999999993960, -3.752776749732571471, 1.500000000000000000 ) ) ;
#1157 = ORIENTED_EDGE ( 'NONE', *, *, #547, .T. ) ;
#1158 = FACE_OUTER_BOUND ( 'NONE', #877, .T. ) ;
#1159 = PLANE ( 'NONE',  #49 ) ;
#1160 = ORIENTED_EDGE ( 'NONE', *, *, #1359, .F. ) ;
#1161 = VERTEX_POINT ( 'NONE', #1669 ) ;
#1162 = ORIENTED_EDGE ( 'NONE', *, *, #1003, .F. ) ;
#1163 = DIRECTION ( 'NONE',  ( -0.000000000000000000, -0.000000000000000000, -1.000000000000000000 ) ) ;
#1164 = EDGE_CURVE ( 'NONE', #943, #980, #191, .T. ) ;
#1165 = DIRECTION ( 'NONE',  ( -1.000000000000000000, 8.972707634362814017E-16, 0.000000000000000000 ) ) ;
#1166 = VECTOR ( 'NONE', #1090, 1000.000000000000000 ) ;
#1167 = ORIENTED_EDGE ( 'NONE', *, *, #1542, .T. ) ;
#1168 = VERTEX_POINT ( 'NONE', #1381 ) ;
#1169 = VECTOR ( 'NONE', #1890, 1000.000000000000000 ) ;
#1170 = EDGE_LOOP ( 'NONE', ( #1816, #701, #247, #1384 ) ) ;
#1171 = FACE_OUTER_BOUND ( 'NONE', #1530, .T. ) ;
#1172 = DIRECTION ( 'NONE',  ( 0.000000000000000000, 0.000000000000000000, 1.000000000000000000 ) ) ;
#1173 = CYLINDRICAL_SURFACE ( 'NONE', #526, 2.099999999999999645 ) ;
#1174 = CARTESIAN_POINT ( 'NONE',  ( -10.46602540378443180, 6.042562584220404709, 1.333974596215558917 ) ) ;
#1175 = VECTOR ( 'NONE', #728, 1000.000000000000000 ) ;
#1176 = CYLINDRICAL_SURFACE ( 'NONE', #151, 5.049999999999999822 ) ;
#1177 = FACE_OUTER_BOUND ( 'NONE', #45, .T. ) ;
#1178 = LINE ( 'NONE', #1026, #250 ) ;
#1179 = CARTESIAN_POINT ( 'NONE',  ( 10.59999999999999076, -5.542562584220409150, 1.500000000000000000 ) ) ;
#1180 = VERTEX_POINT ( 'NONE', #944 ) ;
#1181 = ADVANCED_FACE ( 'NONE', ( #1106 ), #651, .T. ) ;
#1182 = DIRECTION ( 'NONE',  ( -0.3535533905932762289, 0.6123724356957979120, 0.7071067811865434649 ) ) ;
#1183 = VECTOR ( 'NONE', #1560, 1000.000000000000114 ) ;
#1184 = ADVANCED_FACE ( 'NONE', ( #1659 ), #967, .T. ) ;
#1185 = AXIS2_PLACEMENT_3D ( 'NONE', #1018, #940, #1813 ) ;
#1186 = LINE ( 'NONE', #1882, #1494 ) ;
#1187 = CARTESIAN_POINT ( 'NONE',  ( -4.849999999999997868, -8.400446416709053565, 1.500000000000000000 ) ) ;
#1188 = CARTESIAN_POINT ( 'NONE',  ( 6.499999999999991118, 3.752776749732566142, 6.000000000000000000 ) ) ;
#1189 = CARTESIAN_POINT ( 'NONE',  ( -2.099999999999999645, 0.000000000000000000, 36.00000000000000000 ) ) ;
#1190 = CARTESIAN_POINT ( 'NONE',  ( 0.000000000000000000, 0.000000000000000000, 36.00000000000000000 ) ) ;
#1191 = DIRECTION ( 'NONE',  ( -0.000000000000000000, -0.000000000000000000, -1.000000000000000000 ) ) ;
#1192 = ADVANCED_FACE ( 'NONE', ( #627 ), #1089, .T. ) ;
#1193 = ORIENTED_EDGE ( 'NONE', *, *, #1689, .F. ) ;
#1194 = EDGE_CURVE ( 'NONE', #1484, #820, #1881, .T. ) ;
#1195 = ORIENTED_EDGE ( 'NONE', *, *, #1792, .F. ) ;
#1196 = ORIENTED_EDGE ( 'NONE', *, *, #375, .F. ) ;
#1197 = ORIENTED_EDGE ( 'NONE', *, *, #658, .F. ) ;
#1198 = CYLINDRICAL_SURFACE ( 'NONE', #1595, 2.099999999999999645 ) ;
#1199 = EDGE_LOOP ( 'NONE', ( #1149, #485, #14, #983 ) ) ;
#1200 = CARTESIAN_POINT ( 'NONE',  ( -1.599999999999993872, -10.27683479157533952, 5.699999999999990408 ) ) ;
#1201 = ORIENTED_EDGE ( 'NONE', *, *, #1272, .F. ) ;
#1202 = AXIS2_PLACEMENT_3D ( 'NONE', #192, #1832, #248 ) ;
#1203 = PRODUCT_DEFINITION_SHAPE ( 'NONE', 'NONE',  #985 ) ;
#1204 = LINE ( 'NONE', #759, #548 ) ;
#1205 = ADVANCED_FACE ( 'NONE', ( #418 ), #1874, .T. ) ;
#1206 =( BOUNDED_CURVE ( )  B_SPLINE_CURVE ( 3, ( #1868, #1456, #888, #1625 ),
 .UNSPECIFIED., .F., .T. ) 
 B_SPLINE_CURVE_WITH_KNOTS ( ( 4, 4 ),
 ( 2.494966039323642804E-15, 0.5235987755982974834 ),
 .UNSPECIFIED. ) 
 CURVE ( )  GEOMETRIC_REPRESENTATION_ITEM ( )  RATIONAL_B_SPLINE_CURVE ( ( 1.000000000000000000, 0.9772838841927123932, 0.9772838841927123932, 1.000000000000000000 ) ) 
 REPRESENTATION_ITEM ( '' )  );
#1207 = VECTOR ( 'NONE', #1626, 1000.000000000000227 ) ;
#1208 = EDGE_LOOP ( 'NONE', ( #133, #285, #147, #1195 ) ) ;
#1209 = DIRECTION ( 'NONE',  ( -1.000000000000000000, 0.000000000000000000, 0.000000000000000000 ) ) ;
#1210 = AXIS2_PLACEMENT_3D ( 'NONE', #1085, #356, #1094 ) ;
#1211 = FACE_OUTER_BOUND ( 'NONE', #262, .T. ) ;
#1212 = CARTESIAN_POINT ( 'NONE',  ( -7.949999999999986855, -6.264250420707437428, 6.000000000000000000 ) ) ;
#1213 = AXIS2_PLACEMENT_3D ( 'NONE', #953, #72, #1546 ) ;
#1214 = AXIS2_PLACEMENT_3D ( 'NONE', #540, #451, #460 ) ;
#1215 = CIRCLE ( 'NONE', #936, 1.000000000000000888 ) ;
#1216 = ORIENTED_EDGE ( 'NONE', *, *, #279, .T. ) ;
#1217 = DIRECTION ( 'NONE',  ( 0.000000000000000000, 0.000000000000000000, -1.000000000000000000 ) ) ;
#1218 = CARTESIAN_POINT ( 'NONE',  ( 4.099999999999999645, 5.021051876504147385E-16, 36.00000000000000000 ) ) ;
#1219 = ORIENTED_EDGE ( 'NONE', *, *, #1506, .T. ) ;
#1220 = ADVANCED_FACE ( 'NONE', ( #1443, #1454 ), #1294, .F. ) ;
#1221 = ORIENTED_EDGE ( 'NONE', *, *, #1728, .T. ) ;
#1222 = CARTESIAN_POINT ( 'NONE',  ( -10.59999999999999254, 5.542562584220404709, 1.199999999999998401 ) ) ;
#1223 = FACE_OUTER_BOUND ( 'NONE', #1101, .T. ) ;
#1224 = LINE ( 'NONE', #941, #1411 ) ;
#1225 = CARTESIAN_POINT ( 'NONE',  ( -5.204170427930421283E-15, 7.505553499465130507, 6.000000000000000000 ) ) ;
#1226 = ORIENTED_EDGE ( 'NONE', *, *, #834, .F. ) ;
#1227 = DIRECTION ( 'NONE',  ( -1.000000000000000000, 0.000000000000000000, 0.000000000000000000 ) ) ;
#1228 =( BOUNDED_CURVE ( )  B_SPLINE_CURVE ( 3, ( #1103, #260, #381, #1275 ),
 .UNSPECIFIED., .F., .T. ) 
 B_SPLINE_CURVE_WITH_KNOTS ( ( 4, 4 ),
 ( 5.759586531581284419, 6.283185307179585344 ),
 .UNSPECIFIED. ) 
 CURVE ( )  GEOMETRIC_REPRESENTATION_ITEM ( )  RATIONAL_B_SPLINE_CURVE ( ( 1.000000000000000000, 0.9772838841927118381, 0.9772838841927118381, 1.000000000000000000 ) ) 
 REPRESENTATION_ITEM ( '' )  );
#1229 = CARTESIAN_POINT ( 'NONE',  ( 6.499999999999996447, -3.752776749732567030, 6.000000000000000000 ) ) ;
#1230 = DIRECTION ( 'NONE',  ( -0.000000000000000000, -0.000000000000000000, -1.000000000000000000 ) ) ;
#1231 = ADVANCED_FACE ( 'NONE', ( #1563 ), #399, .T. ) ;
#1232 = ORIENTED_EDGE ( 'NONE', *, *, #631, .T. ) ;
#1233 = ORIENTED_EDGE ( 'NONE', *, *, #1719, .T. ) ;
#1234 = CARTESIAN_POINT ( 'NONE',  ( 8.099999999999992539, 6.524058041842770272, 1.500000000000000000 ) ) ;
#1235 = AXIS2_PLACEMENT_3D ( 'NONE', #234, #763, #304 ) ;
#1236 = CARTESIAN_POINT ( 'NONE',  ( -6.499999999999992006, -3.752776749732570583, 6.000000000000000000 ) ) ;
#1237 = ORIENTED_EDGE ( 'NONE', *, *, #682, .F. ) ;
#1238 = CARTESIAN_POINT ( 'NONE',  ( 3.550000000000001155, 4.347496136973104859E-16, 0.000000000000000000 ) ) ;
#1239 = VECTOR ( 'NONE', #703, 1000.000000000000000 ) ;
#1240 = CARTESIAN_POINT ( 'NONE',  ( 6.499999999999991118, 3.752776749732566142, 1.499999999999999556 ) ) ;
#1241 = CARTESIAN_POINT ( 'NONE',  ( -10.59999999999999254, 6.119912853410029996, 1.500000000000000000 ) ) ;
#1242 = DIRECTION ( 'NONE',  ( -1.000000000000000000, 0.000000000000000000, 0.000000000000000000 ) ) ;
#1243 = EDGE_CURVE ( 'NONE', #831, #7, #1700, .T. ) ;
#1244 = DIRECTION ( 'NONE',  ( -1.000000000000000000, 0.000000000000000000, 0.000000000000000000 ) ) ;
#1245 = ORIENTED_EDGE ( 'NONE', *, *, #1473, .F. ) ;
#1246 = ORIENTED_EDGE ( 'NONE', *, *, #1773, .T. ) ;
#1247 = ADVANCED_FACE ( 'NONE', ( #407 ), #1173, .F. ) ;
#1248 = ORIENTED_EDGE ( 'NONE', *, *, #1125, .F. ) ;
#1249 = DIRECTION ( 'NONE',  ( -0.8660254037844387076, 0.4999999999999999445, 0.000000000000000000 ) ) ;
#1250 = ORIENTED_EDGE ( 'NONE', *, *, #1639, .T. ) ;
#1251 = AXIS2_PLACEMENT_3D ( 'NONE', #874, #1172, #138 ) ;
#1252 = VECTOR ( 'NONE', #1516, 1000.000000000000227 ) ;
#1253 = DIRECTION ( 'NONE',  ( 0.000000000000000000, 0.000000000000000000, -1.000000000000000000 ) ) ;
#1254 = DIRECTION ( 'NONE',  ( -1.000000000000000000, -1.794541526872563592E-15, 0.000000000000000000 ) ) ;
#1255 = PLANE ( 'NONE',  #860 ) ;
#1256 = AXIS2_PLACEMENT_3D ( 'NONE', #1122, #999, #1865 ) ;
#1257 = VECTOR ( 'NONE', #706, 1000.000000000000000 ) ;
#1258 = LINE ( 'NONE', #1549, #714 ) ;
#1259 = ORIENTED_EDGE ( 'NONE', *, *, #511, .F. ) ;
#1260 = DIRECTION ( 'NONE',  ( -1.000000000000000000, 1.794541526872563987E-15, 0.000000000000000000 ) ) ;
#1261 = EDGE_CURVE ( 'NONE', #204, #1758, #720, .T. ) ;
#1262 = ORIENTED_EDGE ( 'NONE', *, *, #1011, .F. ) ;
#1263 = DIRECTION ( 'NONE',  ( -1.000000000000000000, 0.000000000000000000, 0.000000000000000000 ) ) ;
#1264 = PLANE ( 'NONE',  #1273 ) ;
#1265 = ORIENTED_EDGE ( 'NONE', *, *, #1748, .T. ) ;
#1266 = CARTESIAN_POINT ( 'NONE',  ( 6.499999999999996447, -3.752776749732567030, 5.699999999999990408 ) ) ;
#1267 = LINE ( 'NONE', #832, #1535 ) ;
#1268 = DIRECTION ( 'NONE',  ( 0.000000000000000000, 0.000000000000000000, 1.000000000000000000 ) ) ;
#1269 = DIRECTION ( 'NONE',  ( 0.8660254037844382635, 0.5000000000000005551, 0.000000000000000000 ) ) ;
#1270 = DIRECTION ( 'NONE',  ( -1.000000000000000000, -3.097555873684865176E-16, 0.000000000000000000 ) ) ;
#1271 = FACE_OUTER_BOUND ( 'NONE', #1720, .T. ) ;
#1272 = EDGE_CURVE ( 'NONE', #862, #716, #1426, .T. ) ;
#1273 = AXIS2_PLACEMENT_3D ( 'NONE', #1280, #1575, #1566 ) ;
#1274 = CARTESIAN_POINT ( 'NONE',  ( 0.000000000000000000, 0.000000000000000000, 8.000000000000000000 ) ) ;
#1275 = CARTESIAN_POINT ( 'NONE',  ( 10.09999999999999076, 6.408587988004844860, 1.199999999999999289 ) ) ;
#1276 = ORIENTED_EDGE ( 'NONE', *, *, #101, .T. ) ;
#1277 = ORIENTED_EDGE ( 'NONE', *, *, #1704, .T. ) ;
#1278 = PRODUCT_CONTEXT ( 'NONE', #541, 'mechanical' ) ;
#1279 = LINE ( 'NONE', #79, #607 ) ;
#1280 = CARTESIAN_POINT ( 'NONE',  ( -10.59999999999999254, 6.119912853410029996, 1.199999999999998401 ) ) ;
#1281 = CARTESIAN_POINT ( 'NONE',  ( -1.600000000000007638, 10.27683479157533597, 5.699999999999991296 ) ) ;
#1282 = CIRCLE ( 'NONE', #961, 3.550000000000001155 ) ;
#1283 = ADVANCED_FACE ( 'NONE', ( #1133 ), #503, .T. ) ;
#1284 =( BOUNDED_CURVE ( )  B_SPLINE_CURVE ( 3, ( #1536, #221, #512, #799 ),
 .UNSPECIFIED., .F., .T. ) 
 B_SPLINE_CURVE_WITH_KNOTS ( ( 4, 4 ),
 ( 4.471683440199220799E-15, 0.5235987755983008141 ),
 .UNSPECIFIED. ) 
 CURVE ( )  GEOMETRIC_REPRESENTATION_ITEM ( )  RATIONAL_B_SPLINE_CURVE ( ( 1.000000000000000000, 0.9772838841927123932, 0.9772838841927123932, 1.000000000000000000 ) ) 
 REPRESENTATION_ITEM ( '' )  );
#1285 = DIRECTION ( 'NONE',  ( -1.000000000000000000, 0.000000000000000000, 0.000000000000000000 ) ) ;
#1286 = DIRECTION ( 'NONE',  ( -0.8660254037844385966, 0.5000000000000000000, 0.000000000000000000 ) ) ;
#1287 = EDGE_CURVE ( 'NONE', #442, #628, #1477, .T. ) ;
#1288 = FACE_OUTER_BOUND ( 'NONE', #1687, .T. ) ;
#1289 = VERTEX_POINT ( 'NONE', #274 ) ;
#1290 = ORIENTED_EDGE ( 'NONE', *, *, #1351, .F. ) ;
#1291 = CARTESIAN_POINT ( 'NONE',  ( -10.46602540378443180, -6.042562584220409150, 1.333974596215559583 ) ) ;
#1292 = DIRECTION ( 'NONE',  ( -1.000000000000000000, 0.000000000000000000, 0.000000000000000000 ) ) ;
#1293 = FACE_OUTER_BOUND ( 'NONE', #931, .T. ) ;
#1294 = PLANE ( 'NONE',  #611 ) ;
#1295 = CARTESIAN_POINT ( 'NONE',  ( 3.312435565298239570, 4.056563612424342157E-16, 17.00000000000000000 ) ) ;
#1296 = VECTOR ( 'NONE', #1142, 1000.000000000000000 ) ;
#1297 = CARTESIAN_POINT ( 'NONE',  ( -0.1765567128029228994, -12.08512516844081475, 1.245696239814096495 ) ) ;
#1298 = FACE_OUTER_BOUND ( 'NONE', #1814, .T. ) ;
#1299 = LINE ( 'NONE', #492, #51 ) ;
#1300 = CARTESIAN_POINT ( 'NONE',  ( 2.099999999999999645, 2.571758278209440971E-16, 33.99999999999999289 ) ) ;
#1301 = DIRECTION ( 'NONE',  ( 1.000000000000000000, 0.000000000000000000, 0.000000000000000000 ) ) ;
#1302 = VECTOR ( 'NONE', #1628, 1000.000000000000000 ) ;
#1303 = ORIENTED_EDGE ( 'NONE', *, *, #580, .T. ) ;
#1304 = DIRECTION ( 'NONE',  ( 1.000000000000000000, 0.000000000000000000, 0.000000000000000000 ) ) ;
#1305 = VECTOR ( 'NONE', #859, 1000.000000000000000 ) ;
#1306 = EDGE_CURVE ( 'NONE', #831, #1533, #118, .T. ) ;
#1307 = CARTESIAN_POINT ( 'NONE',  ( 0.000000000000000000, 0.000000000000000000, 36.00000000000000000 ) ) ;
#1308 = AXIS2_PLACEMENT_3D ( 'NONE', #1109, #1724, #1745 ) ;
#1309 = DIRECTION ( 'NONE',  ( -1.000000000000000000, 0.000000000000000000, 0.000000000000000000 ) ) ;
#1310 = AXIS2_PLACEMENT_3D ( 'NONE', #323, #1774, #1398 ) ;
#1311 = FACE_OUTER_BOUND ( 'NONE', #1693, .T. ) ;
#1312 = CARTESIAN_POINT ( 'NONE',  ( 3.550000000000001155, 4.347496136973104859E-16, 0.000000000000000000 ) ) ;
#1313 = AXIS2_PLACEMENT_3D ( 'NONE', #630, #384, #235 ) ;
#1314 = ORIENTED_EDGE ( 'NONE', *, *, #212, .F. ) ;
#1315 = VECTOR ( 'NONE', #1710, 999.9999999999998863 ) ;
#1316 = CARTESIAN_POINT ( 'NONE',  ( -10.59999999999999254, -6.119912853410035325, 1.199999999999998845 ) ) ;
#1317 = DIRECTION ( 'NONE',  ( 1.000000000000000000, 0.000000000000000000, 0.000000000000000000 ) ) ;
#1318 = DIRECTION ( 'NONE',  ( -0.000000000000000000, -0.000000000000000000, -1.000000000000000000 ) ) ;
#1319 = FACE_OUTER_BOUND ( 'NONE', #165, .T. ) ;
#1320 = CARTESIAN_POINT ( 'NONE',  ( -3.372059531467585192, 0.000000000000000000, 36.00000000000000000 ) ) ;
#1321 = EDGE_CURVE ( 'NONE', #1047, #869, #711, .T. ) ;
#1322 = ORIENTED_EDGE ( 'NONE', *, *, #1306, .T. ) ;
#1323 = CARTESIAN_POINT ( 'NONE',  ( 9.699999999999997513, -3.752776749732565253, 5.699999999999990408 ) ) ;
#1324 = DIRECTION ( 'NONE',  ( -1.000000000000000000, 0.000000000000000000, 0.000000000000000000 ) ) ;
#1325 = DIRECTION ( 'NONE',  ( 0.000000000000000000, 0.000000000000000000, -1.000000000000000000 ) ) ;
#1326 = ADVANCED_FACE ( 'NONE', ( #183 ), #890, .T. ) ;
#1327 = CARTESIAN_POINT ( 'NONE',  ( -4.499439015814843401E-15, 12.23982570682006354, 0.000000000000000000 ) ) ;
#1328 = ORIENTED_EDGE ( 'NONE', *, *, #117, .T. ) ;
#1329 = EDGE_CURVE ( 'NONE', #569, #730, #587, .T. ) ;
#1330 = VECTOR ( 'NONE', #111, 1000.000000000000000 ) ;
#1331 = LINE ( 'NONE', #1736, #510 ) ;
#1332 = ORIENTED_EDGE ( 'NONE', *, *, #71, .T. ) ;
#1333 = CARTESIAN_POINT ( 'NONE',  ( 9.699999999999992184, 3.752776749732567474, 5.699999999999990408 ) ) ;
#1334 = CARTESIAN_POINT ( 'NONE',  ( 4.099999999999999645, 5.021051876504147385E-16, 33.99999999999995737 ) ) ;
#1335 = CONICAL_SURFACE ( 'NONE', #605, 2.899999999999991918, 0.7853981633974460586 ) ;
#1336 = CARTESIAN_POINT ( 'NONE',  ( 0.000000000000000000, 0.000000000000000000, 36.00000000000000000 ) ) ;
#1337 = CARTESIAN_POINT ( 'NONE',  ( 10.46602540378443003, 6.042562584220403821, 1.333974596215560027 ) ) ;
#1338 = VERTEX_POINT ( 'NONE', #224 ) ;
#1339 = DIRECTION ( 'NONE',  ( -1.000000000000000000, 0.000000000000000000, 0.000000000000000000 ) ) ;
#1340 = ADVANCED_FACE ( 'NONE', ( #256 ), #1091, .F. ) ;
#1341 = FACE_OUTER_BOUND ( 'NONE', #327, .T. ) ;
#1342 = AXIS2_PLACEMENT_3D ( 'NONE', #209, #671, #1555 ) ;
#1343 = DIRECTION ( 'NONE',  ( 0.3535533905932714549, -0.6123724356957919168, 0.7071067811865510144 ) ) ;
#1344 = VERTEX_POINT ( 'NONE', #1688 ) ;
#1345 = AXIS2_PLACEMENT_3D ( 'NONE', #1113, #965, #126 ) ;
#1346 = EDGE_LOOP ( 'NONE', ( #615, #66, #1763, #1807 ) ) ;
#1347 = ORIENTED_EDGE ( 'NONE', *, *, #1129, .F. ) ;
#1348 =( NAMED_UNIT ( * ) SI_UNIT ( $, .STERADIAN. ) SOLID_ANGLE_UNIT ( ) );
#1349 = ORIENTED_EDGE ( 'NONE', *, *, #1830, .F. ) ;
#1350 = DIRECTION ( 'NONE',  ( 0.000000000000000000, -1.000000000000000000, 0.000000000000000000 ) ) ;
#1351 = EDGE_CURVE ( 'NONE', #1017, #1344, #387, .T. ) ;
#1352 = DIRECTION ( 'NONE',  ( -0.000000000000000000, -0.000000000000000000, -1.000000000000000000 ) ) ;
#1353 = CARTESIAN_POINT ( 'NONE',  ( -10.29999999999999005, 5.946707772653140545, 1.500000000000000000 ) ) ;
#1354 = VERTEX_POINT ( 'NONE', #1781 ) ;
#1355 = LINE ( 'NONE', #1312, #85 ) ;
#1356 = CARTESIAN_POINT ( 'NONE',  ( 10.29999999999998828, 5.946707772653139656, 1.500000000000000000 ) ) ;
#1357 = EDGE_CURVE ( 'NONE', #608, #1394, #88, .T. ) ;
#1358 = CARTESIAN_POINT ( 'NONE',  ( -1.599999999999992095, -10.27683479157533952, 1.500000000000000000 ) ) ;
#1359 = EDGE_CURVE ( 'NONE', #287, #788, #2, .T. ) ;
#1360 = AXIS2_PLACEMENT_3D ( 'NONE', #1188, #1641, #1254 ) ;
#1361 = ORIENTED_EDGE ( 'NONE', *, *, #1035, .T. ) ;
#1362 = VECTOR ( 'NONE', #1436, 1000.000000000000000 ) ;
#1363 = ORIENTED_EDGE ( 'NONE', *, *, #225, .F. ) ;
#1364 = FACE_OUTER_BOUND ( 'NONE', #290, .T. ) ;
#1365 = VECTOR ( 'NONE', #114, 999.9999999999998863 ) ;
#1366 = EDGE_LOOP ( 'NONE', ( #910, #25, #1779, #790 ) ) ;
#1367 = EDGE_CURVE ( 'NONE', #462, #1664, #263, .T. ) ;
#1368 = ORIENTED_EDGE ( 'NONE', *, *, #1125, .T. ) ;
#1369 = PLANE ( 'NONE',  #1313 ) ;
#1370 = CARTESIAN_POINT ( 'NONE',  ( -3.250000000000000444, 0.000000000000000000, 17.00000000000000000 ) ) ;
#1371 = DIRECTION ( 'NONE',  ( 0.8660254037844387076, -0.5000000000000001110, 0.000000000000000000 ) ) ;
#1372 = ORIENTED_EDGE ( 'NONE', *, *, #1423, .F. ) ;
#1373 = ORIENTED_EDGE ( 'NONE', *, *, #672, .F. ) ;
#1374 = ORIENTED_EDGE ( 'NONE', *, *, #1044, .T. ) ;
#1375 = CARTESIAN_POINT ( 'NONE',  ( 10.59999999999999076, 5.542562584220407373, 0.000000000000000000 ) ) ;
#1376 = DIRECTION ( 'NONE',  ( -0.3535533905932750631, -0.6123724356957969128, 0.7071067811865449082 ) ) ;
#1377 = EDGE_CURVE ( 'NONE', #1775, #628, #1751, .T. ) ;
#1378 = EDGE_CURVE ( 'NONE', #1637, #1629, #1267, .T. ) ;
#1379 = CARTESIAN_POINT ( 'NONE',  ( 1.450000000000005285, -10.01702717044000046, 6.000000000000000000 ) ) ;
#1380 = VERTEX_POINT ( 'NONE', #8 ) ;
#1381 = CARTESIAN_POINT ( 'NONE',  ( 5.049999999999999822, 6.184466335694133068E-16, 8.000000000000000000 ) ) ;
#1382 = ORIENTED_EDGE ( 'NONE', *, *, #546, .F. ) ;
#1383 = ORIENTED_EDGE ( 'NONE', *, *, #1357, .F. ) ;
#1384 = ORIENTED_EDGE ( 'NONE', *, *, #457, .T. ) ;
#1385 = ORIENTED_EDGE ( 'NONE', *, *, #1647, .T. ) ;
#1386 = EDGE_CURVE ( 'NONE', #1380, #287, #1056, .T. ) ;
#1387 = AXIS2_PLACEMENT_3D ( 'NONE', #1032, #310, #634 ) ;
#1388 = ORIENTED_EDGE ( 'NONE', *, *, #92, .T. ) ;
#1389 = CARTESIAN_POINT ( 'NONE',  ( 10.59999999999999076, 6.119912853410031772, 1.199999999999999289 ) ) ;
#1390 = EDGE_CURVE ( 'NONE', #1780, #421, #1862, .T. ) ;
#1391 = CYLINDRICAL_SURFACE ( 'NONE', #119, 1.000000000000000888 ) ;
#1392 = CIRCLE ( 'NONE', #1342, 3.200000000000000178 ) ;
#1393 = FACE_OUTER_BOUND ( 'NONE', #388, .T. ) ;
#1394 = VERTEX_POINT ( 'NONE', #1068 ) ;
#1395 = CARTESIAN_POINT ( 'NONE',  ( 10.09999999999999076, -6.408587988004848413, 0.000000000000000000 ) ) ;
#1396 = DIRECTION ( 'NONE',  ( -1.000000000000000000, 0.000000000000000000, 0.000000000000000000 ) ) ;
#1397 = EDGE_LOOP ( 'NONE', ( #1259, #187, #1372, #55, #1537 ) ) ;
#1398 = DIRECTION ( 'NONE',  ( -1.000000000000000000, 0.000000000000000000, 0.000000000000000000 ) ) ;
#1399 = CARTESIAN_POINT ( 'NONE',  ( -9.699999999999997513, 5.600297611139365195, 6.000000000000000000 ) ) ;
#1400 = CARTESIAN_POINT ( 'NONE',  ( -9.399999999999986144, -3.752776749732571471, 6.000000000000000000 ) ) ;
#1401 = CARTESIAN_POINT ( 'NONE',  ( 2.099999999999999645, 2.571758278209440971E-16, 17.70000000000000995 ) ) ;
#1402 = ORIENTED_EDGE ( 'NONE', *, *, #1118, .T. ) ;
#1403 = ADVANCED_FACE ( 'NONE', ( #237 ), #1644, .T. ) ;
#1404 = CARTESIAN_POINT ( 'NONE',  ( -10.46602540378443180, -6.042562584220409150, 1.333974596215559583 ) ) ;
#1405 = CARTESIAN_POINT ( 'NONE',  ( 10.59999999999999076, -6.119912853410035325, 1.199999999999998401 ) ) ;
#1406 = PLANE ( 'NONE',  #1769 ) ;
#1407 = DIRECTION ( 'NONE',  ( 1.000000000000000000, 0.000000000000000000, 0.000000000000000000 ) ) ;
#1408 = ORIENTED_EDGE ( 'NONE', *, *, #523, .F. ) ;
#1409 = FACE_OUTER_BOUND ( 'NONE', #1130, .T. ) ;
#1410 = ORIENTED_EDGE ( 'NONE', *, *, #793, .T. ) ;
#1411 = VECTOR ( 'NONE', #796, 1000.000000000000000 ) ;
#1412 = LINE ( 'NONE', #791, #1088 ) ;
#1413 = CARTESIAN_POINT ( 'NONE',  ( -10.09999999999999609, -6.408587988004846636, 0.000000000000000000 ) ) ;
#1414 = EDGE_CURVE ( 'NONE', #1161, #593, #1840, .T. ) ;
#1415 = AXIS2_PLACEMENT_3D ( 'NONE', #1670, #835, #959 ) ;
#1416 = VECTOR ( 'NONE', #1371, 999.9999999999998863 ) ;
#1417 =( BOUNDED_CURVE ( )  B_SPLINE_CURVE ( 3, ( #1863, #550, #1661, #470 ),
 .UNSPECIFIED., .F., .F. ) 
 B_SPLINE_CURVE_WITH_KNOTS ( ( 4, 4 ),
 ( 0.000000000000000000, 0.5235987755982952629 ),
 .UNSPECIFIED. ) 
 CURVE ( )  GEOMETRIC_REPRESENTATION_ITEM ( )  RATIONAL_B_SPLINE_CURVE ( ( 1.000000000000000000, 0.9772838841927123932, 0.9772838841927123932, 1.000000000000000000 ) ) 
 REPRESENTATION_ITEM ( '' )  );
#1418 = DIRECTION ( 'NONE',  ( -7.385397543482798130E-15, -0.7559289460184572818, 0.6546536707079738671 ) ) ;
#1419 = DIRECTION ( 'NONE',  ( 0.8660254037844385966, -0.4999999999999999445, 0.000000000000000000 ) ) ;
#1420 = DIRECTION ( 'NONE',  ( 0.000000000000000000, 0.000000000000000000, -1.000000000000000000 ) ) ;
#1421 = LINE ( 'NONE', #9, #1169 ) ;
#1422 = VECTOR ( 'NONE', #1705, 1000.000000000000114 ) ;
#1423 = EDGE_CURVE ( 'NONE', #273, #897, #121, .T. ) ;
#1424 = CIRCLE ( 'NONE', #1648, 3.200000000000000178 ) ;
#1425 = DIRECTION ( 'NONE',  ( -0.000000000000000000, -0.000000000000000000, 1.000000000000000000 ) ) ;
#1426 = LINE ( 'NONE', #538, #1646 ) ;
#1427 = LINE ( 'NONE', #456, #1502 ) ;
#1428 = LINE ( 'NONE', #100, #1738 ) ;
#1429 = ADVANCED_FACE ( 'NONE', ( #531 ), #1685, .T. ) ;
#1430 = LINE ( 'NONE', #414, #427 ) ;
#1431 =( LENGTH_UNIT ( ) NAMED_UNIT ( * ) SI_UNIT ( .MILLI., .METRE. ) );
#1432 = CARTESIAN_POINT ( 'NONE',  ( -3.469446951953614189E-15, 11.08512516844081119, 0.000000000000000000 ) ) ;
#1433 = EDGE_CURVE ( 'NONE', #1394, #1642, #684, .T. ) ;
#1434 = EDGE_LOOP ( 'NONE', ( #1363, #391, #78, #1632 ) ) ;
#1435 = ORIENTED_EDGE ( 'NONE', *, *, #368, .F. ) ;
#1436 = DIRECTION ( 'NONE',  ( 0.000000000000000000, 0.000000000000000000, -1.000000000000000000 ) ) ;
#1437 = AXIS2_PLACEMENT_3D ( 'NONE', #1776, #1069, #257 ) ;
#1438 = ORIENTED_EDGE ( 'NONE', *, *, #1764, .F. ) ;
#1439 = ORIENTED_EDGE ( 'NONE', *, *, #1143, .F. ) ;
#1440 = CARTESIAN_POINT ( 'NONE',  ( 0.4999999999999963363, 11.95115057222525046, 0.000000000000000000 ) ) ;
#1441 = EDGE_CURVE ( 'NONE', #1017, #622, #1206, .T. ) ;
#1442 = ORIENTED_EDGE ( 'NONE', *, *, #142, .T. ) ;
#1443 = FACE_BOUND ( 'NONE', #131, .T. ) ;
#1444 = CARTESIAN_POINT ( 'NONE',  ( -5.204170427930421283E-15, 7.505553499465130507, 6.000000000000000000 ) ) ;
#1445 = DIRECTION ( 'NONE',  ( 1.000000000000000000, 0.000000000000000000, 0.000000000000000000 ) ) ;
#1446 = AXIS2_PLACEMENT_3D ( 'NONE', #1799, #976, #382 ) ;
#1447 = ORIENTED_EDGE ( 'NONE', *, *, #693, .T. ) ;
#1448 = PLANE ( 'NONE',  #780 ) ;
#1449 = VECTOR ( 'NONE', #1498, 1000.000000000000114 ) ;
#1450 = EDGE_LOOP ( 'NONE', ( #132, #947, #215, #873 ) ) ;
#1451 = CARTESIAN_POINT ( 'NONE',  ( 9.699999999999993960, 4.506943796211475713E-15, 1.500000000000000000 ) ) ;
#1452 = VECTOR ( 'NONE', #639, 1000.000000000000000 ) ;
#1453 = EDGE_CURVE ( 'NONE', #484, #1380, #321, .T. ) ;
#1454 = FACE_OUTER_BOUND ( 'NONE', #1649, .T. ) ;
#1455 = FACE_OUTER_BOUND ( 'NONE', #787, .T. ) ;
#1456 = CARTESIAN_POINT ( 'NONE',  ( -10.25290259849600538, 6.320309631603374889, 1.199999999999998401 ) ) ;
#1457 = CARTESIAN_POINT ( 'NONE',  ( 10.46602540378442825, -6.042562584220408262, 1.333974596215560027 ) ) ;
#1458 = LINE ( 'NONE', #1601, #1257 ) ;
#1459 = CARTESIAN_POINT ( 'NONE',  ( -4.099999999999999645, 0.000000000000000000, 21.74747741945470736 ) ) ;
#1460 = CARTESIAN_POINT ( 'NONE',  ( 9.699999999999997513, -3.752776749732565253, 5.699999999999990408 ) ) ;
#1461 = ORIENTED_EDGE ( 'NONE', *, *, #1441, .F. ) ;
#1462 = EDGE_CURVE ( 'NONE', #421, #21, #736, .T. ) ;
#1463 = LINE ( 'NONE', #120, #957 ) ;
#1464 = ADVANCED_FACE ( 'NONE', ( #1271 ), #28, .F. ) ;
#1465 = VECTOR ( 'NONE', #1154, 1000.000000000000000 ) ;
#1466 = ORIENTED_EDGE ( 'NONE', *, *, #1359, .T. ) ;
#1467 = CARTESIAN_POINT ( 'NONE',  ( -10.59999999999999254, 6.119912853410029996, 0.000000000000000000 ) ) ;
#1468 = AXIS2_PLACEMENT_3D ( 'NONE', #168, #754, #488 ) ;
#1469 = CARTESIAN_POINT ( 'NONE',  ( -9.399999999999986144, -3.752776749732571471, 6.000000000000000000 ) ) ;
#1470 = LINE ( 'NONE', #875, #1305 ) ;
#1471 = ORIENTED_EDGE ( 'NONE', *, *, #635, .F. ) ;
#1472 = FACE_OUTER_BOUND ( 'NONE', #1635, .T. ) ;
#1473 = EDGE_CURVE ( 'NONE', #980, #943, #734, .T. ) ;
#1474 = DIRECTION ( 'NONE',  ( -0.000000000000000000, -0.000000000000000000, 1.000000000000000000 ) ) ;
#1475 = DIRECTION ( 'NONE',  ( -0.000000000000000000, -0.000000000000000000, -1.000000000000000000 ) ) ;
#1476 = DIRECTION ( 'NONE',  ( 1.000000000000000000, 0.000000000000000000, 0.000000000000000000 ) ) ;
#1477 = CIRCLE ( 'NONE', #902, 3.250000000000000444 ) ;
#1478 = ORIENTED_EDGE ( 'NONE', *, *, #1164, .T. ) ;
#1479 = AXIS2_PLACEMENT_3D ( 'NONE', #1080, #753, #1803 ) ;
#1480 = ORIENTED_EDGE ( 'NONE', *, *, #1367, .F. ) ;
#1481 = EDGE_CURVE ( 'NONE', #622, #589, #542, .T. ) ;
#1482 = VERTEX_POINT ( 'NONE', #464 ) ;
#1483 = ADVANCED_FACE ( 'NONE', ( #1522 ), #122, .T. ) ;
#1484 = VERTEX_POINT ( 'NONE', #1850 ) ;
#1485 = ORIENTED_EDGE ( 'NONE', *, *, #834, .T. ) ;
#1486 = ORIENTED_EDGE ( 'NONE', *, *, #1790, .F. ) ;
#1487 = ORIENTED_EDGE ( 'NONE', *, *, #1698, .T. ) ;
#1488 = VECTOR ( 'NONE', #1541, 1000.000000000000227 ) ;
#1489 = CARTESIAN_POINT ( 'NONE',  ( 10.59999999999999076, -5.542562584220409150, 0.000000000000000000 ) ) ;
#1490 = CARTESIAN_POINT ( 'NONE',  ( 0.000000000000000000, 0.000000000000000000, 21.74747741945470736 ) ) ;
#1491 = ADVANCED_FACE ( 'NONE', ( #268 ), #1198, .F. ) ;
#1492 = EDGE_LOOP ( 'NONE', ( #1347, #1725, #1640, #1226, #481, #1093 ) ) ;
#1493 = VECTOR ( 'NONE', #1081, 1000.000000000000000 ) ;
#1494 = VECTOR ( 'NONE', #571, 1000.000000000000114 ) ;
#1495 = ORIENTED_EDGE ( 'NONE', *, *, #350, .T. ) ;
#1496 = VERTEX_POINT ( 'NONE', #1457 ) ;
#1497 = LINE ( 'NONE', #898, #1166 ) ;
#1498 = DIRECTION ( 'NONE',  ( 0.3420201433256671031, 4.188538737676972043E-17, -0.9396926207859089830 ) ) ;
#1499 = DIRECTION ( 'NONE',  ( 0.000000000000000000, 0.000000000000000000, -1.000000000000000000 ) ) ;
#1500 = ORIENTED_EDGE ( 'NONE', *, *, #1553, .T. ) ;
#1501 = LINE ( 'NONE', #916, #1493 ) ;
#1502 = VECTOR ( 'NONE', #760, 1000.000000000000000 ) ;
#1503 = VERTEX_POINT ( 'NONE', #1238 ) ;
#1504 = ORIENTED_EDGE ( 'NONE', *, *, #1698, .F. ) ;
#1505 = AXIS2_PLACEMENT_3D ( 'NONE', #98, #1866, #1000 ) ;
#1506 = EDGE_CURVE ( 'NONE', #1036, #369, #1424, .T. ) ;
#1507 = AXIS2_PLACEMENT_3D ( 'NONE', #347, #1499, #1242 ) ;
#1508 = VERTEX_POINT ( 'NONE', #924 ) ;
#1509 = ADVANCED_FACE ( 'NONE', ( #188 ), #1369, .T. ) ;
#1510 = ORIENTED_EDGE ( 'NONE', *, *, #1773, .F. ) ;
#1511 = DIRECTION ( 'NONE',  ( -0.000000000000000000, -0.000000000000000000, 1.000000000000000000 ) ) ;
#1512 = DIRECTION ( 'NONE',  ( 0.000000000000000000, 0.000000000000000000, -1.000000000000000000 ) ) ;
#1513 = LINE ( 'NONE', #509, #431 ) ;
#1514 = ORIENTED_EDGE ( 'NONE', *, *, #225, .T. ) ;
#1515 = ORIENTED_EDGE ( 'NONE', *, *, #143, .F. ) ;
#1516 = DIRECTION ( 'NONE',  ( -0.8660254037844403729, 0.000000000000000000, -0.4999999999999971134 ) ) ;
#1517 = LINE ( 'NONE', #529, #1565 ) ;
#1518 = EDGE_CURVE ( 'NONE', #730, #1797, #1428, .T. ) ;
#1519 = DIRECTION ( 'NONE',  ( 0.000000000000000000, 0.000000000000000000, -1.000000000000000000 ) ) ;
#1520 = DIRECTION ( 'NONE',  ( -1.000000000000000000, 0.000000000000000000, 0.000000000000000000 ) ) ;
#1521 = ADVANCED_FACE ( 'NONE', ( #1393 ), #1406, .T. ) ;
#1522 = FACE_OUTER_BOUND ( 'NONE', #594, .T. ) ;
#1523 = EDGE_LOOP ( 'NONE', ( #1461, #374, #1831, #152, #1578 ) ) ;
#1524 = CARTESIAN_POINT ( 'NONE',  ( -10.59999999999999432, -5.719119297023341097, 1.199999999999997513 ) ) ;
#1525 = DIRECTION ( 'NONE',  ( -0.3535533905932731202, -0.6123724356957928050, 0.7071067811865493491 ) ) ;
#1526 = VERTEX_POINT ( 'NONE', #532 ) ;
#1527 = CONICAL_SURFACE ( 'NONE', #316, 4.099999999999999645, 0.3490658503988619543 ) ;
#1528 = EDGE_LOOP ( 'NONE', ( #483, #482, #1314, #1160 ) ) ;
#1529 = ADVANCED_FACE ( 'NONE', ( #981 ), #997, .T. ) ;
#1530 = EDGE_LOOP ( 'NONE', ( #1136, #1328, #1126, #396 ) ) ;
#1531 = DIRECTION ( 'NONE',  ( -1.000000000000000000, 0.000000000000000000, 0.000000000000000000 ) ) ;
#1532 = VECTOR ( 'NONE', #1766, 1000.000000000000000 ) ;
#1533 = VERTEX_POINT ( 'NONE', #1004 ) ;
#1534 = DIRECTION ( 'NONE',  ( 0.7071067811865454633, -0.000000000000000000, 0.7071067811865495711 ) ) ;
#1535 = VECTOR ( 'NONE', #1419, 1000.000000000000114 ) ;
#1536 = CARTESIAN_POINT ( 'NONE',  ( 0.4999999999999917843, 11.95115057222525046, 1.199999999999999289 ) ) ;
#1537 = ORIENTED_EDGE ( 'NONE', *, *, #360, .F. ) ;
#1538 = VERTEX_POINT ( 'NONE', #1440 ) ;
#1539 = ADVANCED_FACE ( 'NONE', ( #1158 ), #970, .T. ) ;
#1540 = ORIENTED_EDGE ( 'NONE', *, *, #1462, .T. ) ;
#1541 = DIRECTION ( 'NONE',  ( 0.8660254037844385966, -0.5000000000000000000, 0.000000000000000000 ) ) ;
#1542 = EDGE_CURVE ( 'NONE', #1338, #613, #455, .T. ) ;
#1543 = DIRECTION ( 'NONE',  ( 0.000000000000000000, 0.000000000000000000, -1.000000000000000000 ) ) ;
#1544 = CARTESIAN_POINT ( 'NONE',  ( 1.599999999999995870, 10.27683479157533597, 5.699999999999990408 ) ) ;
#1545 = DIRECTION ( 'NONE',  ( -0.8660254037844382635, -0.5000000000000006661, 0.000000000000000000 ) ) ;
#1546 = DIRECTION ( 'NONE',  ( -1.000000000000000000, 0.000000000000000000, 0.000000000000000000 ) ) ;
#1547 = CARTESIAN_POINT ( 'NONE',  ( 10.59999999999999076, 6.119912853410031772, 1.199999999999998401 ) ) ;
#1548 = CARTESIAN_POINT ( 'NONE',  ( -7.949999999999996625, 6.264250420707429434, 6.000000000000000000 ) ) ;
#1549 = CARTESIAN_POINT ( 'NONE',  ( -3.372059531467585192, 0.000000000000000000, 36.00000000000000000 ) ) ;
#1550 = DIRECTION ( 'NONE',  ( 0.000000000000000000, 0.000000000000000000, -1.000000000000000000 ) ) ;
#1551 = VERTEX_POINT ( 'NONE', #1200 ) ;
#1552 = AXIS2_PLACEMENT_3D ( 'NONE', #266, #1584, #330 ) ;
#1553 = EDGE_CURVE ( 'NONE', #869, #1637, #486, .T. ) ;
#1554 = AXIS2_PLACEMENT_3D ( 'NONE', #20, #800, #1396 ) ;
#1555 = DIRECTION ( 'NONE',  ( -1.000000000000000000, 0.000000000000000000, 0.000000000000000000 ) ) ;
#1556 = CONICAL_SURFACE ( 'NONE', #1798, 3.550000000000001155, 0.7853981633974410625 ) ;
#1557 = CARTESIAN_POINT ( 'NONE',  ( -10.59999999999999254, 5.542562584220404709, 0.000000000000000000 ) ) ;
#1558 = DIRECTION ( 'NONE',  ( -1.000000000000000000, 0.000000000000000000, 0.000000000000000000 ) ) ;
#1559 = CARTESIAN_POINT ( 'NONE',  ( -7.049999999999999822, 0.000000000000000000, 8.000000000000000000 ) ) ;
#1560 = DIRECTION ( 'NONE',  ( -0.8660254037844387076, 0.4999999999999998890, 0.000000000000000000 ) ) ;
#1561 = ORIENTED_EDGE ( 'NONE', *, *, #48, .F. ) ;
#1562 = ORIENTED_EDGE ( 'NONE', *, *, #693, .F. ) ;
#1563 = FACE_OUTER_BOUND ( 'NONE', #1066, .T. ) ;
#1564 = EDGE_CURVE ( 'NONE', #792, #1338, #1023, .T. ) ;
#1565 = VECTOR ( 'NONE', #1352, 1000.000000000000000 ) ;
#1566 = DIRECTION ( 'NONE',  ( -0.8660254037844383745, -0.5000000000000004441, 0.000000000000000000 ) ) ;
#1567 = CARTESIAN_POINT ( 'NONE',  ( -7.949999999999986855, -6.264250420707437428, 6.000000000000000000 ) ) ;
#1568 = VECTOR ( 'NONE', #1519, 1000.000000000000000 ) ;
#1569 = EDGE_CURVE ( 'NONE', #1482, #1168, #36, .T. ) ;
#1570 = AXIS2_PLACEMENT_3D ( 'NONE', #1686, #1059, #803 ) ;
#1571 = VECTOR ( 'NONE', #182, 1000.000000000000000 ) ;
#1572 = AXIS2_PLACEMENT_3D ( 'NONE', #863, #994, #278 ) ;
#1573 = DIRECTION ( 'NONE',  ( 0.000000000000000000, 0.000000000000000000, -1.000000000000000000 ) ) ;
#1574 = ORIENTED_EDGE ( 'NONE', *, *, #1261, .T. ) ;
#1575 = DIRECTION ( 'NONE',  ( -0.3535533905932736198, 0.6123724356957934711, 0.7071067811865486830 ) ) ;
#1576 = EDGE_LOOP ( 'NONE', ( #1447, #1540, #992, #1361, #1593, #246, #1581, #1442, #1606, #986, #134, #435 ) ) ;
#1577 = ADVANCED_FACE ( 'NONE', ( #354 ), #962, .T. ) ;
#1578 = ORIENTED_EDGE ( 'NONE', *, *, #1481, .F. ) ;
#1579 = DIRECTION ( 'NONE',  ( -0.000000000000000000, -0.000000000000000000, 1.000000000000000000 ) ) ;
#1580 = CARTESIAN_POINT ( 'NONE',  ( 6.499999999999991118, 3.752776749732566142, 5.699999999999990408 ) ) ;
#1581 = ORIENTED_EDGE ( 'NONE', *, *, #1272, .T. ) ;
#1582 = LINE ( 'NONE', #1316, #218 ) ;
#1583 = DIRECTION ( 'NONE',  ( 0.000000000000000000, 0.000000000000000000, 1.000000000000000000 ) ) ;
#1584 = DIRECTION ( 'NONE',  ( 0.000000000000000000, 0.000000000000000000, -1.000000000000000000 ) ) ;
#1585 = LINE ( 'NONE', #202, #1452 ) ;
#1586 = EDGE_CURVE ( 'NONE', #1810, #1012, #1055, .T. ) ;
#1587 = AXIS2_PLACEMENT_3D ( 'NONE', #837, #1325, #150 ) ;
#1588 = ORIENTED_EDGE ( 'NONE', *, *, #1035, .F. ) ;
#1589 = DIRECTION ( 'NONE',  ( -0.000000000000000000, -0.000000000000000000, -1.000000000000000000 ) ) ;
#1590 = DIRECTION ( 'NONE',  ( 0.5000000000000006661, -0.8660254037844382635, 0.000000000000000000 ) ) ;
#1591 = ORIENTED_EDGE ( 'NONE', *, *, #1839, .F. ) ;
#1592 = VECTOR ( 'NONE', #817, 1000.000000000000114 ) ;
#1593 = ORIENTED_EDGE ( 'NONE', *, *, #1003, .T. ) ;
#1594 = AXIS2_PLACEMENT_3D ( 'NONE', #1236, #815, #1811 ) ;
#1595 = AXIS2_PLACEMENT_3D ( 'NONE', #1733, #452, #124 ) ;
#1596 = EDGE_CURVE ( 'NONE', #449, #1155, #1215, .T. ) ;
#1597 = LINE ( 'NONE', #419, #370 ) ;
#1598 = DIRECTION ( 'NONE',  ( -0.000000000000000000, -0.000000000000000000, 1.000000000000000000 ) ) ;
#1599 = DIRECTION ( 'NONE',  ( -0.8660254037844385966, 0.5000000000000000000, 0.000000000000000000 ) ) ;
#1600 =( BOUNDED_CURVE ( )  B_SPLINE_CURVE ( 3, ( #1872, #979, #805, #1694 ),
 .UNSPECIFIED., .F., .F. ) 
 B_SPLINE_CURVE_WITH_KNOTS ( ( 4, 4 ),
 ( 5.759586531581288860, 6.283185307179586232 ),
 .UNSPECIFIED. ) 
 CURVE ( )  GEOMETRIC_REPRESENTATION_ITEM ( )  RATIONAL_B_SPLINE_CURVE ( ( 1.000000000000000000, 0.9772838841927123932, 0.9772838841927123932, 1.000000000000000000 ) ) 
 REPRESENTATION_ITEM ( '' )  );
#1601 = CARTESIAN_POINT ( 'NONE',  ( 8.099999999999997868, -6.524058041842770272, 6.000000000000000000 ) ) ;
#1602 = EDGE_LOOP ( 'NONE', ( #942, #1008, #226, #305, #1248, #650 ) ) ;
#1603 = EDGE_LOOP ( 'NONE', ( #1196, #508, #617, #424, #951 ) ) ;
#1604 = ADVANCED_FACE ( 'NONE', ( #441 ), #113, .T. ) ;
#1605 = DIRECTION ( 'NONE',  ( 0.8660254037844382635, 0.5000000000000006661, 0.000000000000000000 ) ) ;
#1606 = ORIENTED_EDGE ( 'NONE', *, *, #1243, .T. ) ;
#1607 = EDGE_LOOP ( 'NONE', ( #377, #646, #653, #1006, #1237 ) ) ;
#1608 = ORIENTED_EDGE ( 'NONE', *, *, #457, .F. ) ;
#1609 = CIRCLE ( 'NONE', #1235, 3.200000000000000622 ) ;
#1610 = LINE ( 'NONE', #1010, #1315 ) ;
#1611 = LINE ( 'NONE', #425, #1532 ) ;
#1612 = ORIENTED_EDGE ( 'NONE', *, *, #167, .T. ) ;
#1613 = ORIENTED_EDGE ( 'NONE', *, *, #277, .F. ) ;
#1614 = AXIS2_PLACEMENT_3D ( 'NONE', #974, #61, #1531 ) ;
#1615 = CARTESIAN_POINT ( 'NONE',  ( 0.5000000000000125455, -11.95115057222525401, 1.500000000000000000 ) ) ;
#1616 = ADVANCED_FACE ( 'NONE', ( #505 ), #41, .T. ) ;
#1617 = DIRECTION ( 'NONE',  ( -0.8660254037844382635, -0.5000000000000004441, 0.000000000000000000 ) ) ;
#1618 = EDGE_CURVE ( 'NONE', #308, #1780, #337, .T. ) ;
#1619 = DIRECTION ( 'NONE',  ( 0.000000000000000000, 0.000000000000000000, -1.000000000000000000 ) ) ;
#1620 = VECTOR ( 'NONE', #1579, 1000.000000000000000 ) ;
#1621 = VECTOR ( 'NONE', #358, 1000.000000000000114 ) ;
#1622 = DIRECTION ( 'NONE',  ( 0.3535533905932731202, -0.6123724356957928050, -0.7071067811865493491 ) ) ;
#1623 = AXIS2_PLACEMENT_3D ( 'NONE', #1029, #203, #1762 ) ;
#1624 = VERTEX_POINT ( 'NONE', #770 ) ;
#1625 = CARTESIAN_POINT ( 'NONE',  ( -10.46602540378443180, 6.042562584220404709, 1.333974596215558917 ) ) ;
#1626 = DIRECTION ( 'NONE',  ( 0.8660254037844382635, 0.5000000000000004441, 0.000000000000000000 ) ) ;
#1627 = ADVANCED_FACE ( 'NONE', ( #1223 ), #489, .T. ) ;
#1628 = DIRECTION ( 'NONE',  ( -4.646333810527297518E-16, 1.000000000000000000, 0.000000000000000000 ) ) ;
#1629 = VERTEX_POINT ( 'NONE', #1119 ) ;
#1630 = EDGE_LOOP ( 'NONE', ( #1232, #46, #1783, #1408 ) ) ;
#1631 = DIRECTION ( 'NONE',  ( -0.7071067811865505703, -2.190302763386798538E-16, 0.7071067811865444641 ) ) ;
#1632 = ORIENTED_EDGE ( 'NONE', *, *, #142, .F. ) ;
#1633 = ADVANCED_FACE ( 'NONE', ( #971 ), #1822, .T. ) ;
#1634 = CYLINDRICAL_SURFACE ( 'NONE', #1202, 1.000000000000000000 ) ;
#1635 = EDGE_LOOP ( 'NONE', ( #930, #949, #1193, #795 ) ) ;
#1636 = LINE ( 'NONE', #479, #1302 ) ;
#1637 = VERTEX_POINT ( 'NONE', #686 ) ;
#1638 = PRESENTATION_LAYER_ASSIGNMENT (  '', '', ( #1789 ) ) ;
#1639 = EDGE_CURVE ( 'NONE', #883, #702, #1697, .T. ) ;
#1640 = ORIENTED_EDGE ( 'NONE', *, *, #59, .F. ) ;
#1641 = DIRECTION ( 'NONE',  ( -0.000000000000000000, -0.000000000000000000, 1.000000000000000000 ) ) ;
#1642 = VERTEX_POINT ( 'NONE', #403 ) ;
#1643 = DIRECTION ( 'NONE',  ( -0.000000000000000000, -0.000000000000000000, -1.000000000000000000 ) ) ;
#1644 = PLANE ( 'NONE',  #294 ) ;
#1645 = DIRECTION ( 'NONE',  ( -1.000000000000000000, 0.000000000000000000, 0.000000000000000000 ) ) ;
#1646 = VECTOR ( 'NONE', #558, 1000.000000000000000 ) ;
#1647 = EDGE_CURVE ( 'NONE', #788, #1289, #675, .T. ) ;
#1648 = AXIS2_PLACEMENT_3D ( 'NONE', #473, #912, #935 ) ;
#1649 = EDGE_LOOP ( 'NONE', ( #1574, #159, #857, #641, #43, #307, #173, #1466, #1385, #497, #1303, #1216 ) ) ;
#1650 = CARTESIAN_POINT ( 'NONE',  ( 0.5000000000000091038, -11.95115057222525401, 0.000000000000000000 ) ) ;
#1651 = CARTESIAN_POINT ( 'NONE',  ( 0.000000000000000000, 0.000000000000000000, 17.70000000000000995 ) ) ;
#1652 = VECTOR ( 'NONE', #35, 1000.000000000000000 ) ;
#1653 = CARTESIAN_POINT ( 'NONE',  ( -7.949999999999994849, 6.264250420707425882, 6.000000000000000000 ) ) ;
#1654 = CARTESIAN_POINT ( 'NONE',  ( 9.599999999999990763, -5.542562584220409150, 1.500000000000000000 ) ) ;
#1655 = FILL_AREA_STYLE ('',( #636 ) ) ;
#1656 = CARTESIAN_POINT ( 'NONE',  ( 0.000000000000000000, 0.000000000000000000, 1.500000000000000000 ) ) ;
#1657 = DIRECTION ( 'NONE',  ( 0.000000000000000000, 0.000000000000000000, -1.000000000000000000 ) ) ;
#1658 = EDGE_LOOP ( 'NONE', ( #1246, #220, #1332, #1374, #42, #1752, #1864, #637, #1233, #774, #1388, #96 ) ) ;
#1659 = FACE_OUTER_BOUND ( 'NONE', #1607, .T. ) ;
#1660 = EDGE_CURVE ( 'NONE', #725, #417, #556, .T. ) ;
#1661 = CARTESIAN_POINT ( 'NONE',  ( 10.55430376018589378, 5.889659985724390978, 1.245696239814093609 ) ) ;
#1662 = CARTESIAN_POINT ( 'NONE',  ( 10.46602540378442825, -6.042562584220408262, 1.333974596215560027 ) ) ;
#1663 = ORIENTED_EDGE ( 'NONE', *, *, #821, .F. ) ;
#1664 = VERTEX_POINT ( 'NONE', #1665 ) ;
#1665 = CARTESIAN_POINT ( 'NONE',  ( 9.699999999999992184, 3.752776749732567474, 1.500000000000000000 ) ) ;
#1666 = DIRECTION ( 'NONE',  ( -0.000000000000000000, -1.000000000000000000, -0.000000000000000000 ) ) ;
#1667 = TOROIDAL_SURFACE ( 'NONE', #313, 7.049999999999999822, 2.000000000000000000 ) ;
#1668 = AXIS2_PLACEMENT_3D ( 'NONE', #196, #1511, #1165 ) ;
#1669 = CARTESIAN_POINT ( 'NONE',  ( -3.250000000000000444, 0.000000000000000000, 0.3000000000000051514 ) ) ;
#1670 = CARTESIAN_POINT ( 'NONE',  ( 6.499999999999996447, -3.752776749732567030, 6.000000000000000000 ) ) ;
#1671 = EDGE_CURVE ( 'NONE', #369, #536, #68, .T. ) ;
#1672 = AXIS2_PLACEMENT_3D ( 'NONE', #1225, #338, #918 ) ;
#1673 = ORIENTED_EDGE ( 'NONE', *, *, #252, .F. ) ;
#1674 = CARTESIAN_POINT ( 'NONE',  ( -6.499999999999996447, 3.752776749732562589, 6.000000000000000000 ) ) ;
#1675 = CARTESIAN_POINT ( 'NONE',  ( -3.816391647148975608E-14, 8.742732647728530537, 4.228571428571473945 ) ) ;
#1676 = AXIS2_PLACEMENT_3D ( 'NONE', #945, #1270, #823 ) ;
#1677 = DIRECTION ( 'NONE',  ( -1.000000000000000000, 0.000000000000000000, 0.000000000000000000 ) ) ;
#1678 = PRODUCT_RELATED_PRODUCT_CATEGORY ( 'part', '', ( #428 ) ) ;
#1679 = LINE ( 'NONE', #386, #1330 ) ;
#1680 = EDGE_CURVE ( 'NONE', #21, #352, #1458, .T. ) ;
#1681 = ORIENTED_EDGE ( 'NONE', *, *, #59, .T. ) ;
#1682 = DIRECTION ( 'NONE',  ( 0.000000000000000000, 0.000000000000000000, 1.000000000000000000 ) ) ;
#1683 = CARTESIAN_POINT ( 'NONE',  ( 9.360689015047997886E-15, -12.23982570682006887, 1.199999999999997735 ) ) ;
#1684 = FACE_OUTER_BOUND ( 'NONE', #1886, .T. ) ;
#1685 = CYLINDRICAL_SURFACE ( 'NONE', #1145, 5.049999999999999822 ) ;
#1686 = CARTESIAN_POINT ( 'NONE',  ( -6.499999999999996447, 3.752776749732562589, 6.000000000000000000 ) ) ;
#1687 = EDGE_LOOP ( 'NONE', ( #231, #38, #1087, #1410 ) ) ;
#1688 = CARTESIAN_POINT ( 'NONE',  ( -0.5000000000000042188, 11.95115057222525046, 1.199999999999997957 ) ) ;
#1689 = EDGE_CURVE ( 'NONE', #862, #461, #578, .T. ) ;
#1690 = EDGE_CURVE ( 'NONE', #352, #883, #1610, .T. ) ;
#1691 = AXIS2_PLACEMENT_3D ( 'NONE', #1580, #618, #1520 ) ;
#1692 = PLANE ( 'NONE',  #960 ) ;
#1693 = EDGE_LOOP ( 'NONE', ( #528, #781, #652, #922 ) ) ;
#1694 = CARTESIAN_POINT ( 'NONE',  ( -0.5000000000000042188, 11.95115057222525046, 1.199999999999997957 ) ) ;
#1695 = DIRECTION ( 'NONE',  ( -0.3535533905932750631, -0.6123724356957931381, 0.7071067811865480168 ) ) ;
#1696 = CARTESIAN_POINT ( 'NONE',  ( 0.000000000000000000, 0.000000000000000000, 36.00000000000000000 ) ) ;
#1697 = LINE ( 'NONE', #809, #996 ) ;
#1698 = EDGE_CURVE ( 'NONE', #943, #1484, #1331, .T. ) ;
#1699 = CARTESIAN_POINT ( 'NONE',  ( 6.830473686658677934E-15, -11.20059522227874105, 6.000000000000000000 ) ) ;
#1700 = LINE ( 'NONE', #1014, #437 ) ;
#1701 = AXIS2_PLACEMENT_3D ( 'NONE', #1654, #683, #440 ) ;
#1702 = DIRECTION ( 'NONE',  ( 0.8660254037844403729, 1.060575238724908887E-16, -0.4999999999999971134 ) ) ;
#1703 = CARTESIAN_POINT ( 'NONE',  ( -9.399999999999987921, 3.752776749732561701, 6.000000000000000000 ) ) ;
#1704 = EDGE_CURVE ( 'NONE', #417, #1775, #1030, .T. ) ;
#1705 = DIRECTION ( 'NONE',  ( -0.8660254037844387076, 0.4999999999999998890, 0.000000000000000000 ) ) ;
#1706 = AXIS2_PLACEMENT_3D ( 'NONE', #1847, #1007, #107 ) ;
#1707 = CARTESIAN_POINT ( 'NONE',  ( -4.499439015814843401E-15, 12.23982570682006354, 1.199999999999998401 ) ) ;
#1708 = VECTOR ( 'NONE', #879, 1000.000000000000000 ) ;
#1709 = FACE_OUTER_BOUND ( 'NONE', #97, .T. ) ;
#1710 = DIRECTION ( 'NONE',  ( -0.8660254037844383745, -0.5000000000000006661, 0.000000000000000000 ) ) ;
#1711 = PRESENTATION_STYLE_ASSIGNMENT (( #94 ) ) ;
#1712 = CARTESIAN_POINT ( 'NONE',  ( -10.09999999999999432, -6.408587988004847524, 1.199999999999999067 ) ) ;
#1713 = DIRECTION ( 'NONE',  ( -1.000000000000000000, 0.000000000000000000, 0.000000000000000000 ) ) ;
#1714 = ORIENTED_EDGE ( 'NONE', *, *, #1518, .T. ) ;
#1715 = CARTESIAN_POINT ( 'NONE',  ( 9.699999999999997513, -5.600297611139368748, 6.000000000000000000 ) ) ;
#1716 = EDGE_LOOP ( 'NONE', ( #1795, #37, #1250, #1140 ) ) ;
#1717 = DIRECTION ( 'NONE',  ( -0.000000000000000000, -0.000000000000000000, 1.000000000000000000 ) ) ;
#1718 = ORIENTED_EDGE ( 'NONE', *, *, #1680, .F. ) ;
#1719 = EDGE_CURVE ( 'NONE', #1112, #1508, #743, .T. ) ;
#1720 = EDGE_LOOP ( 'NONE', ( #798, #601, #1027, #1435 ) ) ;
#1721 = CIRCLE ( 'NONE', #1137, 3.199999999999999734 ) ;
#1722 = DIRECTION ( 'NONE',  ( 0.000000000000000000, 0.000000000000000000, -1.000000000000000000 ) ) ;
#1723 = ORIENTED_EDGE ( 'NONE', *, *, #1660, .F. ) ;
#1724 = DIRECTION ( 'NONE',  ( 0.000000000000000000, 0.000000000000000000, -1.000000000000000000 ) ) ;
#1725 = ORIENTED_EDGE ( 'NONE', *, *, #546, .T. ) ;
#1726 = CARTESIAN_POINT ( 'NONE',  ( -9.699999999999997513, 5.600297611139365195, 5.699999999999990408 ) ) ;
#1727 = ORIENTED_EDGE ( 'NONE', *, *, #886, .F. ) ;
#1728 = EDGE_CURVE ( 'NONE', #913, #1551, #899, .T. ) ;
#1729 = CIRCLE ( 'NONE', #1210, 3.250000000000000444 ) ;
#1730 = CARTESIAN_POINT ( 'NONE',  ( 0.4999999999999965583, 11.95115057222525046, 1.500000000000000000 ) ) ;
#1731 = ORIENTED_EDGE ( 'NONE', *, *, #1441, .T. ) ;
#1732 = CIRCLE ( 'NONE', #932, 2.099999999999999645 ) ;
#1733 = CARTESIAN_POINT ( 'NONE',  ( 0.000000000000000000, 0.000000000000000000, 36.00000000000000000 ) ) ;
#1734 = ORIENTED_EDGE ( 'NONE', *, *, #1414, .T. ) ;
#1735 = VECTOR ( 'NONE', #598, 1000.000000000000114 ) ;
#1736 = CARTESIAN_POINT ( 'NONE',  ( -4.099999999999999645, 0.000000000000000000, 21.74747741945470736 ) ) ;
#1737 = DIRECTION ( 'NONE',  ( 0.000000000000000000, 0.000000000000000000, -1.000000000000000000 ) ) ;
#1738 = VECTOR ( 'NONE', #1598, 1000.000000000000000 ) ;
#1739 = ORIENTED_EDGE ( 'NONE', *, *, #812, .T. ) ;
#1740 = ADVANCED_FACE ( 'NONE', ( #1311 ), #1448, .T. ) ;
#1741 = FACE_OUTER_BOUND ( 'NONE', #553, .T. ) ;
#1742 = VECTOR ( 'NONE', #1096, 1000.000000000000000 ) ;
#1743 = DIRECTION ( 'NONE',  ( -1.000000000000000000, 0.000000000000000000, 0.000000000000000000 ) ) ;
#1744 = EDGE_LOOP ( 'NONE', ( #1322, #1802, #26, #493 ) ) ;
#1745 = DIRECTION ( 'NONE',  ( -1.000000000000000000, 0.000000000000000000, 0.000000000000000000 ) ) ;
#1746 = ORIENTED_EDGE ( 'NONE', *, *, #1639, .F. ) ;
#1747 = ORIENTED_EDGE ( 'NONE', *, *, #1704, .F. ) ;
#1748 = EDGE_CURVE ( 'NONE', #589, #259, #1585, .T. ) ;
#1749 = DIRECTION ( 'NONE',  ( 0.000000000000000000, 0.000000000000000000, -1.000000000000000000 ) ) ;
#1750 = DIRECTION ( 'NONE',  ( 0.000000000000000000, 0.000000000000000000, 1.000000000000000000 ) ) ;
#1751 = LINE ( 'NONE', #749, #1252 ) ;
#1752 = ORIENTED_EDGE ( 'NONE', *, *, #1329, .T. ) ;
#1753 = LINE ( 'NONE', #475, #1592 ) ;
#1754 = DIRECTION ( 'NONE',  ( 0.000000000000000000, 0.000000000000000000, -1.000000000000000000 ) ) ;
#1755 = ORIENTED_EDGE ( 'NONE', *, *, #210, .F. ) ;
#1756 = CARTESIAN_POINT ( 'NONE',  ( 4.849999999999997868, 8.400446416709051789, 1.500000000000000000 ) ) ;
#1757 = DIRECTION ( 'NONE',  ( 0.000000000000000000, 0.000000000000000000, -1.000000000000000000 ) ) ;
#1758 = VERTEX_POINT ( 'NONE', #64 ) ;
#1759 = AXIS2_PLACEMENT_3D ( 'NONE', #40, #1643, #29 ) ;
#1760 = DIRECTION ( 'NONE',  ( -0.000000000000000000, -0.000000000000000000, -1.000000000000000000 ) ) ;
#1761 = EDGE_CURVE ( 'NONE', #1797, #589, #836, .T. ) ;
#1762 = DIRECTION ( 'NONE',  ( -1.000000000000000000, -1.224646799147352961E-16, 0.000000000000000000 ) ) ;
#1763 = ORIENTED_EDGE ( 'NONE', *, *, #661, .F. ) ;
#1764 = EDGE_CURVE ( 'NONE', #613, #980, #544, .T. ) ;
#1765 = AXIS2_PLACEMENT_3D ( 'NONE', #1848, #1722, #236 ) ;
#1766 = DIRECTION ( 'NONE',  ( -0.000000000000000000, -0.000000000000000000, 1.000000000000000000 ) ) ;
#1767 = VECTOR ( 'NONE', #1318, 1000.000000000000000 ) ;
#1768 = DIRECTION ( 'NONE',  ( -1.000000000000000000, 0.000000000000000000, 0.000000000000000000 ) ) ;
#1769 = AXIS2_PLACEMENT_3D ( 'NONE', #1699, #67, #376 ) ;
#1770 = ORIENTED_EDGE ( 'NONE', *, *, #1596, .F. ) ;
#1771 = DIRECTION ( 'NONE',  ( -1.000000000000000000, 0.000000000000000000, 0.000000000000000000 ) ) ;
#1772 = CARTESIAN_POINT ( 'NONE',  ( -9.699999999999993960, -5.600297611139372300, 5.699999999999990408 ) ) ;
#1773 = EDGE_CURVE ( 'NONE', #897, #449, #887, .T. ) ;
#1774 = DIRECTION ( 'NONE',  ( 0.000000000000000000, 0.000000000000000000, -1.000000000000000000 ) ) ;
#1775 = VERTEX_POINT ( 'NONE', #105 ) ;
#1776 = CARTESIAN_POINT ( 'NONE',  ( 0.000000000000000000, 0.000000000000000000, 33.99999999999995737 ) ) ;
#1777 = ORIENTED_EDGE ( 'NONE', *, *, #1011, .T. ) ;
#1778 = DIRECTION ( 'NONE',  ( 1.000000000000000000, 4.646333810527297518E-16, -0.000000000000000000 ) ) ;
#1779 = ORIENTED_EDGE ( 'NONE', *, *, #1819, .F. ) ;
#1780 = VERTEX_POINT ( 'NONE', #1460 ) ;
#1781 = CARTESIAN_POINT ( 'NONE',  ( 10.09999999999999076, 6.408587988004844860, 1.199999999999999289 ) ) ;
#1782 = ORIENTED_EDGE ( 'NONE', *, *, #1194, .T. ) ;
#1783 = ORIENTED_EDGE ( 'NONE', *, *, #157, .F. ) ;
#1784 = ORIENTED_EDGE ( 'NONE', *, *, #350, .F. ) ;
#1785 = ORIENTED_EDGE ( 'NONE', *, *, #1095, .T. ) ;
#1786 = ORIENTED_EDGE ( 'NONE', *, *, #1719, .F. ) ;
#1787 = ORIENTED_EDGE ( 'NONE', *, *, #838, .F. ) ;
#1788 = DIRECTION ( 'NONE',  ( -0.000000000000000000, -0.000000000000000000, -1.000000000000000000 ) ) ;
#1789 = STYLED_ITEM ( 'NONE', ( #1711 ), #58 ) ;
#1790 = EDGE_CURVE ( 'NONE', #628, #1161, #602, .T. ) ;
#1791 = DIRECTION ( 'NONE',  ( -1.000000000000000000, 0.000000000000000000, 0.000000000000000000 ) ) ;
#1792 = EDGE_CURVE ( 'NONE', #1758, #926, #1025, .T. ) ;
#1793 = FACE_OUTER_BOUND ( 'NONE', #17, .T. ) ;
#1794 = DIRECTION ( 'NONE',  ( -1.000000000000000000, 0.000000000000000000, 0.000000000000000000 ) ) ;
#1795 = ORIENTED_EDGE ( 'NONE', *, *, #1680, .T. ) ;
#1796 = DIRECTION ( 'NONE',  ( -0.6546536707079770867, -0.3779644730092335814, 0.6546536707079734230 ) ) ;
#1797 = VERTEX_POINT ( 'NONE', #1128 ) ;
#1798 = AXIS2_PLACEMENT_3D ( 'NONE', #385, #378, #1558 ) ;
#1799 = CARTESIAN_POINT ( 'NONE',  ( -5.204170427930421283E-15, 7.505553499465130507, 1.499999999999999556 ) ) ;
#1800 = ORIENTED_EDGE ( 'NONE', *, *, #1100, .T. ) ;
#1801 = DIRECTION ( 'NONE',  ( 0.000000000000000000, 0.000000000000000000, -1.000000000000000000 ) ) ;
#1802 = ORIENTED_EDGE ( 'NONE', *, *, #523, .T. ) ;
#1803 = DIRECTION ( 'NONE',  ( -1.000000000000000000, 0.000000000000000000, 0.000000000000000000 ) ) ;
#1804 = DIRECTION ( 'NONE',  ( -4.646333810527297518E-16, 1.000000000000000000, 0.000000000000000000 ) ) ;
#1805 = AXIS2_PLACEMENT_3D ( 'NONE', #1005, #135, #1476 ) ;
#1806 = EDGE_CURVE ( 'NONE', #194, #755, #843, .T. ) ;
#1807 = ORIENTED_EDGE ( 'NONE', *, *, #1377, .F. ) ;
#1808 = AXIS2_PLACEMENT_3D ( 'NONE', #987, #429, #1285 ) ;
#1809 = AXIS2_PLACEMENT_3D ( 'NONE', #1074, #249, #982 ) ;
#1810 = VERTEX_POINT ( 'NONE', #1291 ) ;
#1811 = DIRECTION ( 'NONE',  ( -1.000000000000000000, 0.000000000000000000, 0.000000000000000000 ) ) ;
#1812 = CIRCLE ( 'NONE', #1572, 3.550000000000001155 ) ;
#1813 = DIRECTION ( 'NONE',  ( -4.646333810527297518E-16, 1.000000000000000000, 0.000000000000000000 ) ) ;
#1814 = EDGE_LOOP ( 'NONE', ( #439, #584, #1439, #828 ) ) ;
#1815 = ADVANCED_FACE ( 'NONE', ( #1854, #656 ), #1824, .T. ) ;
#1816 = ORIENTED_EDGE ( 'NONE', *, *, #517, .F. ) ;
#1817 = CARTESIAN_POINT ( 'NONE',  ( -10.59999999999999254, 6.119912853410029996, 1.199999999999998401 ) ) ;
#1818 = LINE ( 'NONE', #1860, #284 ) ;
#1819 = EDGE_CURVE ( 'NONE', #1780, #926, #719, .T. ) ;
#1820 = AXIS2_PLACEMENT_3D ( 'NONE', #1124, #1474, #1309 ) ;
#1821 = CARTESIAN_POINT ( 'NONE',  ( 1.450000000000005285, -10.01702717044000046, 6.000000000000000000 ) ) ;
#1822 = CYLINDRICAL_SURFACE ( 'NONE', #158, 3.200000000000000622 ) ;
#1823 = ORIENTED_EDGE ( 'NONE', *, *, #1852, .T. ) ;
#1824 = PLANE ( 'NONE',  #1345 ) ;
#1825 = DIRECTION ( 'NONE',  ( 0.000000000000000000, 0.000000000000000000, -1.000000000000000000 ) ) ;
#1826 = ORIENTED_EDGE ( 'NONE', *, *, #658, .T. ) ;
#1827 = CARTESIAN_POINT ( 'NONE',  ( -6.400392368877126142E-15, 11.89341554530628109, 1.500000000000000000 ) ) ;
#1828 = CIRCLE ( 'NONE', #1614, 3.250000000000000444 ) ;
#1829 = CONICAL_SURFACE ( 'NONE', #1013, 2.899999999999992806, 0.7853981633974456145 ) ;
#1830 = EDGE_CURVE ( 'NONE', #613, #422, #230, .T. ) ;
#1831 = ORIENTED_EDGE ( 'NONE', *, *, #1842, .F. ) ;
#1832 = DIRECTION ( 'NONE',  ( 0.000000000000000000, 0.000000000000000000, -1.000000000000000000 ) ) ;
#1833 = CARTESIAN_POINT ( 'NONE',  ( -9.599999999999994316, -5.542562584220408262, 1.500000000000000000 ) ) ;
#1834 = AXIS2_PLACEMENT_3D ( 'NONE', #1651, #229, #1445 ) ;
#1835 = CARTESIAN_POINT ( 'NONE',  ( 0.000000000000000000, 0.000000000000000000, 6.000000000000000000 ) ) ;
#1836 = FACE_OUTER_BOUND ( 'NONE', #1208, .T. ) ;
#1837 = VECTOR ( 'NONE', #190, 1000.000000000000000 ) ;
#1838 = VECTOR ( 'NONE', #1138, 1000.000000000000000 ) ;
#1839 = EDGE_CURVE ( 'NONE', #1482, #1484, #324, .T. ) ;
#1840 = LINE ( 'NONE', #239, #406 ) ;
#1841 = DIRECTION ( 'NONE',  ( 0.000000000000000000, 0.000000000000000000, -1.000000000000000000 ) ) ;
#1842 = EDGE_CURVE ( 'NONE', #259, #1112, #195, .T. ) ;
#1843 = CYLINDRICAL_SURFACE ( 'NONE', #52, 3.250000000000000444 ) ;
#1844 = DIRECTION ( 'NONE',  ( -1.000000000000000000, 0.000000000000000000, 0.000000000000000000 ) ) ;
#1845 = CARTESIAN_POINT ( 'NONE',  ( 9.399999999999989697, -3.752776749732565253, 6.000000000000000000 ) ) ;
#1846 = LINE ( 'NONE', #1469, #1239 ) ;
#1847 = CARTESIAN_POINT ( 'NONE',  ( -10.59999999999999254, -6.119912853410034437, 1.500000000000000000 ) ) ;
#1848 = CARTESIAN_POINT ( 'NONE',  ( 6.938893903907228378E-15, -7.505553499465134948, 1.499999999999999556 ) ) ;
#1849 = LINE ( 'NONE', #1567, #213 ) ;
#1850 = CARTESIAN_POINT ( 'NONE',  ( -5.049999999999999822, 0.000000000000000000, 19.13737387097278386 ) ) ;
#1851 = DIRECTION ( 'NONE',  ( 0.000000000000000000, 0.000000000000000000, -1.000000000000000000 ) ) ;
#1852 = EDGE_CURVE ( 'NONE', #792, #422, #1258, .T. ) ;
#1853 = CARTESIAN_POINT ( 'NONE',  ( 0.000000000000000000, 0.000000000000000000, 33.99999999999999289 ) ) ;
#1854 = FACE_BOUND ( 'NONE', #1883, .T. ) ;
#1855 = EDGE_CURVE ( 'NONE', #755, #449, #93, .T. ) ;
#1856 = EDGE_LOOP ( 'NONE', ( #814, #1105 ) ) ;
#1857 = CARTESIAN_POINT ( 'NONE',  ( -1.600000000000006750, 10.27683479157533419, 5.699999999999991296 ) ) ;
#1858 = VECTOR ( 'NONE', #1343, 999.9999999999998863 ) ;
#1859 =( NAMED_UNIT ( * ) SI_UNIT ( $, .STERADIAN. ) SOLID_ANGLE_UNIT ( ) );
#1860 = CARTESIAN_POINT ( 'NONE',  ( 1.599999999999995870, 10.27683479157533597, 6.000000000000000000 ) ) ;
#1861 = AXIS2_PLACEMENT_3D ( 'NONE', #365, #1268, #1317 ) ;
#1862 = LINE ( 'NONE', #561, #154 ) ;
#1863 = CARTESIAN_POINT ( 'NONE',  ( 10.59999999999999076, 5.542562584220407373, 1.199999999999998401 ) ) ;
#1864 = ORIENTED_EDGE ( 'NONE', *, *, #886, .T. ) ;
#1865 = DIRECTION ( 'NONE',  ( 1.000000000000000000, 0.000000000000000000, 0.000000000000000000 ) ) ;
#1866 = DIRECTION ( 'NONE',  ( 0.000000000000000000, 0.000000000000000000, -1.000000000000000000 ) ) ;
#1867 = AXIS2_PLACEMENT_3D ( 'NONE', #833, #63, #1407 ) ;
#1868 = CARTESIAN_POINT ( 'NONE',  ( -10.09999999999999609, 6.408587988004841307, 1.199999999999997957 ) ) ;
#1869 = AXIS2_PLACEMENT_3D ( 'NONE', #3, #1778, #1804 ) ;
#1870 = ORIENTED_EDGE ( 'NONE', *, *, #1660, .T. ) ;
#1871 = CARTESIAN_POINT ( 'NONE',  ( 10.59999999999999076, 5.542562584220407373, 1.500000000000000000 ) ) ;
#1872 = CARTESIAN_POINT ( 'NONE',  ( -5.508866493788498737E-15, 12.08512516844081119, 1.333974596215558250 ) ) ;
#1873 = LINE ( 'NONE', #1451, #1175 ) ;
#1874 = CYLINDRICAL_SURFACE ( 'NONE', #1808, 1.000000000000000888 ) ;
#1875 = EDGE_CURVE ( 'NONE', #1503, #593, #1812, .T. ) ;
#1876 = LINE ( 'NONE', #772, #669 ) ;
#1877 = DIRECTION ( 'NONE',  ( 0.000000000000000000, 0.000000000000000000, -1.000000000000000000 ) ) ;
#1878 = EDGE_CURVE ( 'NONE', #897, #194, #1016, .T. ) ;
#1879 = ORIENTED_EDGE ( 'NONE', *, *, #1618, .T. ) ;
#1880 = CYLINDRICAL_SURFACE ( 'NONE', #1701, 1.000000000000000888 ) ;
#1881 = LINE ( 'NONE', #858, #1767 ) ;
#1882 = CARTESIAN_POINT ( 'NONE',  ( -0.1500000000000076827, 11.98001808568472626, 1.500000000000000000 ) ) ;
#1883 = EDGE_LOOP ( 'NONE', ( #901, #660 ) ) ;
#1884 = DIRECTION ( 'NONE',  ( -0.4999999999999999445, -0.8660254037844387076, 0.000000000000000000 ) ) ;
#1885 = EDGE_CURVE ( 'NONE', #921, #1168, #560, .T. ) ;
#1886 = EDGE_LOOP ( 'NONE', ( #184, #533, #1290, #1731, #1368, #459 ) ) ;
#1887 = CARTESIAN_POINT ( 'NONE',  ( -10.59999999999999254, -6.119912853410034437, 1.199999999999998401 ) ) ;
#1888 = VECTOR ( 'NONE', #1034, 1000.000000000000000 ) ;
#1889 = ORIENTED_EDGE ( 'NONE', *, *, #368, .T. ) ;
#1890 = DIRECTION ( 'NONE',  ( 0.8660254037844387076, -0.4999999999999998890, 0.000000000000000000 ) ) ;
#1891 = DIRECTION ( 'NONE',  ( 0.000000000000000000, 0.000000000000000000, -1.000000000000000000 ) ) ;
ENDSEC;
END-ISO-10303-21;
