ISO-10303-21;
HEADER;
FILE_DESCRIPTION (( 'STEP AP214' ),
    '1' );
FILE_NAME ('hexholder_v2_20.0mm.STEP',
    '2026-08-06T00:15:11',
    ( '' ),
    ( '' ),
    'SwSTEP 2.0',
    'SolidWorks 2025',
    '' );
FILE_SCHEMA (( 'AUTOMOTIVE_DESIGN' ));
ENDSEC;

DATA;
#1 = CARTESIAN_POINT ( 'NONE',  ( 9.999999999999992895, 5.773502691896257311, 6.000000000000000000 ) ) ;
#2 = CIRCLE ( 'NONE', #824, 3.200000000000000178 ) ;
#3 = CARTESIAN_POINT ( 'NONE',  ( -5.049999999999999822, 0.000000000000000000, 19.00000000000000000 ) ) ;
#4 = VECTOR ( 'NONE', #1302, 1000.000000000000114 ) ;
#5 = EDGE_CURVE ( 'NONE', #796, #187, #569, .T. ) ;
#6 = ORIENTED_EDGE ( 'NONE', *, *, #1026, .T. ) ;
#7 = VECTOR ( 'NONE', #394, 1000.000000000000000 ) ;
#8 = CARTESIAN_POINT ( 'NONE',  ( 10.39999999999999147, 6.581793068761736087, 1.500000000000000000 ) ) ;
#9 = ORIENTED_EDGE ( 'NONE', *, *, #706, .T. ) ;
#10 = DIRECTION ( 'NONE',  ( -1.000000000000000000, 0.000000000000000000, -0.000000000000000000 ) ) ;
#11 = DIRECTION ( 'NONE',  ( 0.8660254037844403729, 1.060575238724908887E-16, -0.4999999999999971134 ) ) ;
#12 = DIRECTION ( 'NONE',  ( -4.506943796211478080E-16, 1.000000000000000000, 0.000000000000000000 ) ) ;
#13 = ORIENTED_EDGE ( 'NONE', *, *, #1320, .F. ) ;
#14 = CARTESIAN_POINT ( 'NONE',  ( 0.000000000000000000, 0.000000000000000000, 17.03604719043194748 ) ) ;
#15 = EDGE_LOOP ( 'NONE', ( #1077, #1397 ) ) ;
#16 = EDGE_CURVE ( 'NONE', #1487, #1842, #538, .T. ) ;
#17 = ORIENTED_EDGE ( 'NONE', *, *, #557, .T. ) ;
#18 = EDGE_CURVE ( 'NONE', #467, #1127, #975, .T. ) ;
#19 = CARTESIAN_POINT ( 'NONE',  ( -4.174178364069192071E-15, 11.54700538379251640, 5.699999999999997513 ) ) ;
#20 = DIRECTION ( 'NONE',  ( -0.8660254037844384856, 0.5000000000000002220, 0.000000000000000000 ) ) ;
#21 = CARTESIAN_POINT ( 'NONE',  ( 0.000000000000000000, 0.000000000000000000, 36.00000000000000000 ) ) ;
#22 = ORIENTED_EDGE ( 'NONE', *, *, #1595, .T. ) ;
#23 = CARTESIAN_POINT ( 'NONE',  ( -3.372059531467595850, 0.000000000000000000, 36.00000000000000000 ) ) ;
#24 = ORIENTED_EDGE ( 'NONE', *, *, #1021, .T. ) ;
#25 = VECTOR ( 'NONE', #745, 1000.000000000000000 ) ;
#26 = VERTEX_POINT ( 'NONE', #1219 ) ;
#27 = EDGE_CURVE ( 'NONE', #1308, #1088, #509, .T. ) ;
#28 = DIRECTION ( 'NONE',  ( -1.000000000000000000, 0.000000000000000000, 0.000000000000000000 ) ) ;
#29 = FACE_OUTER_BOUND ( 'NONE', #1746, .T. ) ;
#30 = DIRECTION ( 'NONE',  ( -0.000000000000000000, -0.000000000000000000, 1.000000000000000000 ) ) ;
#31 = CARTESIAN_POINT ( 'NONE',  ( -5.000000000000004441, 8.660254037844383745, 1.500000000000000000 ) ) ;
#32 = CIRCLE ( 'NONE', #1488, 3.200000000000000178 ) ;
#33 = ORIENTED_EDGE ( 'NONE', *, *, #160, .F. ) ;
#34 = VECTOR ( 'NONE', #789, 1000.000000000000000 ) ;
#35 = ORIENTED_EDGE ( 'NONE', *, *, #1093, .F. ) ;
#36 = CARTESIAN_POINT ( 'NONE',  ( 9.899999999999991473, 5.715767664977296825, 0.000000000000000000 ) ) ;
#37 = DIRECTION ( 'NONE',  ( 0.5000000000000003331, 0.8660254037844385966, -0.000000000000000000 ) ) ;
#38 = EDGE_CURVE ( 'NONE', #1677, #619, #1452, .T. ) ;
#39 = LINE ( 'NONE', #1783, #1310 ) ;
#40 = LINE ( 'NONE', #328, #390 ) ;
#41 = ORIENTED_EDGE ( 'NONE', *, *, #706, .F. ) ;
#42 = EDGE_LOOP ( 'NONE', ( #1879, #224, #1471, #1702, #940, #1622, #823, #1472, #349, #675, #327, #1408 ) ) ;
#43 = DIRECTION ( 'NONE',  ( -0.8660254037844385966, 0.5000000000000000000, 0.000000000000000000 ) ) ;
#44 = CARTESIAN_POINT ( 'NONE',  ( -10.39999999999999680, 6.581793068761731647, 1.500000000000000000 ) ) ;
#45 = DIRECTION ( 'NONE',  ( 0.000000000000000000, 0.000000000000000000, -1.000000000000000000 ) ) ;
#46 = ORIENTED_EDGE ( 'NONE', *, *, #878, .F. ) ;
#47 = LINE ( 'NONE', #1318, #1477 ) ;
#48 = ADVANCED_FACE ( 'NONE', ( #1432 ), #690, .T. ) ;
#49 = CIRCLE ( 'NONE', #931, 3.250000000000000444 ) ;
#50 = VERTEX_POINT ( 'NONE', #413 ) ;
#51 = ORIENTED_EDGE ( 'NONE', *, *, #474, .T. ) ;
#52 = AXIS2_PLACEMENT_3D ( 'NONE', #1420, #1277, #566 ) ;
#53 = DIRECTION ( 'NONE',  ( -0.000000000000000000, -0.000000000000000000, -1.000000000000000000 ) ) ;
#54 = LINE ( 'NONE', #1071, #816 ) ;
#55 = AXIS2_PLACEMENT_3D ( 'NONE', #807, #666, #1245 ) ;
#56 = DIRECTION ( 'NONE',  ( -0.8660254037844385966, 0.5000000000000000000, 0.000000000000000000 ) ) ;
#57 = CARTESIAN_POINT ( 'NONE',  ( 0.000000000000000000, 0.000000000000000000, 36.00000000000000000 ) ) ;
#58 = ORIENTED_EDGE ( 'NONE', *, *, #156, .F. ) ;
#59 = VECTOR ( 'NONE', #122, 1000.000000000000114 ) ;
#60 = VERTEX_POINT ( 'NONE', #728 ) ;
#61 = AXIS2_PLACEMENT_3D ( 'NONE', #1730, #1749, #734 ) ;
#62 = CARTESIAN_POINT ( 'NONE',  ( 8.399999999999995026, 6.697263122599657947, 1.500000000000000000 ) ) ;
#63 = CYLINDRICAL_SURFACE ( 'NONE', #1147, 3.200000000000000178 ) ;
#64 = CARTESIAN_POINT ( 'NONE',  ( 0.000000000000000000, 0.000000000000000000, 17.00000000000000000 ) ) ;
#65 = CARTESIAN_POINT ( 'NONE',  ( -0.1500000000000047407, 12.32642824719850871, 1.500000000000000000 ) ) ;
#66 = ORIENTED_EDGE ( 'NONE', *, *, #1082, .F. ) ;
#67 = DIRECTION ( 'NONE',  ( 0.8660254037844382635, 0.5000000000000005551, 0.000000000000000000 ) ) ;
#68 = ORIENTED_EDGE ( 'NONE', *, *, #5, .T. ) ;
#69 = DIRECTION ( 'NONE',  ( 0.8660254037844385966, -0.5000000000000000000, 0.000000000000000000 ) ) ;
#70 = EDGE_CURVE ( 'NONE', #1075, #1231, #147, .T. ) ;
#71 = LINE ( 'NONE', #363, #1177 ) ;
#72 = CARTESIAN_POINT ( 'NONE',  ( 6.799999999999993605, 3.925981830489455149, 6.000000000000000000 ) ) ;
#73 = DIRECTION ( 'NONE',  ( 0.000000000000000000, 0.000000000000000000, -1.000000000000000000 ) ) ;
#74 = EDGE_LOOP ( 'NONE', ( #1284, #1689, #1351, #1489, #769 ) ) ;
#75 = VECTOR ( 'NONE', #1777, 1000.000000000000000 ) ;
#76 = EDGE_LOOP ( 'NONE', ( #215, #1329, #1128, #1844, #66, #918 ) ) ;
#77 = CARTESIAN_POINT ( 'NONE',  ( -0.3470974015039767768, -12.38583909014050022, 1.200000000000004841 ) ) ;
#78 = EDGE_LOOP ( 'NONE', ( #116, #1104, #511, #883 ) ) ;
#79 = DIRECTION ( 'NONE',  ( -1.000000000000000000, 0.000000000000000000, 0.000000000000000000 ) ) ;
#80 = ADVANCED_FACE ( 'NONE', ( #1568 ), #1717, .T. ) ;
#81 = AXIS2_PLACEMENT_3D ( 'NONE', #57, #1503, #366 ) ;
#82 = CARTESIAN_POINT ( 'NONE',  ( -4.099999999999999645, 0.000000000000000000, 21.74747741945470736 ) ) ;
#83 = DIRECTION ( 'NONE',  ( -0.8660254037844387076, 0.5000000000000001110, 0.000000000000000000 ) ) ;
#84 = VERTEX_POINT ( 'NONE', #440 ) ;
#85 = DIRECTION ( 'NONE',  ( 0.000000000000000000, 0.000000000000000000, -1.000000000000000000 ) ) ;
#86 = VERTEX_POINT ( 'NONE', #1290 ) ;
#87 = MECHANICAL_DESIGN_GEOMETRIC_PRESENTATION_REPRESENTATION (  '', ( #1517 ), #1766 ) ;
#88 = DIRECTION ( 'NONE',  ( 3.004629197474319049E-16, -1.000000000000000000, 0.000000000000000000 ) ) ;
#89 = ORIENTED_EDGE ( 'NONE', *, *, #1307, .T. ) ;
#90 = DIRECTION ( 'NONE',  ( -0.3535533905932704557, -0.6123724356957875870, 0.7071067811865552333 ) ) ;
#91 = AXIS2_PLACEMENT_3D ( 'NONE', #843, #1131, #411 ) ;
#92 = DIRECTION ( 'NONE',  ( -1.000000000000000000, 0.000000000000000000, 0.000000000000000000 ) ) ;
#93 = EDGE_CURVE ( 'NONE', #1365, #874, #1269, .T. ) ;
#94 = CARTESIAN_POINT ( 'NONE',  ( 7.049999999999999822, 8.633759933988839975E-16, 8.000000000000000000 ) ) ;
#95 = AXIS2_PLACEMENT_3D ( 'NONE', #373, #1526, #1099 ) ;
#96 = EDGE_CURVE ( 'NONE', #374, #874, #750, .T. ) ;
#97 = CARTESIAN_POINT ( 'NONE',  ( -6.799999999999995381, -3.925981830489458702, 1.499999999999999556 ) ) ;
#98 = CARTESIAN_POINT ( 'NONE',  ( -9.699999999999999289, -3.925981830489459590, 6.000000000000000000 ) ) ;
#99 = FACE_OUTER_BOUND ( 'NONE', #1355, .T. ) ;
#100 = ORIENTED_EDGE ( 'NONE', *, *, #783, .T. ) ;
#101 = CARTESIAN_POINT ( 'NONE',  ( 10.39999999999999680, -6.581793068761736087, 1.200000000000005063 ) ) ;
#102 = FACE_OUTER_BOUND ( 'NONE', #665, .T. ) ;
#103 = CARTESIAN_POINT ( 'NONE',  ( 9.999999999999994671, 4.506943796211475713E-15, 1.500000000000000000 ) ) ;
#104 = EDGE_CURVE ( 'NONE', #952, #1162, #291, .T. ) ;
#105 = ORIENTED_EDGE ( 'NONE', *, *, #1724, .T. ) ;
#106 = PLANE ( 'NONE',  #159 ) ;
#107 = ORIENTED_EDGE ( 'NONE', *, *, #1038, .T. ) ;
#108 = AXIS2_PLACEMENT_3D ( 'NONE', #1686, #508, #955 ) ;
#109 = SURFACE_SIDE_STYLE ('',( #1418 ) ) ;
#110 = AXIS2_PLACEMENT_3D ( 'NONE', #668, #230, #1228 ) ;
#111 = CARTESIAN_POINT ( 'NONE',  ( 0.000000000000000000, 0.000000000000000000, 33.99999999999998579 ) ) ;
#112 = CARTESIAN_POINT ( 'NONE',  ( -9.415947772331199051E-15, 12.43153532995459187, 1.333974596215564690 ) ) ;
#113 = VECTOR ( 'NONE', #203, 1000.000000000000114 ) ;
#114 = CARTESIAN_POINT ( 'NONE',  ( -10.76602540378443251, -6.215767664977297713, 1.333974596215565578 ) ) ;
#115 = VECTOR ( 'NONE', #1387, 1000.000000000000227 ) ;
#116 = ORIENTED_EDGE ( 'NONE', *, *, #225, .F. ) ;
#117 = ADVANCED_FACE ( 'NONE', ( #1734 ), #1709, .T. ) ;
#118 = DIRECTION ( 'NONE',  ( -1.000000000000000000, 0.000000000000000000, 0.000000000000000000 ) ) ;
#119 = VERTEX_POINT ( 'NONE', #1725 ) ;
#120 = CARTESIAN_POINT ( 'NONE',  ( 0.000000000000000000, 0.000000000000000000, 17.00000000000000000 ) ) ;
#121 = VECTOR ( 'NONE', #369, 1000.000000000000000 ) ;
#122 = DIRECTION ( 'NONE',  ( 0.8660254037844384856, -0.5000000000000002220, 0.000000000000000000 ) ) ;
#123 = AXIS2_PLACEMENT_3D ( 'NONE', #679, #417, #527 ) ;
#124 = DIRECTION ( 'NONE',  ( -1.000000000000000000, 0.000000000000000000, 0.000000000000000000 ) ) ;
#125 = VECTOR ( 'NONE', #427, 1000.000000000000000 ) ;
#126 = CARTESIAN_POINT ( 'NONE',  ( -10.89999999999999503, 6.293117934166919447, 1.500000000000000000 ) ) ;
#127 = CIRCLE ( 'NONE', #1436, 1.000000000000000888 ) ;
#128 = ORIENTED_EDGE ( 'NONE', *, *, #463, .F. ) ;
#129 = EDGE_CURVE ( 'NONE', #1788, #778, #1857, .T. ) ;
#130 = APPLICATION_CONTEXT ( 'automotive_design' ) ;
#131 = DIRECTION ( 'NONE',  ( 0.000000000000000000, 0.000000000000000000, -1.000000000000000000 ) ) ;
#132 = ORIENTED_EDGE ( 'NONE', *, *, #1716, .T. ) ;
#133 = CARTESIAN_POINT ( 'NONE',  ( -1.734723475976807094E-15, 7.851963660978910298, 1.499999999999999556 ) ) ;
#134 = EDGE_CURVE ( 'NONE', #646, #914, #702, .T. ) ;
#135 = PLANE ( 'NONE',  #1281 ) ;
#136 = DIRECTION ( 'NONE',  ( 1.000000000000000000, 0.000000000000000000, -0.000000000000000000 ) ) ;
#137 = CARTESIAN_POINT ( 'NONE',  ( 9.999999999999998224, -3.925981830489453372, 5.699999999999997513 ) ) ;
#138 = CARTESIAN_POINT ( 'NONE',  ( 10.74999999999999467, -6.033310313031591932, 1.500000000000000000 ) ) ;
#139 = ORIENTED_EDGE ( 'NONE', *, *, #1069, .F. ) ;
#140 = SHAPE_DEFINITION_REPRESENTATION ( #1778, #595 ) ;
#141 = VERTEX_POINT ( 'NONE', #1158 ) ;
#142 = AXIS2_PLACEMENT_3D ( 'NONE', #126, #282, #711 ) ;
#143 = FACE_OUTER_BOUND ( 'NONE', #1456, .T. ) ;
#144 = LINE ( 'NONE', #835, #1666 ) ;
#145 = EDGE_CURVE ( 'NONE', #86, #391, #846, .T. ) ;
#146 = CARTESIAN_POINT ( 'NONE',  ( -10.89999999999999503, -6.293117934166923000, 1.200000000000005285 ) ) ;
#147 = LINE ( 'NONE', #1141, #602 ) ;
#148 = VECTOR ( 'NONE', #991, 1000.000000000000000 ) ;
#149 = VERTEX_POINT ( 'NONE', #999 ) ;
#150 = VECTOR ( 'NONE', #228, 1000.000000000000227 ) ;
#151 = ORIENTED_EDGE ( 'NONE', *, *, #1480, .F. ) ;
#152 = CARTESIAN_POINT ( 'NONE',  ( -4.607859233063393845E-15, 12.58623586833384245, 0.000000000000000000 ) ) ;
#153 = LINE ( 'NONE', #596, #1726 ) ;
#154 = CONICAL_SURFACE ( 'NONE', #858, 4.099999999999999645, 0.3490658503988619543 ) ;
#155 = DIRECTION ( 'NONE',  ( 3.004629197474319049E-16, -1.000000000000000000, 0.000000000000000000 ) ) ;
#156 = EDGE_CURVE ( 'NONE', #1631, #162, #173, .T. ) ;
#157 = AXIS2_PLACEMENT_3D ( 'NONE', #1116, #1743, #155 ) ;
#158 = DIRECTION ( 'NONE',  ( -0.000000000000000000, -0.000000000000000000, 1.000000000000000000 ) ) ;
#159 = AXIS2_PLACEMENT_3D ( 'NONE', #685, #1376, #69 ) ;
#160 = EDGE_CURVE ( 'NONE', #162, #978, #269, .T. ) ;
#161 = AXIS2_PLACEMENT_3D ( 'NONE', #181, #637, #929 ) ;
#162 = VERTEX_POINT ( 'NONE', #1885 ) ;
#163 = ORIENTED_EDGE ( 'NONE', *, *, #1761, .T. ) ;
#164 = CARTESIAN_POINT ( 'NONE',  ( 3.372059531467595850, 4.129581911746114617E-16, 36.00000000000000000 ) ) ;
#165 = DIRECTION ( 'NONE',  ( -1.000000000000000000, 0.000000000000000000, 0.000000000000000000 ) ) ;
#166 = CARTESIAN_POINT ( 'NONE',  ( 0.000000000000000000, 0.000000000000000000, 21.74747741945470736 ) ) ;
#167 = VERTEX_POINT ( 'NONE', #1868 ) ;
#168 = DIRECTION ( 'NONE',  ( 0.3535533905932704557, -0.6123724356957898074, -0.7071067811865531239 ) ) ;
#169 = ORIENTED_EDGE ( 'NONE', *, *, #1800, .F. ) ;
#170 = ADVANCED_FACE ( 'NONE', ( #550 ), #985, .T. ) ;
#171 = ORIENTED_EDGE ( 'NONE', *, *, #1655, .T. ) ;
#172 = PLANE ( 'NONE',  #342 ) ;
#173 = CIRCLE ( 'NONE', #1232, 3.200000000000000178 ) ;
#174 = FACE_OUTER_BOUND ( 'NONE', #523, .T. ) ;
#175 = DIRECTION ( 'NONE',  ( -0.4999999999999999445, -0.8660254037844387076, 0.000000000000000000 ) ) ;
#176 = PLANE ( 'NONE',  #1298 ) ;
#177 = AXIS2_PLACEMENT_3D ( 'NONE', #221, #651, #213 ) ;
#178 = ORIENTED_EDGE ( 'NONE', *, *, #868, .T. ) ;
#179 = EDGE_CURVE ( 'NONE', #1779, #1317, #1204, .T. ) ;
#180 = VERTEX_POINT ( 'NONE', #466 ) ;
#181 = CARTESIAN_POINT ( 'NONE',  ( 0.000000000000000000, 0.000000000000000000, 17.70000000000000995 ) ) ;
#182 = CARTESIAN_POINT ( 'NONE',  ( -1.450000000000003730, 10.36343733195378469, 6.000000000000000000 ) ) ;
#183 = CARTESIAN_POINT ( 'NONE',  ( -9.415947772331199051E-15, 12.43153532995459187, 1.333974596215564690 ) ) ;
#184 = VERTEX_POINT ( 'NONE', #915 ) ;
#185 = CARTESIAN_POINT ( 'NONE',  ( 9.999999999999998224, -5.773502691896257311, 5.699999999999997513 ) ) ;
#186 = CIRCLE ( 'NONE', #520, 3.200000000000000178 ) ;
#187 = VERTEX_POINT ( 'NONE', #1496 ) ;
#188 = CIRCLE ( 'NONE', #1280, 2.099999999999999645 ) ;
#189 = ORIENTED_EDGE ( 'NONE', *, *, #1286, .T. ) ;
#190 = CARTESIAN_POINT ( 'NONE',  ( 5.049999999999999822, 6.184466335694133068E-16, 19.00000000000000000 ) ) ;
#191 = DIRECTION ( 'NONE',  ( 0.000000000000000000, 0.000000000000000000, -1.000000000000000000 ) ) ;
#192 = EDGE_CURVE ( 'NONE', #1254, #1222, #693, .T. ) ;
#193 = EDGE_CURVE ( 'NONE', #84, #1242, #1209, .T. ) ;
#194 = CARTESIAN_POINT ( 'NONE',  ( 8.399999999999995026, 6.697263122599657947, 5.699999999999998401 ) ) ;
#195 = ORIENTED_EDGE ( 'NONE', *, *, #271, .F. ) ;
#196 = FACE_BOUND ( 'NONE', #15, .T. ) ;
#197 = ORIENTED_EDGE ( 'NONE', *, *, #632, .F. ) ;
#198 = ORIENTED_EDGE ( 'NONE', *, *, #332, .F. ) ;
#199 = DIRECTION ( 'NONE',  ( -0.000000000000000000, -0.000000000000000000, -1.000000000000000000 ) ) ;
#200 = LINE ( 'NONE', #1357, #115 ) ;
#201 = LINE ( 'NONE', #1813, #1249 ) ;
#202 = ADVANCED_FACE ( 'NONE', ( #890 ), #617, .T. ) ;
#203 = DIRECTION ( 'NONE',  ( -0.8660254037844385966, 0.5000000000000001110, 0.000000000000000000 ) ) ;
#204 = VECTOR ( 'NONE', #993, 999.9999999999998863 ) ;
#205 = CIRCLE ( 'NONE', #1170, 7.049999999999999822 ) ;
#206 = ORIENTED_EDGE ( 'NONE', *, *, #1057, .F. ) ;
#207 = CARTESIAN_POINT ( 'NONE',  ( 10.67774704738296521, 6.368670263473308779, 1.245696239814100492 ) ) ;
#208 = VERTEX_POINT ( 'NONE', #1054 ) ;
#209 = AXIS2_PLACEMENT_3D ( 'NONE', #754, #470, #165 ) ;
#210 = DIRECTION ( 'NONE',  ( -1.000000000000000000, 0.000000000000000000, 0.000000000000000000 ) ) ;
#211 = CARTESIAN_POINT ( 'NONE',  ( 6.799999999999993605, 3.925981830489455149, 6.000000000000000000 ) ) ;
#212 = DIRECTION ( 'NONE',  ( -1.012524966385275275E-14, -0.7559289460184583920, 0.6546536707079725348 ) ) ;
#213 = DIRECTION ( 'NONE',  ( 1.000000000000000000, 0.000000000000000000, 0.000000000000000000 ) ) ;
#214 = EDGE_CURVE ( 'NONE', #162, #1308, #1638, .T. ) ;
#215 = ORIENTED_EDGE ( 'NONE', *, *, #1789, .F. ) ;
#216 = EDGE_CURVE ( 'NONE', #1250, #1075, #40, .T. ) ;
#217 = ORIENTED_EDGE ( 'NONE', *, *, #632, .T. ) ;
#218 = CARTESIAN_POINT ( 'NONE',  ( -10.59999999999999609, -6.119912853410034437, 1.500000000000000000 ) ) ;
#219 = DIRECTION ( 'NONE',  ( 0.7071067811865465735, 8.659560562354922997E-17, -0.7071067811865485719 ) ) ;
#220 = DIRECTION ( 'NONE',  ( 1.000000000000000000, 0.000000000000000000, 0.000000000000000000 ) ) ;
#221 = CARTESIAN_POINT ( 'NONE',  ( 0.000000000000000000, 0.000000000000000000, 33.99999999999999289 ) ) ;
#222 = VERTEX_POINT ( 'NONE', #1335 ) ;
#223 = DIRECTION ( 'NONE',  ( 1.000000000000000000, 0.000000000000000000, -0.000000000000000000 ) ) ;
#224 = ORIENTED_EDGE ( 'NONE', *, *, #1787, .T. ) ;
#225 = EDGE_CURVE ( 'NONE', #86, #796, #47, .T. ) ;
#226 = CARTESIAN_POINT ( 'NONE',  ( 6.799999999999998046, -3.925981830489455149, 1.499999999999999556 ) ) ;
#227 = EDGE_LOOP ( 'NONE', ( #561, #415, #1775, #1575, #1415 ) ) ;
#228 = DIRECTION ( 'NONE',  ( -0.8660254037844403729, 0.000000000000000000, -0.4999999999999971134 ) ) ;
#229 = DIRECTION ( 'NONE',  ( -1.000000000000000000, 0.000000000000000000, 0.000000000000000000 ) ) ;
#230 = DIRECTION ( 'NONE',  ( 0.000000000000000000, 0.000000000000000000, -1.000000000000000000 ) ) ;
#231 = ORIENTED_EDGE ( 'NONE', *, *, #1305, .F. ) ;
#232 = CARTESIAN_POINT ( 'NONE',  ( 6.799999999999993605, 3.925981830489455149, 5.699999999999997513 ) ) ;
#233 = AXIS2_PLACEMENT_3D ( 'NONE', #855, #845, #1422 ) ;
#234 = ORIENTED_EDGE ( 'NONE', *, *, #179, .T. ) ;
#235 = ADVANCED_FACE ( 'NONE', ( #196, #631 ), #775, .F. ) ;
#236 = LINE ( 'NONE', #1243, #7 ) ;
#237 = ORIENTED_EDGE ( 'NONE', *, *, #1537, .F. ) ;
#238 = CARTESIAN_POINT ( 'NONE',  ( -9.899999999999995026, 5.715767664977295048, 0.000000000000000000 ) ) ;
#239 = LINE ( 'NONE', #990, #1735 ) ;
#240 = DIRECTION ( 'NONE',  ( -6.120558598080391651E-16, -0.7559289460184599463, -0.6546536707079709805 ) ) ;
#241 = ORIENTED_EDGE ( 'NONE', *, *, #483, .F. ) ;
#242 = CARTESIAN_POINT ( 'NONE',  ( -1.600000000000002531, 10.62324495308911487, 5.699999999999997513 ) ) ;
#243 = ORIENTED_EDGE ( 'NONE', *, *, #261, .F. ) ;
#244 = AXIS2_PLACEMENT_3D ( 'NONE', #21, #725, #1589 ) ;
#245 = CARTESIAN_POINT ( 'NONE',  ( 4.099999999999999645, 5.021051876504147385E-16, 21.74747741945470736 ) ) ;
#246 = ORIENTED_EDGE ( 'NONE', *, *, #1644, .T. ) ;
#247 = FACE_OUTER_BOUND ( 'NONE', #573, .T. ) ;
#248 = AXIS2_PLACEMENT_3D ( 'NONE', #111, #1563, #220 ) ;
#249 = CARTESIAN_POINT ( 'NONE',  ( 0.000000000000000000, 0.000000000000000000, 8.000000000000000000 ) ) ;
#250 = CARTESIAN_POINT ( 'NONE',  ( -10.89999999999999503, 6.293117934166919447, 1.200000000000005285 ) ) ;
#251 = EDGE_CURVE ( 'NONE', #1604, #310, #1039, .T. ) ;
#252 = AXIS2_PLACEMENT_3D ( 'NONE', #513, #1536, #88 ) ;
#253 = DIRECTION ( 'NONE',  ( 3.004629197474319049E-16, -1.000000000000000000, 0.000000000000000000 ) ) ;
#254 = PLANE ( 'NONE',  #1490 ) ;
#255 = EDGE_LOOP ( 'NONE', ( #1435, #1443, #1828, #139 ) ) ;
#256 = DIRECTION ( 'NONE',  ( -0.000000000000000000, -0.000000000000000000, 1.000000000000000000 ) ) ;
#257 = ORIENTED_EDGE ( 'NONE', *, *, #1821, .F. ) ;
#258 = LINE ( 'NONE', #1255, #1552 ) ;
#259 = LINE ( 'NONE', #700, #705 ) ;
#260 = CARTESIAN_POINT ( 'NONE',  ( 0.000000000000000000, 0.000000000000000000, 0.000000000000000000 ) ) ;
#261 = EDGE_CURVE ( 'NONE', #1617, #50, #1795, .T. ) ;
#262 = DIRECTION ( 'NONE',  ( -1.000000000000000000, 0.000000000000000000, 0.000000000000000000 ) ) ;
#263 = ORIENTED_EDGE ( 'NONE', *, *, #192, .T. ) ;
#264 = AXIS2_PLACEMENT_3D ( 'NONE', #880, #1044, #1486 ) ;
#265 = ORIENTED_EDGE ( 'NONE', *, *, #1449, .T. ) ;
#266 = CARTESIAN_POINT ( 'NONE',  ( 6.799999999999998046, -3.925981830489455149, 6.000000000000000000 ) ) ;
#267 = CARTESIAN_POINT ( 'NONE',  ( 0.4999999999999917843, 12.29756073373903114, 1.200000000000006173 ) ) ;
#268 = CARTESIAN_POINT ( 'NONE',  ( -6.799999999999998046, 3.925981830489450708, 5.699999999999997513 ) ) ;
#269 = LINE ( 'NONE', #103, #1721 ) ;
#270 = EDGE_LOOP ( 'NONE', ( #1570, #1498, #677, #33 ) ) ;
#271 = EDGE_CURVE ( 'NONE', #1522, #1020, #625, .T. ) ;
#272 = EDGE_CURVE ( 'NONE', #184, #1231, #1461, .T. ) ;
#273 = CARTESIAN_POINT ( 'NONE',  ( -3.250000000000000444, 0.000000000000000000, 0.2999999999999981570 ) ) ;
#274 = ORIENTED_EDGE ( 'NONE', *, *, #93, .T. ) ;
#275 = FACE_OUTER_BOUND ( 'NONE', #1659, .T. ) ;
#276 = AXIS2_PLACEMENT_3D ( 'NONE', #1, #1149, #12 ) ;
#277 = CARTESIAN_POINT ( 'NONE',  ( -6.799999999999995381, -3.925981830489458702, 6.000000000000000000 ) ) ;
#278 = VECTOR ( 'NONE', #355, 1000.000000000000000 ) ;
#279 = CARTESIAN_POINT ( 'NONE',  ( 10.76602540378443074, -6.215767664977296825, 1.333974596215565578 ) ) ;
#280 = VECTOR ( 'NONE', #753, 1000.000000000000000 ) ;
#281 =( BOUNDED_CURVE ( )  B_SPLINE_CURVE ( 3, ( #943, #774, #1485, #183 ),
 .UNSPECIFIED., .F., .F. ) 
 B_SPLINE_CURVE_WITH_KNOTS ( ( 4, 4 ),
 ( 2.981555974335139955E-15, 0.5235987755983031455 ),
 .UNSPECIFIED. ) 
 CURVE ( )  GEOMETRIC_REPRESENTATION_ITEM ( )  RATIONAL_B_SPLINE_CURVE ( ( 1.000000000000000000, 0.9772838841927120601, 0.9772838841927120601, 1.000000000000000000 ) ) 
 REPRESENTATION_ITEM ( '' )  );
#282 = DIRECTION ( 'NONE',  ( -0.5000000000000005551, 0.8660254037844383745, 0.000000000000000000 ) ) ;
#283 = VECTOR ( 'NONE', #1831, 1000.000000000000114 ) ;
#284 = ORIENTED_EDGE ( 'NONE', *, *, #959, .F. ) ;
#285 = LINE ( 'NONE', #8, #644 ) ;
#286 = EDGE_CURVE ( 'NONE', #1317, #1779, #49, .T. ) ;
#287 = ORIENTED_EDGE ( 'NONE', *, *, #834, .F. ) ;
#288 = DIRECTION ( 'NONE',  ( -1.000000000000000000, 0.000000000000000000, 0.000000000000000000 ) ) ;
#289 = DIRECTION ( 'NONE',  ( -0.8660254037844382635, -0.5000000000000004441, 0.000000000000000000 ) ) ;
#290 = DIRECTION ( 'NONE',  ( -1.000000000000000000, 0.000000000000000000, 0.000000000000000000 ) ) ;
#291 = LINE ( 'NONE', #568, #204 ) ;
#292 = VERTEX_POINT ( 'NONE', #473 ) ;
#293 = DIRECTION ( 'NONE',  ( 1.000000000000000000, 0.000000000000000000, 0.000000000000000000 ) ) ;
#294 = ORIENTED_EDGE ( 'NONE', *, *, #216, .T. ) ;
#295 = EDGE_CURVE ( 'NONE', #1046, #1100, #1345, .T. ) ;
#296 = FACE_OUTER_BOUND ( 'NONE', #660, .T. ) ;
#297 = CIRCLE ( 'NONE', #108, 3.200000000000000622 ) ;
#298 = CYLINDRICAL_SURFACE ( 'NONE', #1824, 2.099999999999999645 ) ;
#299 = ADVANCED_FACE ( 'NONE', ( #1753 ), #176, .T. ) ;
#300 = DIRECTION ( 'NONE',  ( 0.8660254037844385966, -0.4999999999999998890, 0.000000000000000000 ) ) ;
#301 = EDGE_LOOP ( 'NONE', ( #197, #1727, #786, #830 ) ) ;
#302 = DIRECTION ( 'NONE',  ( -1.000000000000000000, 0.000000000000000000, 0.000000000000000000 ) ) ;
#303 = VECTOR ( 'NONE', #528, 1000.000000000000000 ) ;
#304 = VERTEX_POINT ( 'NONE', #1029 ) ;
#305 = ORIENTED_EDGE ( 'NONE', *, *, #1342, .F. ) ;
#306 = LINE ( 'NONE', #152, #947 ) ;
#307 = CARTESIAN_POINT ( 'NONE',  ( -6.799999999999998046, 3.925981830489450708, 6.000000000000000000 ) ) ;
#308 = PLANE ( 'NONE',  #1704 ) ;
#309 = AXIS2_PLACEMENT_3D ( 'NONE', #64, #1189, #1774 ) ;
#310 = VERTEX_POINT ( 'NONE', #766 ) ;
#311 = EDGE_CURVE ( 'NONE', #1135, #222, #1785, .T. ) ;
#312 = CARTESIAN_POINT ( 'NONE',  ( 8.400000000000000355, -6.697263122599658836, 5.699999999999997513 ) ) ;
#313 = ORIENTED_EDGE ( 'NONE', *, *, #1535, .F. ) ;
#314 = VERTEX_POINT ( 'NONE', #312 ) ;
#315 = CARTESIAN_POINT ( 'NONE',  ( -10.55290259849601142, 6.493514712360265229, 1.200000000000004174 ) ) ;
#316 = PLANE ( 'NONE',  #1239 ) ;
#317 = CYLINDRICAL_SURFACE ( 'NONE', #406, 5.049999999999999822 ) ;
#318 = ORIENTED_EDGE ( 'NONE', *, *, #483, .T. ) ;
#319 = DIRECTION ( 'NONE',  ( 0.8660254037844382635, 0.5000000000000004441, 0.000000000000000000 ) ) ;
#320 = ADVANCED_FACE ( 'NONE', ( #1765 ), #897, .T. ) ;
#321 = ORIENTED_EDGE ( 'NONE', *, *, #1630, .F. ) ;
#322 = VERTEX_POINT ( 'NONE', #1512 ) ;
#323 = LINE ( 'NONE', #1482, #1340 ) ;
#324 = LINE ( 'NONE', #456, #1390 ) ;
#325 = VECTOR ( 'NONE', #1469, 999.9999999999998863 ) ;
#326 = LINE ( 'NONE', #1495, #341 ) ;
#327 = ORIENTED_EDGE ( 'NONE', *, *, #1821, .T. ) ;
#328 = CARTESIAN_POINT ( 'NONE',  ( -1.600000000000002531, 10.62324495308911310, 5.699999999999997513 ) ) ;
#329 = ORIENTED_EDGE ( 'NONE', *, *, #715, .T. ) ;
#330 = VECTOR ( 'NONE', #11, 1000.000000000000227 ) ;
#331 = ORIENTED_EDGE ( 'NONE', *, *, #380, .T. ) ;
#332 = EDGE_CURVE ( 'NONE', #50, #184, #297, .T. ) ;
#333 = EDGE_CURVE ( 'NONE', #374, #422, #571, .T. ) ;
#334 = CARTESIAN_POINT ( 'NONE',  ( 0.000000000000000000, 0.000000000000000000, 0.2999999999999981570 ) ) ;
#335 = CARTESIAN_POINT ( 'NONE',  ( 10.59999999999999432, -6.119912853410035325, 1.500000000000000000 ) ) ;
#336 = FACE_OUTER_BOUND ( 'NONE', #1040, .T. ) ;
#337 = ORIENTED_EDGE ( 'NONE', *, *, #908, .F. ) ;
#338 = DIRECTION ( 'NONE',  ( 0.8660254037844382635, 0.5000000000000004441, 0.000000000000000000 ) ) ;
#339 = TOROIDAL_SURFACE ( 'NONE', #1091, 7.049999999999999822, 2.000000000000000000 ) ;
#340 = ORIENTED_EDGE ( 'NONE', *, *, #1470, .F. ) ;
#341 = VECTOR ( 'NONE', #30, 1000.000000000000000 ) ;
#342 = AXIS2_PLACEMENT_3D ( 'NONE', #1049, #469, #1348 ) ;
#343 = ORIENTED_EDGE ( 'NONE', *, *, #1223, .F. ) ;
#344 = EDGE_CURVE ( 'NONE', #1462, #541, #1600, .T. ) ;
#345 = CARTESIAN_POINT ( 'NONE',  ( 9.999999999999998224, -3.925981830489453372, 6.000000000000000000 ) ) ;
#346 = DIRECTION ( 'NONE',  ( 1.000000000000000000, 0.000000000000000000, 0.000000000000000000 ) ) ;
#347 = CARTESIAN_POINT ( 'NONE',  ( -3.250000000000000444, 0.000000000000000000, 17.03604719043194748 ) ) ;
#348 = CARTESIAN_POINT ( 'NONE',  ( 0.000000000000000000, 0.000000000000000000, 6.000000000000000000 ) ) ;
#349 = ORIENTED_EDGE ( 'NONE', *, *, #18, .T. ) ;
#350 = DIRECTION ( 'NONE',  ( -0.000000000000000000, 0.000000000000000000, -1.000000000000000000 ) ) ;
#351 = ORIENTED_EDGE ( 'NONE', *, *, #453, .F. ) ;
#352 = CARTESIAN_POINT ( 'NONE',  ( -9.999999999999994671, -3.925981830489459590, 6.000000000000000000 ) ) ;
#353 = DIRECTION ( 'NONE',  ( -1.000000000000000000, 0.000000000000000000, 0.000000000000000000 ) ) ;
#354 = EDGE_CURVE ( 'NONE', #422, #374, #205, .T. ) ;
#355 = DIRECTION ( 'NONE',  ( -0.3535533905932723431, -0.6123724356957892523, 0.7071067811865527908 ) ) ;
#356 = LINE ( 'NONE', #934, #1791 ) ;
#357 = EDGE_CURVE ( 'NONE', #119, #1462, #964, .T. ) ;
#358 = VECTOR ( 'NONE', #680, 1000.000000000000114 ) ;
#359 = ORIENTED_EDGE ( 'NONE', *, *, #1412, .T. ) ;
#360 = DIRECTION ( 'NONE',  ( -1.000000000000000000, 0.000000000000000000, 0.000000000000000000 ) ) ;
#361 = ORIENTED_EDGE ( 'NONE', *, *, #891, .T. ) ;
#362 = DIRECTION ( 'NONE',  ( 0.000000000000000000, 0.000000000000000000, 1.000000000000000000 ) ) ;
#363 = CARTESIAN_POINT ( 'NONE',  ( -10.59999999999999609, -6.293117934166923000, 1.500000000000000000 ) ) ;
#364 = CIRCLE ( 'NONE', #1793, 1.000000000000000888 ) ;
#365 = CARTESIAN_POINT ( 'NONE',  ( 10.89999999999999325, -6.293117934166923888, 1.200000000000005285 ) ) ;
#366 = DIRECTION ( 'NONE',  ( -1.000000000000000000, 0.000000000000000000, 0.000000000000000000 ) ) ;
#367 = EDGE_CURVE ( 'NONE', #1677, #322, #822, .T. ) ;
#368 = ORIENTED_EDGE ( 'NONE', *, *, #1021, .F. ) ;
#369 = DIRECTION ( 'NONE',  ( -0.000000000000000000, -0.000000000000000000, -1.000000000000000000 ) ) ;
#370 = AXIS2_PLACEMENT_3D ( 'NONE', #630, #1217, #1207 ) ;
#371 = EDGE_LOOP ( 'NONE', ( #404, #966, #1427, #1327, #1193 ) ) ;
#372 = AXIS2_PLACEMENT_3D ( 'NONE', #334, #199, #648 ) ;
#373 = CARTESIAN_POINT ( 'NONE',  ( 0.000000000000000000, 0.000000000000000000, 19.13737387097278386 ) ) ;
#374 = VERTEX_POINT ( 'NONE', #378 ) ;
#375 = AXIS2_PLACEMENT_3D ( 'NONE', #424, #131, #118 ) ;
#376 = CARTESIAN_POINT ( 'NONE',  ( -8.249999999999994671, -6.437455501464333985, 6.000000000000000000 ) ) ;
#377 = DIRECTION ( 'NONE',  ( -1.000000000000000000, 0.000000000000000000, 0.000000000000000000 ) ) ;
#378 = CARTESIAN_POINT ( 'NONE',  ( -7.049999999999999822, 0.000000000000000000, 6.000000000000000000 ) ) ;
#379 = ORIENTED_EDGE ( 'NONE', *, *, #1069, .T. ) ;
#380 = EDGE_CURVE ( 'NONE', #60, #1487, #1660, .T. ) ;
#381 =( NAMED_UNIT ( * ) PLANE_ANGLE_UNIT ( ) SI_UNIT ( $, .RADIAN. ) );
#382 = EDGE_LOOP ( 'NONE', ( #1160, #163, #1764, #340 ) ) ;
#383 = LINE ( 'NONE', #1253, #740 ) ;
#384 = EDGE_LOOP ( 'NONE', ( #1047, #1037, #451, #1848 ) ) ;
#385 = LINE ( 'NONE', #1398, #731 ) ;
#386 = LINE ( 'NONE', #1695, #585 ) ;
#387 = CARTESIAN_POINT ( 'NONE',  ( 3.469446951953614189E-15, -7.851963660978913850, 1.499999999999999556 ) ) ;
#388 = EDGE_LOOP ( 'NONE', ( #1291, #1264, #379, #1584 ) ) ;
#389 = CARTESIAN_POINT ( 'NONE',  ( -1.122509203643762087E-14, 12.23982570682006887, 1.500000000000000000 ) ) ;
#390 = VECTOR ( 'NONE', #338, 1000.000000000000227 ) ;
#391 = VERTEX_POINT ( 'NONE', #1379 ) ;
#392 = CIRCLE ( 'NONE', #110, 4.099999999999999645 ) ;
#393 = EDGE_CURVE ( 'NONE', #1767, #222, #392, .T. ) ;
#394 = DIRECTION ( 'NONE',  ( 0.000000000000000000, 1.000000000000000000, 0.000000000000000000 ) ) ;
#395 = EDGE_CURVE ( 'NONE', #892, #1244, #1662, .T. ) ;
#396 = ORIENTED_EDGE ( 'NONE', *, *, #1187, .T. ) ;
#397 = DIRECTION ( 'NONE',  ( -1.000000000000000000, 0.000000000000000000, 0.000000000000000000 ) ) ;
#398 = VECTOR ( 'NONE', #83, 999.9999999999998863 ) ;
#399 = DIRECTION ( 'NONE',  ( 0.000000000000000000, 0.000000000000000000, -1.000000000000000000 ) ) ;
#400 = CIRCLE ( 'NONE', #55, 2.900000000000004352 ) ;
#401 = DIRECTION ( 'NONE',  ( 0.000000000000000000, 0.000000000000000000, -1.000000000000000000 ) ) ;
#402 = DIRECTION ( 'NONE',  ( -0.000000000000000000, -0.000000000000000000, 1.000000000000000000 ) ) ;
#403 = LINE ( 'NONE', #977, #1183 ) ;
#404 = ORIENTED_EDGE ( 'NONE', *, *, #1287, .F. ) ;
#405 = VECTOR ( 'NONE', #938, 1000.000000000000000 ) ;
#406 = AXIS2_PLACEMENT_3D ( 'NONE', #896, #1475, #718 ) ;
#407 = LINE ( 'NONE', #1670, #283 ) ;
#408 = EDGE_LOOP ( 'NONE', ( #1258, #1362, #827, #1041 ) ) ;
#409 = CARTESIAN_POINT ( 'NONE',  ( 1.599999999999998535, 10.62324495308911310, 6.000000000000000000 ) ) ;
#410 = ADVANCED_FACE ( 'NONE', ( #1081 ), #1667, .F. ) ;
#411 = DIRECTION ( 'NONE',  ( 1.000000000000000000, 0.000000000000000000, 0.000000000000000000 ) ) ;
#412 = LINE ( 'NONE', #1267, #546 ) ;
#413 = CARTESIAN_POINT ( 'NONE',  ( -9.999999999999998224, 3.925981830489449820, 1.500000000000000000 ) ) ;
#414 = ORIENTED_EDGE ( 'NONE', *, *, #1058, .T. ) ;
#415 = ORIENTED_EDGE ( 'NONE', *, *, #251, .F. ) ;
#416 = DIRECTION ( 'NONE',  ( -0.000000000000000000, -0.000000000000000000, 1.000000000000000000 ) ) ;
#417 = DIRECTION ( 'NONE',  ( -0.000000000000000000, -0.000000000000000000, 1.000000000000000000 ) ) ;
#418 = EDGE_CURVE ( 'NONE', #1292, #994, #944, .T. ) ;
#419 = FACE_OUTER_BOUND ( 'NONE', #1028, .T. ) ;
#420 = EDGE_CURVE ( 'NONE', #952, #1312, #549, .T. ) ;
#421 = CARTESIAN_POINT ( 'NONE',  ( -8.250000000000000000, 6.437455501464325991, 6.000000000000000000 ) ) ;
#422 = VERTEX_POINT ( 'NONE', #809 ) ;
#423 = AXIS2_PLACEMENT_3D ( 'NONE', #489, #739, #1618 ) ;
#424 = CARTESIAN_POINT ( 'NONE',  ( -5.204170427930421283E-15, 11.43153532995459187, 1.500000000000000000 ) ) ;
#425 = ORIENTED_EDGE ( 'NONE', *, *, #908, .T. ) ;
#426 = DIRECTION ( 'NONE',  ( 0.000000000000000000, 0.000000000000000000, -1.000000000000000000 ) ) ;
#427 = DIRECTION ( 'NONE',  ( 0.8660254037844383745, 0.5000000000000004441, 0.000000000000000000 ) ) ;
#428 = DIRECTION ( 'NONE',  ( -1.000000000000000000, 0.000000000000000000, -0.000000000000000000 ) ) ;
#429 = AXIS2_PLACEMENT_3D ( 'NONE', #447, #1050, #1635 ) ;
#430 = DIRECTION ( 'NONE',  ( 0.8660254037844382635, 0.5000000000000006661, 0.000000000000000000 ) ) ;
#431 = EDGE_CURVE ( 'NONE', #778, #60, #800, .T. ) ;
#432 = ORIENTED_EDGE ( 'NONE', *, *, #1491, .F. ) ;
#433 = DIRECTION ( 'NONE',  ( 0.000000000000000000, 0.000000000000000000, -1.000000000000000000 ) ) ;
#434 = EDGE_LOOP ( 'NONE', ( #1505, #712, #1668, #151 ) ) ;
#435 = AXIS2_PLACEMENT_3D ( 'NONE', #1405, #673, #802 ) ;
#436 = CYLINDRICAL_SURFACE ( 'NONE', #737, 4.099999999999999645 ) ;
#437 = AXIS2_PLACEMENT_3D ( 'NONE', #1102, #1388, #229 ) ;
#438 = FACE_OUTER_BOUND ( 'NONE', #1066, .T. ) ;
#439 = CARTESIAN_POINT ( 'NONE',  ( -8.399999999999995026, -6.697263122599662388, 5.699999999999997513 ) ) ;
#440 = CARTESIAN_POINT ( 'NONE',  ( 1.450000000000007283, -10.36343733195378647, 6.000000000000000000 ) ) ;
#441 = ORIENTED_EDGE ( 'NONE', *, *, #295, .T. ) ;
#442 = EDGE_CURVE ( 'NONE', #541, #796, #1675, .T. ) ;
#443 =( NAMED_UNIT ( * ) PLANE_ANGLE_UNIT ( ) SI_UNIT ( $, .RADIAN. ) );
#444 = ORIENTED_EDGE ( 'NONE', *, *, #1384, .F. ) ;
#445 = EDGE_CURVE ( 'NONE', #1623, #1533, #1248, .T. ) ;
#446 = CARTESIAN_POINT ( 'NONE',  ( 0.000000000000000000, 0.000000000000000000, 36.00000000000000000 ) ) ;
#447 = CARTESIAN_POINT ( 'NONE',  ( 0.000000000000000000, 0.000000000000000000, 19.00000000000000000 ) ) ;
#448 = CARTESIAN_POINT ( 'NONE',  ( 10.89999999999999325, 6.293117934166921223, 1.200000000000005285 ) ) ;
#449 = EDGE_LOOP ( 'NONE', ( #1107, #343, #1454, #231 ) ) ;
#450 = CARTESIAN_POINT ( 'NONE',  ( 6.799999999999993605, 3.925981830489455149, 1.499999999999999556 ) ) ;
#451 = ORIENTED_EDGE ( 'NONE', *, *, #225, .T. ) ;
#452 = ORIENTED_EDGE ( 'NONE', *, *, #357, .F. ) ;
#453 = EDGE_CURVE ( 'NONE', #422, #1468, #1455, .T. ) ;
#454 = DIRECTION ( 'NONE',  ( 0.000000000000000000, 0.000000000000000000, -1.000000000000000000 ) ) ;
#455 = VECTOR ( 'NONE', #598, 1000.000000000000000 ) ;
#456 = CARTESIAN_POINT ( 'NONE',  ( 7.785714285714290916, 4.495084238690634670, 4.314285714285671425 ) ) ;
#457 = CARTESIAN_POINT ( 'NONE',  ( 0.000000000000000000, 0.000000000000000000, 17.70000000000000995 ) ) ;
#458 = DIRECTION ( 'NONE',  ( 0.3535533905932765064, -0.6123724356957982451, 0.7071067811865430208 ) ) ;
#459 = ORIENTED_EDGE ( 'NONE', *, *, #27, .F. ) ;
#460 = ORIENTED_EDGE ( 'NONE', *, *, #1328, .F. ) ;
#461 = PLANE ( 'NONE',  #1736 ) ;
#462 = PLANE ( 'NONE',  #1886 ) ;
#463 = EDGE_CURVE ( 'NONE', #310, #778, #641, .T. ) ;
#464 = DIRECTION ( 'NONE',  ( 0.3535533905932713439, -0.6123724356957896964, -0.7071067811865529018 ) ) ;
#465 = ORIENTED_EDGE ( 'NONE', *, *, #715, .F. ) ;
#466 = CARTESIAN_POINT ( 'NONE',  ( 3.250000000000000444, 3.980102097228898231E-16, 0.2999999999999981570 ) ) ;
#467 = VERTEX_POINT ( 'NONE', #500 ) ;
#468 = ORIENTED_EDGE ( 'NONE', *, *, #1621, .T. ) ;
#469 = DIRECTION ( 'NONE',  ( -0.5000000000000001110, -0.8660254037844387076, 0.000000000000000000 ) ) ;
#470 = DIRECTION ( 'NONE',  ( -0.000000000000000000, -0.000000000000000000, 1.000000000000000000 ) ) ;
#471 = DIRECTION ( 'NONE',  ( 0.8660254037844382635, 0.5000000000000005551, 0.000000000000000000 ) ) ;
#472 = ORIENTED_EDGE ( 'NONE', *, *, #445, .F. ) ;
#473 = CARTESIAN_POINT ( 'NONE',  ( 0.4999999999999950040, 12.29756073373902936, 0.000000000000000000 ) ) ;
#474 = EDGE_CURVE ( 'NONE', #1146, #981, #356, .T. ) ;
#475 = EDGE_LOOP ( 'NONE', ( #1240, #1699, #337, #480 ) ) ;
#476 = ORIENTED_EDGE ( 'NONE', *, *, #70, .F. ) ;
#477 = DIRECTION ( 'NONE',  ( 0.000000000000000000, 0.000000000000000000, -1.000000000000000000 ) ) ;
#478 = CYLINDRICAL_SURFACE ( 'NONE', #429, 5.049999999999999822 ) ;
#479 = LINE ( 'NONE', #924, #1612 ) ;
#480 = ORIENTED_EDGE ( 'NONE', *, *, #1827, .F. ) ;
#481 = DIRECTION ( 'NONE',  ( -0.3420201433256670476, 0.000000000000000000, -0.9396926207859090940 ) ) ;
#482 = ORIENTED_EDGE ( 'NONE', *, *, #984, .F. ) ;
#483 = EDGE_CURVE ( 'NONE', #167, #1631, #412, .T. ) ;
#484 = VECTOR ( 'NONE', #1528, 1000.000000000000000 ) ;
#485 = ORIENTED_EDGE ( 'NONE', *, *, #542, .F. ) ;
#486 = CARTESIAN_POINT ( 'NONE',  ( 10.89999999999999325, 5.715767664977296825, 0.000000000000000000 ) ) ;
#487 = DIRECTION ( 'NONE',  ( -0.8660254037844382635, -0.5000000000000004441, 0.000000000000000000 ) ) ;
#488 = CARTESIAN_POINT ( 'NONE',  ( 9.999999999999992895, 3.925981830489456925, 5.699999999999997513 ) ) ;
#489 = CARTESIAN_POINT ( 'NONE',  ( 9.999999999999992895, 5.773502691896257311, 5.699999999999997513 ) ) ;
#490 = VERTEX_POINT ( 'NONE', #973 ) ;
#491 = CIRCLE ( 'NONE', #1798, 5.049999999999999822 ) ;
#492 = LINE ( 'NONE', #645, #1181 ) ;
#493 = ADVANCED_FACE ( 'NONE', ( #438 ), #1024, .F. ) ;
#494 = VERTEX_POINT ( 'NONE', #1132 ) ;
#495 = AXIS2_PLACEMENT_3D ( 'NONE', #960, #941, #1385 ) ;
#496 = CARTESIAN_POINT ( 'NONE',  ( -0.4999999999999922284, -12.29756073373903291, 0.000000000000000000 ) ) ;
#497 = ADVANCED_FACE ( 'NONE', ( #1007 ), #1118, .T. ) ;
#498 = CARTESIAN_POINT ( 'NONE',  ( 10.85430376018589804, 6.062865066481283094, 1.245696239814100492 ) ) ;
#499 = CARTESIAN_POINT ( 'NONE',  ( -8.400000000000000355, 6.697263122599655283, 5.699999999999997513 ) ) ;
#500 = CARTESIAN_POINT ( 'NONE',  ( -9.700000000000002842, 3.925981830489449820, 6.000000000000000000 ) ) ;
#501 = EDGE_LOOP ( 'NONE', ( #1692, #1403, #1004, #1018, #1372, #1438 ) ) ;
#502 = FACE_OUTER_BOUND ( 'NONE', #946, .T. ) ;
#503 = ORIENTED_EDGE ( 'NONE', *, *, #741, .T. ) ;
#504 = DIRECTION ( 'NONE',  ( 0.000000000000000000, 0.000000000000000000, -1.000000000000000000 ) ) ;
#505 = DIRECTION ( 'NONE',  ( -0.6546536707079793072, -0.3779644730092328597, -0.6546536707079717576 ) ) ;
#506 = EDGE_CURVE ( 'NONE', #490, #1687, #886, .T. ) ;
#507 = CARTESIAN_POINT ( 'NONE',  ( 1.600000000000005862, -10.62324495308911665, 5.699999999999997513 ) ) ;
#508 = DIRECTION ( 'NONE',  ( 0.000000000000000000, 0.000000000000000000, -1.000000000000000000 ) ) ;
#509 = LINE ( 'NONE', #1083, #720 ) ;
#510 = CARTESIAN_POINT ( 'NONE',  ( 4.099999999999999645, 5.021051876504147385E-16, 36.00000000000000000 ) ) ;
#511 = ORIENTED_EDGE ( 'NONE', *, *, #1679, .F. ) ;
#512 = AXIS2_PLACEMENT_3D ( 'NONE', #1565, #575, #1876 ) ;
#513 = CARTESIAN_POINT ( 'NONE',  ( -9.999999999999994671, -5.773502691896260863, 5.699999999999997513 ) ) ;
#514 = ORIENTED_EDGE ( 'NONE', *, *, #557, .F. ) ;
#515 = CARTESIAN_POINT ( 'NONE',  ( -5.049999999999999822, 0.000000000000000000, 8.000000000000000000 ) ) ;
#516 = DIRECTION ( 'NONE',  ( -1.000000000000000000, 0.000000000000000000, 0.000000000000000000 ) ) ;
#517 = EDGE_CURVE ( 'NONE', #1780, #1604, #1175, .T. ) ;
#518 = CARTESIAN_POINT ( 'NONE',  ( 10.76602540378443074, -6.215767664977296825, 1.333974596215565578 ) ) ;
#519 = ORIENTED_EDGE ( 'NONE', *, *, #1259, .F. ) ;
#520 = AXIS2_PLACEMENT_3D ( 'NONE', #133, #1873, #397 ) ;
#521 =( LENGTH_UNIT ( ) NAMED_UNIT ( * ) SI_UNIT ( .MILLI., .METRE. ) );
#522 = CONICAL_SURFACE ( 'NONE', #826, 2.900000000000003464, 0.7853981633974388421 ) ;
#523 = EDGE_LOOP ( 'NONE', ( #1658, #881, #274, #582 ) ) ;
#524 = CARTESIAN_POINT ( 'NONE',  ( -0.4999999999999882871, -12.29756073373903469, 1.200000000000007061 ) ) ;
#525 = ORIENTED_EDGE ( 'NONE', *, *, #145, .F. ) ;
#526 = CARTESIAN_POINT ( 'NONE',  ( 10.39999999999999325, -6.581793068761736976, 0.000000000000000000 ) ) ;
#527 = DIRECTION ( 'NONE',  ( -1.000000000000000000, 0.000000000000000000, 0.000000000000000000 ) ) ;
#528 = DIRECTION ( 'NONE',  ( 0.000000000000000000, -1.000000000000000000, 0.000000000000000000 ) ) ;
#529 = ORIENTED_EDGE ( 'NONE', *, *, #836, .T. ) ;
#530 = EDGE_CURVE ( 'NONE', #1312, #1601, #1381, .T. ) ;
#531 = ADVANCED_FACE ( 'NONE', ( #419 ), #870, .F. ) ;
#532 = CYLINDRICAL_SURFACE ( 'NONE', #435, 3.200000000000000178 ) ;
#533 = EDGE_LOOP ( 'NONE', ( #1374, #35, #1729, #1197 ) ) ;
#534 = PLANE ( 'NONE',  #252 ) ;
#535 = ORIENTED_EDGE ( 'NONE', *, *, #1776, .F. ) ;
#536 = CARTESIAN_POINT ( 'NONE',  ( -8.250000000000000000, 6.437455501464325991, 6.000000000000000000 ) ) ;
#537 = DIRECTION ( 'NONE',  ( 0.000000000000000000, 0.000000000000000000, -1.000000000000000000 ) ) ;
#538 = LINE ( 'NONE', #1229, #1632 ) ;
#539 = PLANE ( 'NONE',  #276 ) ;
#540 = AXIS2_PLACEMENT_3D ( 'NONE', #348, #1814, #1073 ) ;
#541 = VERTEX_POINT ( 'NONE', #1696 ) ;
#542 = EDGE_CURVE ( 'NONE', #1617, #1250, #1145, .T. ) ;
#543 = LINE ( 'NONE', #1109, #1343 ) ;
#544 = ORIENTED_EDGE ( 'NONE', *, *, #420, .F. ) ;
#545 = CARTESIAN_POINT ( 'NONE',  ( 9.700000000000002842, -3.925981830489453372, 6.000000000000000000 ) ) ;
#546 = VECTOR ( 'NONE', #1715, 1000.000000000000114 ) ;
#547 = CARTESIAN_POINT ( 'NONE',  ( 8.365193483161095729E-15, -12.43153532995459543, 1.333974596215563357 ) ) ;
#548 = FACE_OUTER_BOUND ( 'NONE', #1110, .T. ) ;
#549 =( BOUNDED_CURVE ( )  B_SPLINE_CURVE ( 3, ( #1114, #1238, #1825, #518 ),
 .UNSPECIFIED., .F., .F. ) 
 B_SPLINE_CURVE_WITH_KNOTS ( ( 4, 4 ),
 ( 3.334572201696413887E-15, 0.5235987755982997038 ),
 .UNSPECIFIED. ) 
 CURVE ( )  GEOMETRIC_REPRESENTATION_ITEM ( )  RATIONAL_B_SPLINE_CURVE ( ( 1.000000000000000000, 0.9772838841927123932, 0.9772838841927123932, 1.000000000000000000 ) ) 
 REPRESENTATION_ITEM ( '' )  );
#550 = FACE_OUTER_BOUND ( 'NONE', #301, .T. ) ;
#551 = ORIENTED_EDGE ( 'NONE', *, *, #295, .F. ) ;
#552 = ADVANCED_FACE ( 'NONE', ( #548 ), #1588, .T. ) ;
#553 = CONICAL_SURFACE ( 'NONE', #61, 4.099999999999999645, 0.3490658503988619543 ) ;
#554 = ORIENTED_EDGE ( 'NONE', *, *, #367, .F. ) ;
#555 = CARTESIAN_POINT ( 'NONE',  ( 6.799999999999998046, -3.925981830489455149, 6.000000000000000000 ) ) ;
#556 = AXIS2_PLACEMENT_3D ( 'NONE', #277, #1022, #1587 ) ;
#557 = EDGE_CURVE ( 'NONE', #1317, #1889, #710, .T. ) ;
#558 = CARTESIAN_POINT ( 'NONE',  ( 0.000000000000000000, 0.000000000000000000, 8.000000000000000000 ) ) ;
#559 = CARTESIAN_POINT ( 'NONE',  ( -0.5000000000000053291, 12.29756073373902936, 1.200000000000005507 ) ) ;
#560 = CARTESIAN_POINT ( 'NONE',  ( 9.899999999999991473, 5.715767664977296825, 1.500000000000000000 ) ) ;
#561 = ORIENTED_EDGE ( 'NONE', *, *, #1826, .F. ) ;
#562 = DIRECTION ( 'NONE',  ( 0.000000000000000000, 0.000000000000000000, -1.000000000000000000 ) ) ;
#563 = ORIENTED_EDGE ( 'NONE', *, *, #1201, .T. ) ;
#564 = CYLINDRICAL_SURFACE ( 'NONE', #974, 3.250000000000000444 ) ;
#565 = LINE ( 'NONE', #1137, #125 ) ;
#566 = DIRECTION ( 'NONE',  ( -1.000000000000000000, 0.000000000000000000, 0.000000000000000000 ) ) ;
#567 = EDGE_CURVE ( 'NONE', #892, #1134, #144, .T. ) ;
#568 = CARTESIAN_POINT ( 'NONE',  ( 8.461807278509552072E-15, -12.58623586833384600, 1.200000000000005063 ) ) ;
#569 = CIRCLE ( 'NONE', #1506, 3.199999999999999734 ) ;
#570 = ORIENTED_EDGE ( 'NONE', *, *, #1810, .F. ) ;
#571 = CIRCLE ( 'NONE', #540, 7.049999999999999822 ) ;
#572 = CYLINDRICAL_SURFACE ( 'NONE', #375, 1.000000000000000000 ) ;
#573 = EDGE_LOOP ( 'NONE', ( #1627, #784, #1347, #514 ) ) ;
#574 = PLANE ( 'NONE',  #1769 ) ;
#575 = DIRECTION ( 'NONE',  ( 0.000000000000000000, 0.000000000000000000, -1.000000000000000000 ) ) ;
#576 = AXIS2_PLACEMENT_3D ( 'NONE', #1323, #736, #1156 ) ;
#577 = CARTESIAN_POINT ( 'NONE',  ( -1.734723475976807094E-15, 7.851963660978910298, 6.000000000000000000 ) ) ;
#578 = ADVANCED_FACE ( 'NONE', ( #983, #1303 ), #1891, .T. ) ;
#579 = DIRECTION ( 'NONE',  ( 0.000000000000000000, 0.000000000000000000, -1.000000000000000000 ) ) ;
#580 = EDGE_LOOP ( 'NONE', ( #1808, #359, #1862, #1681 ) ) ;
#581 = UNCERTAINTY_MEASURE_WITH_UNIT (LENGTH_MEASURE( 1.000000000000000082E-05 ), #521, 'distance_accuracy_value', 'NONE');
#582 = ORIENTED_EDGE ( 'NONE', *, *, #1402, .T. ) ;
#583 = AXIS2_PLACEMENT_3D ( 'NONE', #1241, #1373, #67 ) ;
#584 = CARTESIAN_POINT ( 'NONE',  ( -1.734723475976807094E-15, 7.851963660978910298, 5.699999999999997513 ) ) ;
#585 = VECTOR ( 'NONE', #1266, 1000.000000000000000 ) ;
#586 = CARTESIAN_POINT ( 'NONE',  ( 10.85430376018589804, -6.062865066481284870, 1.245696239814100270 ) ) ;
#587 = CONICAL_SURFACE ( 'NONE', #828, 2.900000000000003464, 0.7853981633974388421 ) ;
#588 = DIRECTION ( 'NONE',  ( 1.000000000000000000, 0.000000000000000000, 0.000000000000000000 ) ) ;
#589 = CARTESIAN_POINT ( 'NONE',  ( -7.049999999999999822, 0.000000000000000000, 8.000000000000000000 ) ) ;
#590 = VERTEX_POINT ( 'NONE', #1411 ) ;
#591 = EDGE_CURVE ( 'NONE', #1755, #1252, #1579, .T. ) ;
#592 = FACE_OUTER_BOUND ( 'NONE', #371, .T. ) ;
#593 = EDGE_LOOP ( 'NONE', ( #722, #1098, #287, #1032, #928 ) ) ;
#594 = DIRECTION ( 'NONE',  ( 0.3535533905932717880, -0.6123724356957883641, 0.7071067811865537900 ) ) ;
#595 = ADVANCED_BREP_SHAPE_REPRESENTATION ( 'hexholder_v2_20.0mm', ( #989, #1676 ), #831 ) ;
#596 = CARTESIAN_POINT ( 'NONE',  ( 1.600000000000007194, -10.62324495308911665, 5.699999999999997513 ) ) ;
#597 = DIRECTION ( 'NONE',  ( 0.000000000000000000, -1.000000000000000000, 0.000000000000000000 ) ) ;
#598 = DIRECTION ( 'NONE',  ( -0.3535533905932700116, -0.6123724356957923609, -0.7071067811865513475 ) ) ;
#599 = ORIENTED_EDGE ( 'NONE', *, *, #1401, .T. ) ;
#600 = ADVANCED_FACE ( 'NONE', ( #1289 ), #699, .F. ) ;
#601 = ORIENTED_EDGE ( 'NONE', *, *, #794, .T. ) ;
#602 = VECTOR ( 'NONE', #1582, 1000.000000000000000 ) ;
#603 = CARTESIAN_POINT ( 'NONE',  ( -10.89999999999999503, -5.715767664977296825, 0.000000000000000000 ) ) ;
#604 = FACE_OUTER_BOUND ( 'NONE', #1525, .T. ) ;
#605 = CARTESIAN_POINT ( 'NONE',  ( -1.599999999999995870, -10.62324495308911665, 5.699999999999997513 ) ) ;
#606 = CARTESIAN_POINT ( 'NONE',  ( 1.450000000000007283, -10.36343733195378647, 6.000000000000000000 ) ) ;
#607 = ORIENTED_EDGE ( 'NONE', *, *, #1363, .F. ) ;
#608 = VECTOR ( 'NONE', #1820, 1000.000000000000000 ) ;
#609 = ORIENTED_EDGE ( 'NONE', *, *, #1607, .F. ) ;
#610 =( BOUNDED_CURVE ( )  B_SPLINE_CURVE ( 3, ( #547, #1835, #1685, #1276 ),
 .UNSPECIFIED., .F., .F. ) 
 B_SPLINE_CURVE_WITH_KNOTS ( ( 4, 4 ),
 ( 5.759586531581287971, 6.283185307179586232 ),
 .UNSPECIFIED. ) 
 CURVE ( )  GEOMETRIC_REPRESENTATION_ITEM ( )  RATIONAL_B_SPLINE_CURVE ( ( 1.000000000000000000, 0.9772838841927120601, 0.9772838841927120601, 1.000000000000000000 ) ) 
 REPRESENTATION_ITEM ( '' )  );
#611 = ADVANCED_FACE ( 'NONE', ( #998 ), #1272, .T. ) ;
#612 = CARTESIAN_POINT ( 'NONE',  ( 0.000000000000000000, 0.000000000000000000, 36.00000000000000000 ) ) ;
#613 = EDGE_CURVE ( 'NONE', #814, #1252, #622, .T. ) ;
#614 = CARTESIAN_POINT ( 'NONE',  ( 3.549999999999997602, 4.347496136973100915E-16, 0.000000000000000000 ) ) ;
#615 = VECTOR ( 'NONE', #667, 1000.000000000000000 ) ;
#616 = ORIENTED_EDGE ( 'NONE', *, *, #16, .F. ) ;
#617 = PLANE ( 'NONE',  #423 ) ;
#618 = VECTOR ( 'NONE', #1624, 1000.000000000000000 ) ;
#619 = VERTEX_POINT ( 'NONE', #335 ) ;
#620 = ORIENTED_EDGE ( 'NONE', *, *, #1425, .T. ) ;
#621 = PLANE ( 'NONE',  #1404 ) ;
#622 = LINE ( 'NONE', #895, #852 ) ;
#623 = LINE ( 'NONE', #1196, #34 ) ;
#624 = EDGE_CURVE ( 'NONE', #867, #814, #911, .T. ) ;
#625 = LINE ( 'NONE', #1326, #325 ) ;
#626 = VERTEX_POINT ( 'NONE', #1315 ) ;
#627 = ORIENTED_EDGE ( 'NONE', *, *, #1762, .F. ) ;
#628 = DIRECTION ( 'NONE',  ( -3.004629197474319049E-16, 1.000000000000000000, 0.000000000000000000 ) ) ;
#629 = AXIS2_PLACEMENT_3D ( 'NONE', #1877, #1573, #1125 ) ;
#630 = CARTESIAN_POINT ( 'NONE',  ( 0.000000000000000000, 0.000000000000000000, 8.000000000000000000 ) ) ;
#631 = FACE_OUTER_BOUND ( 'NONE', #42, .T. ) ;
#632 = EDGE_CURVE ( 'NONE', #1242, #1462, #1043, .T. ) ;
#633 = ORIENTED_EDGE ( 'NONE', *, *, #1535, .T. ) ;
#634 = AXIS2_PLACEMENT_3D ( 'NONE', #864, #1441, #136 ) ;
#635 = EDGE_CURVE ( 'NONE', #1127, #926, #815, .T. ) ;
#636 = ORIENTED_EDGE ( 'NONE', *, *, #216, .F. ) ;
#637 = DIRECTION ( 'NONE',  ( -0.000000000000000000, -0.000000000000000000, -1.000000000000000000 ) ) ;
#638 = DIRECTION ( 'NONE',  ( -1.000000000000000000, 0.000000000000000000, 0.000000000000000000 ) ) ;
#639 = LINE ( 'NONE', #194, #278 ) ;
#640 = CIRCLE ( 'NONE', #1733, 1.000000000000000000 ) ;
#641 = LINE ( 'NONE', #1218, #1511 ) ;
#642 = VECTOR ( 'NONE', #212, 1000.000000000000000 ) ;
#643 = ORIENTED_EDGE ( 'NONE', *, *, #1187, .F. ) ;
#644 = VECTOR ( 'NONE', #562, 1000.000000000000000 ) ;
#645 = CARTESIAN_POINT ( 'NONE',  ( 0.5000000000000091038, -12.29756073373903114, 1.500000000000000000 ) ) ;
#646 = VERTEX_POINT ( 'NONE', #182 ) ;
#647 = ADVANCED_FACE ( 'NONE', ( #1174 ), #1331, .T. ) ;
#648 = DIRECTION ( 'NONE',  ( -1.000000000000000000, 0.000000000000000000, 0.000000000000000000 ) ) ;
#649 = CARTESIAN_POINT ( 'NONE',  ( 3.250000000000000444, 3.980102097228898231E-16, 17.00000000000000000 ) ) ;
#650 = CARTESIAN_POINT ( 'NONE',  ( 0.000000000000000000, 0.000000000000000000, 19.13737387097278386 ) ) ;
#651 = DIRECTION ( 'NONE',  ( 0.000000000000000000, 0.000000000000000000, 1.000000000000000000 ) ) ;
#652 = ORIENTED_EDGE ( 'NONE', *, *, #272, .T. ) ;
#653 = DIRECTION ( 'NONE',  ( -1.000000000000000000, 0.000000000000000000, 0.000000000000000000 ) ) ;
#654 = ORIENTED_EDGE ( 'NONE', *, *, #834, .T. ) ;
#655 = ADVANCED_FACE ( 'NONE', ( #29 ), #298, .F. ) ;
#656 = CARTESIAN_POINT ( 'NONE',  ( -10.89999999999999503, -6.293117934166923000, 1.500000000000000000 ) ) ;
#657 = EDGE_LOOP ( 'NONE', ( #544, #609, #898, #1068, #1212 ) ) ;
#658 = CARTESIAN_POINT ( 'NONE',  ( 0.000000000000000000, 0.000000000000000000, 36.00000000000000000 ) ) ;
#659 = DIRECTION ( 'NONE',  ( 0.000000000000000000, 0.000000000000000000, -1.000000000000000000 ) ) ;
#660 = EDGE_LOOP ( 'NONE', ( #919, #1737 ) ) ;
#661 = FACE_OUTER_BOUND ( 'NONE', #713, .T. ) ;
#662 = ORIENTED_EDGE ( 'NONE', *, *, #567, .F. ) ;
#663 = AXIS2_PLACEMENT_3D ( 'NONE', #1723, #1708, #854 ) ;
#664 = DIRECTION ( 'NONE',  ( -0.7071067811865403563, 0.000000000000000000, -0.7071067811865546782 ) ) ;
#665 = EDGE_LOOP ( 'NONE', ( #321, #616, #1202, #1030, #749 ) ) ;
#666 = DIRECTION ( 'NONE',  ( -0.000000000000000000, -0.000000000000000000, 1.000000000000000000 ) ) ;
#667 = DIRECTION ( 'NONE',  ( 0.6546536707079796402, -0.3779644730092316385, -0.6546536707079720907 ) ) ;
#668 = CARTESIAN_POINT ( 'NONE',  ( 0.000000000000000000, 0.000000000000000000, 33.99999999999998579 ) ) ;
#669 = EDGE_CURVE ( 'NONE', #1604, #60, #1625, .T. ) ;
#670 = EDGE_CURVE ( 'NONE', #1274, #1292, #324, .T. ) ;
#671 = ORIENTED_EDGE ( 'NONE', *, *, #1201, .F. ) ;
#672 = CIRCLE ( 'NONE', #244, 3.372059531467595850 ) ;
#673 = DIRECTION ( 'NONE',  ( 0.000000000000000000, 0.000000000000000000, -1.000000000000000000 ) ) ;
#674 = AXIS2_PLACEMENT_3D ( 'NONE', #166, #1176, #588 ) ;
#675 = ORIENTED_EDGE ( 'NONE', *, *, #635, .T. ) ;
#676 = CARTESIAN_POINT ( 'NONE',  ( -10.89999999999999503, -5.715767664977297713, 1.200000000000005285 ) ) ;
#677 = ORIENTED_EDGE ( 'NONE', *, *, #1665, .T. ) ;
#678 = DIRECTION ( 'NONE',  ( -1.000000000000000000, 0.000000000000000000, 0.000000000000000000 ) ) ;
#679 = CARTESIAN_POINT ( 'NONE',  ( 3.469446951953614189E-15, -7.851963660978913850, 6.000000000000000000 ) ) ;
#680 = DIRECTION ( 'NONE',  ( -0.8660254037844382635, -0.5000000000000006661, 0.000000000000000000 ) ) ;
#681 = ADVANCED_FACE ( 'NONE', ( #1483 ), #1023, .T. ) ;
#682 = VERTEX_POINT ( 'NONE', #1195 ) ;
#683 = LINE ( 'NONE', #927, #405 ) ;
#684 = ORIENTED_EDGE ( 'NONE', *, *, #70, .T. ) ;
#685 = CARTESIAN_POINT ( 'NONE',  ( 7.480994990149980595E-15, -11.54700538379251995, 5.699999999999997513 ) ) ;
#686 = ORIENTED_EDGE ( 'NONE', *, *, #1724, .F. ) ;
#687 = CARTESIAN_POINT ( 'NONE',  ( 9.999999999999996447, -3.925981830489453372, 1.500000000000000000 ) ) ;
#688 = DIRECTION ( 'NONE',  ( -0.000000000000000000, -0.000000000000000000, 1.000000000000000000 ) ) ;
#689 = CARTESIAN_POINT ( 'NONE',  ( -10.85430376018590160, 6.062865066481283094, 1.245696239814098938 ) ) ;
#690 = PLANE ( 'NONE',  #142 ) ;
#691 = VECTOR ( 'NONE', #1133, 1000.000000000000114 ) ;
#692 = ADVANCED_FACE ( 'NONE', ( #174 ), #478, .T. ) ;
#693 = CIRCLE ( 'NONE', #264, 3.549999999999997602 ) ;
#694 = EDGE_LOOP ( 'NONE', ( #751, #234, #17, #503 ) ) ;
#695 = ADVANCED_FACE ( 'NONE', ( #772 ), #316, .T. ) ;
#696 = CARTESIAN_POINT ( 'NONE',  ( 6.799999999999998046, -3.925981830489455149, 6.000000000000000000 ) ) ;
#697 = ORIENTED_EDGE ( 'NONE', *, *, #1839, .T. ) ;
#698 = SURFACE_STYLE_USAGE ( .BOTH. , #109 ) ;
#699 = CONICAL_SURFACE ( 'NONE', #937, 3.549999999999997602, 0.7853981633974469467 ) ;
#700 = CARTESIAN_POINT ( 'NONE',  ( 0.1500000000000079603, -12.32642824719851404, 1.500000000000000000 ) ) ;
#701 = CARTESIAN_POINT ( 'NONE',  ( -0.1765567128029404409, 12.43153532995459010, 1.245696239814098938 ) ) ;
#702 = LINE ( 'NONE', #421, #691 ) ;
#703 = ORIENTED_EDGE ( 'NONE', *, *, #669, .T. ) ;
#704 = COLOUR_RGB ( '',0.7921568627450980005, 0.8196078431372548767, 0.9333333333333333481 ) ;
#705 = VECTOR ( 'NONE', #1123, 1000.000000000000114 ) ;
#706 = EDGE_CURVE ( 'NONE', #149, #1779, #877, .T. ) ;
#707 = ORIENTED_EDGE ( 'NONE', *, *, #567, .T. ) ;
#708 = DIRECTION ( 'NONE',  ( -1.000000000000000000, 0.000000000000000000, 0.000000000000000000 ) ) ;
#709 = CARTESIAN_POINT ( 'NONE',  ( -8.400000000000000355, 6.697263122599654395, 5.699999999999997513 ) ) ;
#710 = LINE ( 'NONE', #1124, #148 ) ;
#711 = DIRECTION ( 'NONE',  ( -0.8660254037844382635, -0.5000000000000004441, 0.000000000000000000 ) ) ;
#712 = ORIENTED_EDGE ( 'NONE', *, *, #1200, .F. ) ;
#713 = EDGE_LOOP ( 'NONE', ( #1559, #1386, #1300, #6 ) ) ;
#714 = DIRECTION ( 'NONE',  ( -1.000000000000000000, 0.000000000000000000, 0.000000000000000000 ) ) ;
#715 = EDGE_CURVE ( 'NONE', #314, #1242, #153, .T. ) ;
#716 = FACE_OUTER_BOUND ( 'NONE', #1832, .T. ) ;
#717 = CARTESIAN_POINT ( 'NONE',  ( 10.89999999999999147, -5.892324377780229661, 1.200000000000005951 ) ) ;
#718 = DIRECTION ( 'NONE',  ( -1.000000000000000000, 0.000000000000000000, 0.000000000000000000 ) ) ;
#719 = CARTESIAN_POINT ( 'NONE',  ( 3.469446951953614189E-15, -7.851963660978913850, 6.000000000000000000 ) ) ;
#720 = VECTOR ( 'NONE', #801, 1000.000000000000114 ) ;
#721 = EDGE_LOOP ( 'NONE', ( #793, #1593, #759, #1561 ) ) ;
#722 = ORIENTED_EDGE ( 'NONE', *, *, #1621, .F. ) ;
#723 = FACE_OUTER_BOUND ( 'NONE', #382, .T. ) ;
#724 = DIRECTION ( 'NONE',  ( -0.000000000000000000, -0.000000000000000000, -1.000000000000000000 ) ) ;
#725 = DIRECTION ( 'NONE',  ( 0.000000000000000000, 0.000000000000000000, 1.000000000000000000 ) ) ;
#726 = ADVANCED_FACE ( 'NONE', ( #1606 ), #1053, .T. ) ;
#727 = ADVANCED_FACE ( 'NONE', ( #604 ), #462, .T. ) ;
#728 = CARTESIAN_POINT ( 'NONE',  ( -10.39999999999999503, -6.581793068761736087, 0.000000000000000000 ) ) ;
#729 = ORIENTED_EDGE ( 'NONE', *, *, #286, .F. ) ;
#730 =( NAMED_UNIT ( * ) SI_UNIT ( $, .STERADIAN. ) SOLID_ANGLE_UNIT ( ) );
#731 = VECTOR ( 'NONE', #90, 1000.000000000000000 ) ;
#732 = VERTEX_POINT ( 'NONE', #526 ) ;
#733 = AXIS2_PLACEMENT_3D ( 'NONE', #650, #1072, #1080 ) ;
#734 = DIRECTION ( 'NONE',  ( -1.000000000000000000, 0.000000000000000000, 0.000000000000000000 ) ) ;
#735 = AXIS2_PLACEMENT_3D ( 'NONE', #584, #1313, #288 ) ;
#736 = DIRECTION ( 'NONE',  ( 0.000000000000000000, 0.000000000000000000, -1.000000000000000000 ) ) ;
#737 = AXIS2_PLACEMENT_3D ( 'NONE', #446, #1429, #1013 ) ;
#738 = CARTESIAN_POINT ( 'NONE',  ( -3.372059531467595850, 0.000000000000000000, 36.00000000000000000 ) ) ;
#739 = DIRECTION ( 'NONE',  ( 0.7071067811865556774, 3.186890520727814122E-16, 0.7071067811865393571 ) ) ;
#740 = VECTOR ( 'NONE', #1843, 1000.000000000000000 ) ;
#741 = EDGE_CURVE ( 'NONE', #1889, #180, #1361, .T. ) ;
#742 = ORIENTED_EDGE ( 'NONE', *, *, #670, .F. ) ;
#743 = ORIENTED_EDGE ( 'NONE', *, *, #1287, .T. ) ;
#744 = DIRECTION ( 'NONE',  ( 0.3420201433256670476, 4.188538737676971427E-17, -0.9396926207859090940 ) ) ;
#745 = DIRECTION ( 'NONE',  ( -0.000000000000000000, -0.000000000000000000, 1.000000000000000000 ) ) ;
#746 = DIRECTION ( 'NONE',  ( -0.000000000000000000, -0.000000000000000000, -1.000000000000000000 ) ) ;
#747 = ORIENTED_EDGE ( 'NONE', *, *, #38, .T. ) ;
#748 = CARTESIAN_POINT ( 'NONE',  ( 9.999999999999992895, 3.925981830489456925, 6.000000000000000000 ) ) ;
#749 = ORIENTED_EDGE ( 'NONE', *, *, #129, .F. ) ;
#750 = CIRCLE ( 'NONE', #1450, 2.000000000000000000 ) ;
#751 = ORIENTED_EDGE ( 'NONE', *, *, #820, .F. ) ;
#752 = ADVANCED_FACE ( 'NONE', ( #1079 ), #1060, .F. ) ;
#753 = DIRECTION ( 'NONE',  ( -0.000000000000000000, -0.000000000000000000, 1.000000000000000000 ) ) ;
#754 = CARTESIAN_POINT ( 'NONE',  ( -6.799999999999995381, -3.925981830489458702, 6.000000000000000000 ) ) ;
#755 = PLANE ( 'NONE',  #765 ) ;
#756 = CARTESIAN_POINT ( 'NONE',  ( -6.799999999999995381, -3.925981830489458702, 6.000000000000000000 ) ) ;
#757 = AXIS2_PLACEMENT_3D ( 'NONE', #762, #37, #20 ) ;
#758 = EDGE_LOOP ( 'NONE', ( #313, #1383, #1697, #58 ) ) ;
#759 = ORIENTED_EDGE ( 'NONE', *, *, #1402, .F. ) ;
#760 = EDGE_CURVE ( 'NONE', #1546, #1135, #1728, .T. ) ;
#761 = CARTESIAN_POINT ( 'NONE',  ( -1.734723475976807094E-15, 7.851963660978910298, 6.000000000000000000 ) ) ;
#762 = CARTESIAN_POINT ( 'NONE',  ( -4.174178364069192071E-15, 11.54700538379251640, 6.000000000000000000 ) ) ;
#763 = PRESENTATION_LAYER_ASSIGNMENT (  '', '', ( #1517 ) ) ;
#764 = CARTESIAN_POINT ( 'NONE',  ( -5.551115123125782702E-14, 8.990168477381192957, 4.314285714285787776 ) ) ;
#765 = AXIS2_PLACEMENT_3D ( 'NONE', #1794, #1333, #56 ) ;
#766 = CARTESIAN_POINT ( 'NONE',  ( -0.4999999999999882871, -12.29756073373903469, 1.200000000000007061 ) ) ;
#767 = VECTOR ( 'NONE', #594, 1000.000000000000114 ) ;
#768 = AXIS2_PLACEMENT_3D ( 'NONE', #1661, #362, #1691 ) ;
#769 = ORIENTED_EDGE ( 'NONE', *, *, #1058, .F. ) ;
#770 = ORIENTED_EDGE ( 'NONE', *, *, #1163, .F. ) ;
#771 = CARTESIAN_POINT ( 'NONE',  ( 10.89999999999999325, -5.715767664977297713, 1.200000000000005285 ) ) ;
#772 = FACE_OUTER_BOUND ( 'NONE', #856, .T. ) ;
#773 = ADVANCED_FACE ( 'NONE', ( #962 ), #1888, .T. ) ;
#774 = CARTESIAN_POINT ( 'NONE',  ( 0.3470974015039787752, 12.38583909014049844, 1.200000000000005285 ) ) ;
#775 = PLANE ( 'NONE',  #1754 ) ;
#776 = ADVANCED_FACE ( 'NONE', ( #921 ), #63, .T. ) ;
#777 = ORIENTED_EDGE ( 'NONE', *, *, #1852, .F. ) ;
#778 = VERTEX_POINT ( 'NONE', #780 ) ;
#779 = CARTESIAN_POINT ( 'NONE',  ( -10.89999999999999503, 5.715767664977295048, 1.200000000000005285 ) ) ;
#780 = CARTESIAN_POINT ( 'NONE',  ( -10.39999999999999503, -6.581793068761736087, 1.200000000000007061 ) ) ;
#781 = CARTESIAN_POINT ( 'NONE',  ( 10.89999999999999325, -6.293117934166923888, 1.200000000000005285 ) ) ;
#782 = DIRECTION ( 'NONE',  ( -1.224646799147353207E-16, 1.000000000000000000, 0.000000000000000000 ) ) ;
#783 = EDGE_CURVE ( 'NONE', #590, #1274, #1074, .T. ) ;
#784 = ORIENTED_EDGE ( 'NONE', *, *, #820, .T. ) ;
#785 = DIRECTION ( 'NONE',  ( 0.000000000000000000, 0.000000000000000000, -1.000000000000000000 ) ) ;
#786 = ORIENTED_EDGE ( 'NONE', *, *, #1247, .F. ) ;
#787 = DIRECTION ( 'NONE',  ( 0.000000000000000000, 0.000000000000000000, -1.000000000000000000 ) ) ;
#788 = CARTESIAN_POINT ( 'NONE',  ( -8.399999999999996803, -6.697263122599661500, 1.500000000000000000 ) ) ;
#789 = DIRECTION ( 'NONE',  ( 4.506943796211478080E-16, -1.000000000000000000, 0.000000000000000000 ) ) ;
#790 = VECTOR ( 'NONE', #416, 1000.000000000000000 ) ;
#791 = CARTESIAN_POINT ( 'NONE',  ( -9.899999999999995026, -5.715767664977296825, 0.000000000000000000 ) ) ;
#792 = CIRCLE ( 'NONE', #733, 5.049999999999999822 ) ;
#793 = ORIENTED_EDGE ( 'NONE', *, *, #354, .F. ) ;
#794 = EDGE_CURVE ( 'NONE', #732, #1780, #200, .T. ) ;
#795 = LINE ( 'NONE', #510, #121 ) ;
#796 = VERTEX_POINT ( 'NONE', #788 ) ;
#797 = PLANE ( 'NONE',  #863 ) ;
#798 = LINE ( 'NONE', #1377, #1301 ) ;
#799 = CARTESIAN_POINT ( 'NONE',  ( -5.049999999999999822, 0.000000000000000000, 19.13737387097278386 ) ) ;
#800 = LINE ( 'NONE', #1657, #1481 ) ;
#801 = DIRECTION ( 'NONE',  ( -0.7071067811865403563, 0.000000000000000000, 0.7071067811865546782 ) ) ;
#802 = DIRECTION ( 'NONE',  ( -1.000000000000000000, 0.000000000000000000, 0.000000000000000000 ) ) ;
#803 = ORIENTED_EDGE ( 'NONE', *, *, #96, .T. ) ;
#804 = LINE ( 'NONE', #951, #1188 ) ;
#805 = EDGE_CURVE ( 'NONE', #180, #1254, #54, .T. ) ;
#806 = ORIENTED_EDGE ( 'NONE', *, *, #959, .T. ) ;
#807 = CARTESIAN_POINT ( 'NONE',  ( -6.799999999999998046, 3.925981830489450708, 6.000000000000000000 ) ) ;
#808 = CARTESIAN_POINT ( 'NONE',  ( 5.049999999999999822, 6.184466335694133068E-16, 8.000000000000000000 ) ) ;
#809 = CARTESIAN_POINT ( 'NONE',  ( 7.049999999999999822, 8.633759933988839975E-16, 6.000000000000000000 ) ) ;
#810 =( BOUNDED_CURVE ( )  B_SPLINE_CURVE ( 3, ( #1816, #207, #1797, #1393 ),
 .UNSPECIFIED., .F., .T. ) 
 B_SPLINE_CURVE_WITH_KNOTS ( ( 4, 4 ),
 ( 5.759586531581286195, 6.283185307179586232 ),
 .UNSPECIFIED. ) 
 CURVE ( )  GEOMETRIC_REPRESENTATION_ITEM ( )  RATIONAL_B_SPLINE_CURVE ( ( 1.000000000000000000, 0.9772838841927120601, 0.9772838841927120601, 1.000000000000000000 ) ) 
 REPRESENTATION_ITEM ( '' )  );
#811 = ORIENTED_EDGE ( 'NONE', *, *, #624, .T. ) ;
#812 = AXIS2_PLACEMENT_3D ( 'NONE', #1150, #1745, #302 ) ;
#813 = CARTESIAN_POINT ( 'NONE',  ( -1.449999999999996403, -10.36343733195378469, 6.000000000000000000 ) ) ;
#814 = VERTEX_POINT ( 'NONE', #1654 ) ;
#815 = CIRCLE ( 'NONE', #209, 2.900000000000003464 ) ;
#816 = VECTOR ( 'NONE', #219, 1000.000000000000000 ) ;
#817 = CARTESIAN_POINT ( 'NONE',  ( 6.799999999999998046, -3.925981830489455149, 5.699999999999997513 ) ) ;
#818 = ORIENTED_EDGE ( 'NONE', *, *, #156, .T. ) ;
#819 = LINE ( 'NONE', #1684, #150 ) ;
#820 = EDGE_CURVE ( 'NONE', #1779, #180, #1101, .T. ) ;
#821 = CARTESIAN_POINT ( 'NONE',  ( 10.89999999999999325, -5.715767664977297713, 1.500000000000000000 ) ) ;
#822 = LINE ( 'NONE', #1542, #1421 ) ;
#823 = ORIENTED_EDGE ( 'NONE', *, *, #134, .T. ) ;
#824 = AXIS2_PLACEMENT_3D ( 'NONE', #1076, #1651, #360 ) ;
#825 = DIRECTION ( 'NONE',  ( -1.000000000000000000, 0.000000000000000000, 0.000000000000000000 ) ) ;
#826 = AXIS2_PLACEMENT_3D ( 'NONE', #72, #399, #1714 ) ;
#827 = ORIENTED_EDGE ( 'NONE', *, *, #1038, .F. ) ;
#828 = AXIS2_PLACEMENT_3D ( 'NONE', #761, #910, #210 ) ;
#829 = CARTESIAN_POINT ( 'NONE',  ( 4.099999999999999645, 5.021051876504147385E-16, 33.99999999999998579 ) ) ;
#830 = ORIENTED_EDGE ( 'NONE', *, *, #344, .F. ) ;
#831 =( GEOMETRIC_REPRESENTATION_CONTEXT ( 3 ) GLOBAL_UNCERTAINTY_ASSIGNED_CONTEXT ( ( #1031 ) ) GLOBAL_UNIT_ASSIGNED_CONTEXT ( ( #1592, #443, #730 ) ) REPRESENTATION_CONTEXT ( 'NONE', 'WORKASPACE' ) );
#832 = DIRECTION ( 'NONE',  ( -0.000000000000000000, -0.000000000000000000, -1.000000000000000000 ) ) ;
#833 = FACE_OUTER_BOUND ( 'NONE', #1479, .T. ) ;
#834 = EDGE_CURVE ( 'NONE', #141, #867, #364, .T. ) ;
#835 = CARTESIAN_POINT ( 'NONE',  ( -2.099999999999999645, 0.000000000000000000, 36.00000000000000000 ) ) ;
#836 = EDGE_CURVE ( 'NONE', #1829, #1788, #798, .T. ) ;
#837 = ORIENTED_EDGE ( 'NONE', *, *, #1384, .T. ) ;
#838 = CARTESIAN_POINT ( 'NONE',  ( 8.250000000000000000, -6.437455501464329544, 6.000000000000000000 ) ) ;
#839 = ORIENTED_EDGE ( 'NONE', *, *, #332, .T. ) ;
#840 = CARTESIAN_POINT ( 'NONE',  ( -10.59999999999999609, 6.119912853410035325, 1.500000000000000000 ) ) ;
#841 = ORIENTED_EDGE ( 'NONE', *, *, #530, .T. ) ;
#842 = FILL_AREA_STYLE ('',( #1694 ) ) ;
#843 = CARTESIAN_POINT ( 'NONE',  ( 0.000000000000000000, 0.000000000000000000, 21.74747741945470736 ) ) ;
#844 = CARTESIAN_POINT ( 'NONE',  ( 0.000000000000000000, 0.000000000000000000, 0.000000000000000000 ) ) ;
#845 = DIRECTION ( 'NONE',  ( 0.000000000000000000, 0.000000000000000000, 1.000000000000000000 ) ) ;
#846 = CIRCLE ( 'NONE', #812, 3.199999999999999734 ) ;
#847 = EDGE_CURVE ( 'NONE', #994, #1770, #1663, .T. ) ;
#848 = AXIS2_PLACEMENT_3D ( 'NONE', #791, #73, #1847 ) ;
#849 = ORIENTED_EDGE ( 'NONE', *, *, #418, .F. ) ;
#850 = ORIENTED_EDGE ( 'NONE', *, *, #272, .F. ) ;
#851 = CYLINDRICAL_SURFACE ( 'NONE', #1366, 1.000000000000000888 ) ;
#852 = VECTOR ( 'NONE', #1773, 1000.000000000000227 ) ;
#853 = DIRECTION ( 'NONE',  ( -0.5000000000000005551, 0.8660254037844383745, 0.000000000000000000 ) ) ;
#854 = DIRECTION ( 'NONE',  ( -1.000000000000000000, 0.000000000000000000, 0.000000000000000000 ) ) ;
#855 = CARTESIAN_POINT ( 'NONE',  ( 0.000000000000000000, 0.000000000000000000, 17.03604719043194748 ) ) ;
#856 = EDGE_LOOP ( 'NONE', ( #425, #329, #217, #452 ) ) ;
#857 = EDGE_CURVE ( 'NONE', #1770, #1829, #71, .T. ) ;
#858 = AXIS2_PLACEMENT_3D ( 'NONE', #1129, #785, #1364 ) ;
#859 = AXIS2_PLACEMENT_3D ( 'NONE', #558, #954, #92 ) ;
#860 = ORIENTED_EDGE ( 'NONE', *, *, #193, .F. ) ;
#861 = CARTESIAN_POINT ( 'NONE',  ( 8.239936510889833698E-15, -12.58623586833384600, 1.200000000000005285 ) ) ;
#862 = FACE_BOUND ( 'NONE', #1282, .T. ) ;
#863 = AXIS2_PLACEMENT_3D ( 'NONE', #656, #1233, #1682 ) ;
#864 = CARTESIAN_POINT ( 'NONE',  ( 0.000000000000000000, 0.000000000000000000, 33.99999999999999289 ) ) ;
#865 = EDGE_LOOP ( 'NONE', ( #441, #206, #860, #607 ) ) ;
#866 = DIRECTION ( 'NONE',  ( 0.000000000000000000, 0.000000000000000000, 1.000000000000000000 ) ) ;
#867 = VERTEX_POINT ( 'NONE', #1518 ) ;
#868 = EDGE_CURVE ( 'NONE', #926, #86, #1235, .T. ) ;
#869 = DIRECTION ( 'NONE',  ( 0.000000000000000000, 0.000000000000000000, 1.000000000000000000 ) ) ;
#870 = PLANE ( 'NONE',  #634 ) ;
#871 = CARTESIAN_POINT ( 'NONE',  ( -2.099999999999999645, 0.000000000000000000, 17.70000000000000995 ) ) ;
#872 = DIRECTION ( 'NONE',  ( 0.000000000000000000, 0.000000000000000000, -1.000000000000000000 ) ) ;
#873 = AXIS2_PLACEMENT_3D ( 'NONE', #560, #872, #1413 ) ;
#874 = VERTEX_POINT ( 'NONE', #515 ) ;
#875 = EDGE_LOOP ( 'NONE', ( #643, #1752, #707, #105 ) ) ;
#876 = DIRECTION ( 'NONE',  ( -0.8660254037844382635, -0.5000000000000004441, 0.000000000000000000 ) ) ;
#877 = LINE ( 'NONE', #1458, #330 ) ;
#878 = EDGE_CURVE ( 'NONE', #1134, #1317, #819, .T. ) ;
#879 = DIRECTION ( 'NONE',  ( 0.000000000000000000, 1.000000000000000000, 0.000000000000000000 ) ) ;
#880 = CARTESIAN_POINT ( 'NONE',  ( 0.000000000000000000, 0.000000000000000000, 0.000000000000000000 ) ) ;
#881 = ORIENTED_EDGE ( 'NONE', *, *, #1320, .T. ) ;
#882 = CONICAL_SURFACE ( 'NONE', #945, 3.549999999999997602, 0.7853981633974469467 ) ;
#883 = ORIENTED_EDGE ( 'NONE', *, *, #5, .F. ) ;
#884 = CIRCLE ( 'NONE', #1768, 2.900000000000003464 ) ;
#885 = LINE ( 'NONE', #1148, #59 ) ;
#886 =( BOUNDED_CURVE ( )  B_SPLINE_CURVE ( 3, ( #1448, #689, #1553, #1859 ),
 .UNSPECIFIED., .F., .T. ) 
 B_SPLINE_CURVE_WITH_KNOTS ( ( 4, 4 ),
 ( 5.759586531581287083, 6.283185307179586232 ),
 .UNSPECIFIED. ) 
 CURVE ( )  GEOMETRIC_REPRESENTATION_ITEM ( )  RATIONAL_B_SPLINE_CURVE ( ( 1.000000000000000000, 0.9772838841927120601, 0.9772838841927120601, 1.000000000000000000 ) ) 
 REPRESENTATION_ITEM ( '' )  );
#887 = DIRECTION ( 'NONE',  ( 0.000000000000000000, 0.000000000000000000, -1.000000000000000000 ) ) ;
#888 = DIRECTION ( 'NONE',  ( -0.7071067811865435759, 0.000000000000000000, 0.7071067811865515695 ) ) ;
#889 = EDGE_CURVE ( 'NONE', #914, #467, #400, .T. ) ;
#890 = FACE_OUTER_BOUND ( 'NONE', #449, .T. ) ;
#891 = EDGE_CURVE ( 'NONE', #1548, #26, #385, .T. ) ;
#892 = VERTEX_POINT ( 'NONE', #1409 ) ;
#893 = EDGE_LOOP ( 'NONE', ( #1391, #1394, #633, #241 ) ) ;
#894 = CARTESIAN_POINT ( 'NONE',  ( -10.89999999999999680, -5.892324377780230549, 1.200000000000004396 ) ) ;
#895 = CARTESIAN_POINT ( 'NONE',  ( -4.831406778390651906E-15, 12.58623586833384245, 1.200000000000005507 ) ) ;
#896 = CARTESIAN_POINT ( 'NONE',  ( 0.000000000000000000, 0.000000000000000000, 19.00000000000000000 ) ) ;
#897 = CYLINDRICAL_SURFACE ( 'NONE', #1693, 3.199999999999999734 ) ;
#898 = ORIENTED_EDGE ( 'NONE', *, *, #1884, .F. ) ;
#899 = ADVANCED_FACE ( 'NONE', ( #1720 ), #1845, .T. ) ;
#900 = ORIENTED_EDGE ( 'NONE', *, *, #1761, .F. ) ;
#901 = CARTESIAN_POINT ( 'NONE',  ( -10.76602540378443429, 6.215767664977295048, 1.333974596215564024 ) ) ;
#902 = DIRECTION ( 'NONE',  ( 0.000000000000000000, 0.000000000000000000, -1.000000000000000000 ) ) ;
#903 = FACE_OUTER_BOUND ( 'NONE', #1325, .T. ) ;
#904 = ORIENTED_EDGE ( 'NONE', *, *, #1352, .T. ) ;
#905 = DIRECTION ( 'NONE',  ( -1.000000000000000000, 0.000000000000000000, 0.000000000000000000 ) ) ;
#906 = AXIS2_PLACEMENT_3D ( 'NONE', #658, #1089, #346 ) ;
#907 = ORIENTED_EDGE ( 'NONE', *, *, #393, .T. ) ;
#908 = EDGE_CURVE ( 'NONE', #119, #314, #1713, .T. ) ;
#909 = EDGE_LOOP ( 'NONE', ( #1577, #956, #601, #1799, #703, #331, #1380, #654, #22, #1591, #1180, #246 ) ) ;
#910 = DIRECTION ( 'NONE',  ( 0.000000000000000000, 0.000000000000000000, -1.000000000000000000 ) ) ;
#911 = LINE ( 'NONE', #44, #25 ) ;
#912 = AXIS2_PLACEMENT_3D ( 'NONE', #555, #426, #996 ) ;
#913 = CARTESIAN_POINT ( 'NONE',  ( 10.76602540378443074, 6.215767664977295048, 1.333974596215564690 ) ) ;
#914 = VERTEX_POINT ( 'NONE', #536 ) ;
#915 = CARTESIAN_POINT ( 'NONE',  ( -8.400000000000000355, 6.697263122599654395, 1.500000000000000000 ) ) ;
#916 = CONICAL_SURFACE ( 'NONE', #556, 2.900000000000003464, 0.7853981633974388421 ) ;
#917 = AXIS2_PLACEMENT_3D ( 'NONE', #696, #256, #1818 ) ;
#918 = ORIENTED_EDGE ( 'NONE', *, *, #506, .T. ) ;
#919 = ORIENTED_EDGE ( 'NONE', *, *, #1093, .T. ) ;
#920 = CARTESIAN_POINT ( 'NONE',  ( 8.695670052072391579E-15, -12.23982570682007065, 1.500000000000000000 ) ) ;
#921 = FACE_OUTER_BOUND ( 'NONE', #758, .T. ) ;
#922 = ADVANCED_FACE ( 'NONE', ( #247 ), #564, .F. ) ;
#923 = EDGE_CURVE ( 'NONE', #1231, #167, #186, .T. ) ;
#924 = CARTESIAN_POINT ( 'NONE',  ( 9.699999999999999289, 3.925981830489456925, 6.000000000000000000 ) ) ;
#925 = CARTESIAN_POINT ( 'NONE',  ( 5.000000000000007994, -8.660254037844385522, 1.500000000000000000 ) ) ;
#926 = VERTEX_POINT ( 'NONE', #1111 ) ;
#927 = CARTESIAN_POINT ( 'NONE',  ( -10.89999999999999503, 6.293117934166919447, 1.200000000000005285 ) ) ;
#928 = ORIENTED_EDGE ( 'NONE', *, *, #506, .F. ) ;
#929 = DIRECTION ( 'NONE',  ( 1.000000000000000000, 0.000000000000000000, 0.000000000000000000 ) ) ;
#930 = CARTESIAN_POINT ( 'NONE',  ( 0.000000000000000000, 0.000000000000000000, 0.2999999999999981570 ) ) ;
#931 = AXIS2_PLACEMENT_3D ( 'NONE', #14, #1628, #905 ) ;
#932 = DIRECTION ( 'NONE',  ( -0.8660254037844385966, 0.5000000000000002220, 0.000000000000000000 ) ) ;
#933 = ADVANCED_FACE ( 'NONE', ( #1122 ), #851, .T. ) ;
#934 = CARTESIAN_POINT ( 'NONE',  ( 9.999999999999998224, -3.925981830489453372, 5.699999999999997513 ) ) ;
#935 =( BOUNDED_CURVE ( )  B_SPLINE_CURVE ( 3, ( #524, #77, #968, #1273 ),
 .UNSPECIFIED., .F., .T. ) 
 B_SPLINE_CURVE_WITH_KNOTS ( ( 4, 4 ),
 ( 4.391018798566303213E-15, 0.5235987755983002589 ),
 .UNSPECIFIED. ) 
 CURVE ( )  GEOMETRIC_REPRESENTATION_ITEM ( )  RATIONAL_B_SPLINE_CURVE ( ( 1.000000000000000000, 0.9772838841927123932, 0.9772838841927123932, 1.000000000000000000 ) ) 
 REPRESENTATION_ITEM ( '' )  );
#936 = ORIENTED_EDGE ( 'NONE', *, *, #1446, .F. ) ;
#937 = AXIS2_PLACEMENT_3D ( 'NONE', #260, #1572, #124 ) ;
#938 = DIRECTION ( 'NONE',  ( 0.6546536707079817496, -0.3779644730092240890, 0.6546536707079743111 ) ) ;
#939 = AXIS2_PLACEMENT_3D ( 'NONE', #930, #1804, #638 ) ;
#940 = ORIENTED_EDGE ( 'NONE', *, *, #1259, .T. ) ;
#941 = DIRECTION ( 'NONE',  ( -0.000000000000000000, -0.000000000000000000, 1.000000000000000000 ) ) ;
#942 = DIRECTION ( 'NONE',  ( 0.000000000000000000, -1.000000000000000000, 0.000000000000000000 ) ) ;
#943 = CARTESIAN_POINT ( 'NONE',  ( 0.4999999999999917843, 12.29756073373903114, 1.200000000000006173 ) ) ;
#944 = LINE ( 'NONE', #65, #113 ) ;
#945 = AXIS2_PLACEMENT_3D ( 'NONE', #1304, #1751, #1451 ) ;
#946 = EDGE_LOOP ( 'NONE', ( #900, #987, #1115, #13 ) ) ;
#947 = VECTOR ( 'NONE', #1164, 1000.000000000000227 ) ;
#948 = ADVANCED_FACE ( 'NONE', ( #1136 ), #1431, .T. ) ;
#949 = CIRCLE ( 'NONE', #95, 5.049999999999999822 ) ;
#950 = ORIENTED_EDGE ( 'NONE', *, *, #344, .T. ) ;
#951 = CARTESIAN_POINT ( 'NONE',  ( -9.700000000000002842, 3.925981830489449820, 6.000000000000000000 ) ) ;
#952 = VERTEX_POINT ( 'NONE', #101 ) ;
#953 = DIRECTION ( 'NONE',  ( 0.000000000000000000, 0.000000000000000000, -1.000000000000000000 ) ) ;
#954 = DIRECTION ( 'NONE',  ( 0.000000000000000000, 0.000000000000000000, -1.000000000000000000 ) ) ;
#955 = DIRECTION ( 'NONE',  ( -1.000000000000000000, 0.000000000000000000, 0.000000000000000000 ) ) ;
#956 = ORIENTED_EDGE ( 'NONE', *, *, #1884, .T. ) ;
#957 = FACE_OUTER_BOUND ( 'NONE', #721, .T. ) ;
#958 = ORIENTED_EDGE ( 'NONE', *, *, #1523, .F. ) ;
#959 = EDGE_CURVE ( 'NONE', #222, #682, #1578, .T. ) ;
#960 = CARTESIAN_POINT ( 'NONE',  ( 6.799999999999993605, 3.925981830489455149, 6.000000000000000000 ) ) ;
#961 = ORIENTED_EDGE ( 'NONE', *, *, #93, .F. ) ;
#962 = FACE_OUTER_BOUND ( 'NONE', #865, .T. ) ;
#963 = CARTESIAN_POINT ( 'NONE',  ( 10.89999999999999325, -6.293117934166923888, 1.200000000000005285 ) ) ;
#964 = LINE ( 'NONE', #925, #358 ) ;
#965 = ORIENTED_EDGE ( 'NONE', *, *, #1480, .T. ) ;
#966 = ORIENTED_EDGE ( 'NONE', *, *, #1283, .F. ) ;
#967 = ADVANCED_FACE ( 'NONE', ( #275 ), #970, .T. ) ;
#968 = CARTESIAN_POINT ( 'NONE',  ( -0.1765567128029230659, -12.43153532995459365, 1.245696239814098938 ) ) ;
#969 = EDGE_LOOP ( 'NONE', ( #265, #263 ) ) ;
#970 = PLANE ( 'NONE',  #1581 ) ;
#971 = EDGE_CURVE ( 'NONE', #167, #1548, #1856, .T. ) ;
#972 = LINE ( 'NONE', #82, #1707 ) ;
#973 = CARTESIAN_POINT ( 'NONE',  ( -10.76602540378443429, 6.215767664977295048, 1.333974596215564024 ) ) ;
#974 = AXIS2_PLACEMENT_3D ( 'NONE', #120, #1703, #708 ) ;
#975 = LINE ( 'NONE', #1815, #1113 ) ;
#976 = CIRCLE ( 'NONE', #370, 5.049999999999999822 ) ;
#977 = CARTESIAN_POINT ( 'NONE',  ( 2.099999999999999645, 2.571758278209440971E-16, 36.00000000000000000 ) ) ;
#978 = VERTEX_POINT ( 'NONE', #687 ) ;
#979 = CIRCLE ( 'NONE', #161, 2.099999999999999645 ) ;
#980 = CARTESIAN_POINT ( 'NONE',  ( 4.099999999999999645, 5.021051876504147385E-16, 21.74747741945470736 ) ) ;
#981 = VERTEX_POINT ( 'NONE', #545 ) ;
#982 = CARTESIAN_POINT ( 'NONE',  ( -9.899999999999995026, 5.715767664977295048, 1.500000000000000000 ) ) ;
#983 = FACE_BOUND ( 'NONE', #969, .T. ) ;
#984 = EDGE_CURVE ( 'NONE', #1075, #646, #258, .T. ) ;
#985 = CYLINDRICAL_SURFACE ( 'NONE', #1048, 3.200000000000000178 ) ;
#986 = EDGE_LOOP ( 'NONE', ( #1840, #1354, #305, #1424 ) ) ;
#987 = ORIENTED_EDGE ( 'NONE', *, *, #1352, .F. ) ;
#988 = PRESENTATION_STYLE_ASSIGNMENT (( #698 ) ) ;
#989 = MANIFOLD_SOLID_BREP ( 'Fillet3', #1534 ) ;
#990 = CARTESIAN_POINT ( 'NONE',  ( 10.89999999999999325, 5.715767664977296825, 1.500000000000000000 ) ) ;
#991 = DIRECTION ( 'NONE',  ( 0.000000000000000000, 0.000000000000000000, -1.000000000000000000 ) ) ;
#992 = ADVANCED_FACE ( 'NONE', ( #502 ), #154, .T. ) ;
#993 = DIRECTION ( 'NONE',  ( -0.8660254037844383745, -0.5000000000000006661, 0.000000000000000000 ) ) ;
#994 = VERTEX_POINT ( 'NONE', #389 ) ;
#995 = ORIENTED_EDGE ( 'NONE', *, *, #1595, .F. ) ;
#996 = DIRECTION ( 'NONE',  ( -1.000000000000000000, 0.000000000000000000, 0.000000000000000000 ) ) ;
#997 = LINE ( 'NONE', #164, #1867 ) ;
#998 = FACE_OUTER_BOUND ( 'NONE', #533, .T. ) ;
#999 = CARTESIAN_POINT ( 'NONE',  ( 2.099999999999999645, 2.571758278209440971E-16, 17.70000000000000995 ) ) ;
#1000 = EDGE_LOOP ( 'NONE', ( #958, #485, #1527, #1516 ) ) ;
#1001 = ADVANCED_FACE ( 'NONE', ( #1106 ), #1382, .T. ) ;
#1002 = ADVANCED_FACE ( 'NONE', ( #957 ), #339, .F. ) ;
#1003 = VECTOR ( 'NONE', #464, 1000.000000000000114 ) ;
#1004 = ORIENTED_EDGE ( 'NONE', *, *, #1423, .F. ) ;
#1005 = AXIS2_PLACEMENT_3D ( 'NONE', #1224, #1339, #1330 ) ;
#1006 = DIRECTION ( 'NONE',  ( 0.3535533905932765064, 0.6123724356957989112, 0.7071067811865423547 ) ) ;
#1007 = FACE_OUTER_BOUND ( 'NONE', #986, .T. ) ;
#1008 = PLANE ( 'NONE',  #1830 ) ;
#1009 = CARTESIAN_POINT ( 'NONE',  ( -10.67774704738296876, -6.368670263473311444, 1.245696239814099604 ) ) ;
#1010 = ORIENTED_EDGE ( 'NONE', *, *, #1163, .T. ) ;
#1011 = ADVANCED_FACE ( 'NONE', ( #1515 ), #532, .T. ) ;
#1012 = ORIENTED_EDGE ( 'NONE', *, *, #1762, .T. ) ;
#1013 = DIRECTION ( 'NONE',  ( -1.000000000000000000, 0.000000000000000000, 0.000000000000000000 ) ) ;
#1014 = DIRECTION ( 'NONE',  ( 0.5000000000000006661, -0.8660254037844382635, 0.000000000000000000 ) ) ;
#1015 = DIRECTION ( 'NONE',  ( 0.7071067811865435759, -0.000000000000000000, 0.7071067811865515695 ) ) ;
#1016 = DIRECTION ( 'NONE',  ( 0.000000000000000000, 0.000000000000000000, -1.000000000000000000 ) ) ;
#1017 = VECTOR ( 'NONE', #1599, 1000.000000000000000 ) ;
#1018 = ORIENTED_EDGE ( 'NONE', *, *, #38, .F. ) ;
#1019 = AXIS2_PLACEMENT_3D ( 'NONE', #387, #1521, #1389 ) ;
#1020 = VERTEX_POINT ( 'NONE', #1251 ) ;
#1021 = EDGE_CURVE ( 'NONE', #1767, #1744, #795, .T. ) ;
#1022 = DIRECTION ( 'NONE',  ( 0.000000000000000000, 0.000000000000000000, -1.000000000000000000 ) ) ;
#1023 = PLANE ( 'NONE',  #757 ) ;
#1024 = CONICAL_SURFACE ( 'NONE', #663, 3.312435565298239570, 1.047197551196600962 ) ;
#1025 = ADVANCED_FACE ( 'NONE', ( #661 ), #1680, .T. ) ;
#1026 = EDGE_CURVE ( 'NONE', #1162, #1780, #492, .T. ) ;
#1027 = CARTESIAN_POINT ( 'NONE',  ( 8.239936510889833698E-15, -12.58623586833384600, 1.500000000000000000 ) ) ;
#1028 = EDGE_LOOP ( 'NONE', ( #1299, #535 ) ) ;
#1029 = CARTESIAN_POINT ( 'NONE',  ( 10.39999999999999325, 6.581793068761735199, 0.000000000000000000 ) ) ;
#1030 = ORIENTED_EDGE ( 'NONE', *, *, #431, .F. ) ;
#1031 = UNCERTAINTY_MEASURE_WITH_UNIT (LENGTH_MEASURE( 1.000000000000000082E-05 ), #1592, 'distance_accuracy_value', 'NONE');
#1032 = ORIENTED_EDGE ( 'NONE', *, *, #1295, .F. ) ;
#1033 = VECTOR ( 'NONE', #1062, 999.9999999999998863 ) ;
#1034 = LINE ( 'NONE', #1214, #1185 ) ;
#1035 = CARTESIAN_POINT ( 'NONE',  ( -9.999999999999998224, 5.773502691896253758, 5.699999999999997513 ) ) ;
#1036 = CARTESIAN_POINT ( 'NONE',  ( 0.5000000000000078826, -12.29756073373903291, 1.200000000000005063 ) ) ;
#1037 = ORIENTED_EDGE ( 'NONE', *, *, #1221, .T. ) ;
#1038 = EDGE_CURVE ( 'NONE', #1127, #391, #1067, .T. ) ;
#1039 = LINE ( 'NONE', #1609, #75 ) ;
#1040 = EDGE_LOOP ( 'NONE', ( #1887, #1117, #237, #1052 ) ) ;
#1041 = ORIENTED_EDGE ( 'NONE', *, *, #18, .F. ) ;
#1042 = LINE ( 'NONE', #352, #280 ) ;
#1043 = LINE ( 'NONE', #1466, #1633 ) ;
#1044 = DIRECTION ( 'NONE',  ( -0.000000000000000000, -0.000000000000000000, 1.000000000000000000 ) ) ;
#1045 = EDGE_CURVE ( 'NONE', #494, #1308, #32, .T. ) ;
#1046 = VERTEX_POINT ( 'NONE', #813 ) ;
#1047 = ORIENTED_EDGE ( 'NONE', *, *, #1247, .T. ) ;
#1048 = AXIS2_PLACEMENT_3D ( 'NONE', #719, #1442, #262 ) ;
#1049 = CARTESIAN_POINT ( 'NONE',  ( 7.480994990149980595E-15, -11.54700538379251995, 6.000000000000000000 ) ) ;
#1050 = DIRECTION ( 'NONE',  ( -0.000000000000000000, -0.000000000000000000, -1.000000000000000000 ) ) ;
#1051 = LINE ( 'NONE', #764, #642 ) ;
#1052 = ORIENTED_EDGE ( 'NONE', *, *, #1283, .T. ) ;
#1053 = CONICAL_SURFACE ( 'NONE', #1484, 2.900000000000004352, 0.7853981633974375098 ) ;
#1054 = CARTESIAN_POINT ( 'NONE',  ( -0.5000000000000056621, 12.29756073373902758, 0.000000000000000000 ) ) ;
#1055 = ORIENTED_EDGE ( 'NONE', *, *, #431, .T. ) ;
#1056 = ORIENTED_EDGE ( 'NONE', *, *, #1827, .T. ) ;
#1057 = EDGE_CURVE ( 'NONE', #1242, #1100, #2, .T. ) ;
#1058 = EDGE_CURVE ( 'NONE', #1274, #1020, #810, .T. ) ;
#1059 = CARTESIAN_POINT ( 'NONE',  ( -10.85430376018589982, -6.062865066481284870, 1.245696239814099160 ) ) ;
#1060 = CYLINDRICAL_SURFACE ( 'NONE', #1334, 3.250000000000000444 ) ;
#1061 = VECTOR ( 'NONE', #1688, 1000.000000000000000 ) ;
#1062 = DIRECTION ( 'NONE',  ( -0.8660254037844387076, 0.5000000000000001110, 0.000000000000000000 ) ) ;
#1063 = VECTOR ( 'NONE', #1112, 1000.000000000000000 ) ;
#1064 = CARTESIAN_POINT ( 'NONE',  ( -9.999999999999998224, 3.925981830489449820, 6.000000000000000000 ) ) ;
#1065 = CIRCLE ( 'NONE', #917, 2.900000000000004352 ) ;
#1066 = EDGE_LOOP ( 'NONE', ( #770, #9, #729, #46 ) ) ;
#1067 = LINE ( 'NONE', #98, #1213 ) ;
#1068 = ORIENTED_EDGE ( 'NONE', *, *, #1425, .F. ) ;
#1069 = EDGE_CURVE ( 'NONE', #1889, #1222, #1841, .T. ) ;
#1070 = DIRECTION ( 'NONE',  ( 0.3535533905932702337, 0.6123724356957883641, 0.7071067811865546782 ) ) ;
#1071 = CARTESIAN_POINT ( 'NONE',  ( 3.549999999999997602, 4.347496136973100915E-16, 0.000000000000000000 ) ) ;
#1072 = DIRECTION ( 'NONE',  ( 0.000000000000000000, 0.000000000000000000, -1.000000000000000000 ) ) ;
#1073 = DIRECTION ( 'NONE',  ( -1.000000000000000000, 0.000000000000000000, 0.000000000000000000 ) ) ;
#1074 =( BOUNDED_CURVE ( )  B_SPLINE_CURVE ( 3, ( #1500, #1833, #498, #1368 ),
 .UNSPECIFIED., .F., .F. ) 
 B_SPLINE_CURVE_WITH_KNOTS ( ( 4, 4 ),
 ( 8.673617379884029556E-16, 0.5235987755982973724 ),
 .UNSPECIFIED. ) 
 CURVE ( )  GEOMETRIC_REPRESENTATION_ITEM ( )  RATIONAL_B_SPLINE_CURVE ( ( 1.000000000000000000, 0.9772838841927123932, 0.9772838841927123932, 1.000000000000000000 ) ) 
 REPRESENTATION_ITEM ( '' )  );
#1075 = VERTEX_POINT ( 'NONE', #242 ) ;
#1076 = CARTESIAN_POINT ( 'NONE',  ( 3.469446951953614189E-15, -7.851963660978913850, 5.699999999999997513 ) ) ;
#1077 = ORIENTED_EDGE ( 'NONE', *, *, #333, .T. ) ;
#1078 = DIRECTION ( 'NONE',  ( -1.000000000000000000, 0.000000000000000000, 0.000000000000000000 ) ) ;
#1079 = FACE_OUTER_BOUND ( 'NONE', #694, .T. ) ;
#1080 = DIRECTION ( 'NONE',  ( -1.000000000000000000, 0.000000000000000000, 0.000000000000000000 ) ) ;
#1081 = FACE_OUTER_BOUND ( 'NONE', #875, .T. ) ;
#1082 = EDGE_CURVE ( 'NONE', #490, #1770, #683, .T. ) ;
#1083 = CARTESIAN_POINT ( 'NONE',  ( 9.999999999999992895, 3.925981830489456925, 5.699999999999997513 ) ) ;
#1084 = AXIS2_PLACEMENT_3D ( 'NONE', #1782, #191, #1341 ) ;
#1085 = DIRECTION ( 'NONE',  ( 0.000000000000000000, 0.000000000000000000, -1.000000000000000000 ) ) ;
#1086 = ORIENTED_EDGE ( 'NONE', *, *, #857, .T. ) ;
#1087 = CARTESIAN_POINT ( 'NONE',  ( 3.250000000000000444, 3.980102097228898231E-16, 17.03604719043194748 ) ) ;
#1088 = VERTEX_POINT ( 'NONE', #1598 ) ;
#1089 = DIRECTION ( 'NONE',  ( 0.000000000000000000, 0.000000000000000000, 1.000000000000000000 ) ) ;
#1090 = DIRECTION ( 'NONE',  ( -0.000000000000000000, -0.000000000000000000, 1.000000000000000000 ) ) ;
#1091 = AXIS2_PLACEMENT_3D ( 'NONE', #1545, #85, #825 ) ;
#1092 = DIRECTION ( 'NONE',  ( 0.000000000000000000, 0.000000000000000000, -1.000000000000000000 ) ) ;
#1093 = EDGE_CURVE ( 'NONE', #1135, #1546, #672, .T. ) ;
#1094 = ORIENTED_EDGE ( 'NONE', *, *, #1045, .F. ) ;
#1095 = VECTOR ( 'NONE', #477, 1000.000000000000000 ) ;
#1096 = CIRCLE ( 'NONE', #1647, 3.200000000000000178 ) ;
#1097 = CARTESIAN_POINT ( 'NONE',  ( 10.89999999999999325, 6.293117934166921223, 1.500000000000000000 ) ) ;
#1098 = ORIENTED_EDGE ( 'NONE', *, *, #624, .F. ) ;
#1099 = DIRECTION ( 'NONE',  ( -1.000000000000000000, 0.000000000000000000, 0.000000000000000000 ) ) ;
#1100 = VERTEX_POINT ( 'NONE', #605 ) ;
#1101 = LINE ( 'NONE', #649, #1544 ) ;
#1102 = CARTESIAN_POINT ( 'NONE',  ( 0.000000000000000000, 0.000000000000000000, 36.00000000000000000 ) ) ;
#1103 = DIRECTION ( 'NONE',  ( -1.000000000000000000, 0.000000000000000000, 0.000000000000000000 ) ) ;
#1104 = ORIENTED_EDGE ( 'NONE', *, *, #145, .T. ) ;
#1105 = ADVANCED_FACE ( 'NONE', ( #1261 ), #539, .T. ) ;
#1106 = FACE_OUTER_BOUND ( 'NONE', #1478, .T. ) ;
#1107 = ORIENTED_EDGE ( 'NONE', *, *, #27, .T. ) ;
#1108 = ADVANCED_FACE ( 'NONE', ( #1850 ), #1008, .T. ) ;
#1109 = CARTESIAN_POINT ( 'NONE',  ( -8.400000000000000355, 6.697263122599655283, 6.000000000000000000 ) ) ;
#1110 = EDGE_LOOP ( 'NONE', ( #1652, #1167, #1718, #468, #1182, #1543 ) ) ;
#1111 = CARTESIAN_POINT ( 'NONE',  ( -8.249999999999994671, -6.437455501464333985, 6.000000000000000000 ) ) ;
#1112 = DIRECTION ( 'NONE',  ( 0.000000000000000000, 1.000000000000000000, 0.000000000000000000 ) ) ;
#1113 = VECTOR ( 'NONE', #253, 1000.000000000000000 ) ;
#1114 = CARTESIAN_POINT ( 'NONE',  ( 10.39999999999999680, -6.581793068761736087, 1.200000000000005063 ) ) ;
#1115 = ORIENTED_EDGE ( 'NONE', *, *, #1470, .T. ) ;
#1116 = CARTESIAN_POINT ( 'NONE',  ( -9.999999999999994671, -5.773502691896260863, 6.000000000000000000 ) ) ;
#1117 = ORIENTED_EDGE ( 'NONE', *, *, #1874, .T. ) ;
#1118 = CONICAL_SURFACE ( 'NONE', #512, 3.372059531467595850, 0.3490658503988640637 ) ;
#1119 = LINE ( 'NONE', #245, #1314 ) ;
#1120 = EDGE_CURVE ( 'NONE', #208, #292, #640, .T. ) ;
#1121 = ORIENTED_EDGE ( 'NONE', *, *, #923, .F. ) ;
#1122 = FACE_OUTER_BOUND ( 'NONE', #593, .T. ) ;
#1123 = DIRECTION ( 'NONE',  ( 0.8660254037844385966, -0.4999999999999999445, 0.000000000000000000 ) ) ;
#1124 = CARTESIAN_POINT ( 'NONE',  ( -3.250000000000000444, 0.000000000000000000, 17.00000000000000000 ) ) ;
#1125 = DIRECTION ( 'NONE',  ( -1.000000000000000000, 0.000000000000000000, 0.000000000000000000 ) ) ;
#1126 = VECTOR ( 'NONE', #1823, 1000.000000000000000 ) ;
#1127 = VERTEX_POINT ( 'NONE', #1324 ) ;
#1128 = ORIENTED_EDGE ( 'NONE', *, *, #836, .F. ) ;
#1129 = CARTESIAN_POINT ( 'NONE',  ( 0.000000000000000000, 0.000000000000000000, 21.74747741945470736 ) ) ;
#1130 = ADVANCED_FACE ( 'NONE', ( #1467 ), #882, .F. ) ;
#1131 = DIRECTION ( 'NONE',  ( -0.000000000000000000, -0.000000000000000000, 1.000000000000000000 ) ) ;
#1132 = CARTESIAN_POINT ( 'NONE',  ( 8.399999999999995026, 6.697263122599657947, 5.699999999999998401 ) ) ;
#1133 = DIRECTION ( 'NONE',  ( -0.8660254037844382635, -0.5000000000000005551, 0.000000000000000000 ) ) ;
#1134 = VERTEX_POINT ( 'NONE', #871 ) ;
#1135 = VERTEX_POINT ( 'NONE', #738 ) ;
#1136 = FACE_OUTER_BOUND ( 'NONE', #1854, .T. ) ;
#1137 = CARTESIAN_POINT ( 'NONE',  ( -10.89999999999999503, 6.293117934166919447, 0.000000000000000000 ) ) ;
#1138 = PRODUCT_RELATED_PRODUCT_CATEGORY ( 'part', '', ( #1619 ) ) ;
#1139 = DIRECTION ( 'NONE',  ( -0.3535533905932733978, 0.6123724356957930270, 0.7071067811865491270 ) ) ;
#1140 = ADVANCED_FACE ( 'NONE', ( #1616 ), #308, .T. ) ;
#1141 = CARTESIAN_POINT ( 'NONE',  ( -1.600000000000002531, 10.62324495308911487, 6.000000000000000000 ) ) ;
#1142 = VECTOR ( 'NONE', #1649, 1000.000000000000000 ) ;
#1143 = EDGE_LOOP ( 'NONE', ( #476, #965, #1192, #1121 ) ) ;
#1144 = APPLICATION_PROTOCOL_DEFINITION ( 'draft international standard', 'automotive_design', 1998, #130 ) ;
#1145 = CIRCLE ( 'NONE', #1603, 3.200000000000000622 ) ;
#1146 = VERTEX_POINT ( 'NONE', #137 ) ;
#1147 = AXIS2_PLACEMENT_3D ( 'NONE', #211, #1672, #79 ) ;
#1148 = CARTESIAN_POINT ( 'NONE',  ( 8.399999999999996803, 6.697263122599657059, 5.699999999999998401 ) ) ;
#1149 = DIRECTION ( 'NONE',  ( 1.000000000000000000, 4.506943796211478080E-16, -0.000000000000000000 ) ) ;
#1150 = CARTESIAN_POINT ( 'NONE',  ( -6.799999999999995381, -3.925981830489458702, 5.699999999999997513 ) ) ;
#1151 = EDGE_CURVE ( 'NONE', #1744, #682, #1554, .T. ) ;
#1152 = ORIENTED_EDGE ( 'NONE', *, *, #251, .T. ) ;
#1153 = AXIS2_PLACEMENT_3D ( 'NONE', #1097, #223, #350 ) ;
#1154 = ORIENTED_EDGE ( 'NONE', *, *, #357, .T. ) ;
#1155 = DIRECTION ( 'NONE',  ( 0.000000000000000000, 0.000000000000000000, -1.000000000000000000 ) ) ;
#1156 = DIRECTION ( 'NONE',  ( -1.000000000000000000, 0.000000000000000000, 0.000000000000000000 ) ) ;
#1157 = FACE_OUTER_BOUND ( 'NONE', #580, .T. ) ;
#1158 = CARTESIAN_POINT ( 'NONE',  ( -10.89999999999999503, 5.715767664977295048, 0.000000000000000000 ) ) ;
#1159 = APPLICATION_CONTEXT ( 'automotive_design' ) ;
#1160 = ORIENTED_EDGE ( 'NONE', *, *, #1151, .F. ) ;
#1161 = ADVANCED_FACE ( 'NONE', ( #1157 ), #1698, .T. ) ;
#1162 = VERTEX_POINT ( 'NONE', #1036 ) ;
#1163 = EDGE_CURVE ( 'NONE', #149, #1134, #188, .T. ) ;
#1164 = DIRECTION ( 'NONE',  ( 0.8660254037844385966, -0.5000000000000000000, 0.000000000000000000 ) ) ;
#1165 = DIRECTION ( 'NONE',  ( -0.6546536707079787520, -0.3779644730092346916, 0.6546536707079712025 ) ) ;
#1166 = LINE ( 'NONE', #838, #1003 ) ;
#1167 = ORIENTED_EDGE ( 'NONE', *, *, #591, .T. ) ;
#1168 = CARTESIAN_POINT ( 'NONE',  ( -1.449999999999996403, -10.36343733195378469, 6.000000000000000000 ) ) ;
#1169 = ORIENTED_EDGE ( 'NONE', *, *, #1787, .F. ) ;
#1170 = AXIS2_PLACEMENT_3D ( 'NONE', #1530, #659, #1257 ) ;
#1171 = ORIENTED_EDGE ( 'NONE', *, *, #1307, .F. ) ;
#1172 = ADVANCED_FACE ( 'NONE', ( #1763 ), #254, .T. ) ;
#1173 = FACE_OUTER_BOUND ( 'NONE', #1740, .T. ) ;
#1174 = FACE_OUTER_BOUND ( 'NONE', #1878, .T. ) ;
#1175 = CIRCLE ( 'NONE', #52, 1.000000000000000000 ) ;
#1176 = DIRECTION ( 'NONE',  ( -0.000000000000000000, -0.000000000000000000, 1.000000000000000000 ) ) ;
#1177 = VECTOR ( 'NONE', #942, 1000.000000000000000 ) ;
#1178 = ORIENTED_EDGE ( 'NONE', *, *, #1295, .T. ) ;
#1179 = DIRECTION ( 'NONE',  ( 0.8660254037844382635, 0.5000000000000006661, 0.000000000000000000 ) ) ;
#1180 = ORIENTED_EDGE ( 'NONE', *, *, #1537, .T. ) ;
#1181 = VECTOR ( 'NONE', #1085, 1000.000000000000000 ) ;
#1182 = ORIENTED_EDGE ( 'NONE', *, *, #1082, .T. ) ;
#1183 = VECTOR ( 'NONE', #1459, 1000.000000000000000 ) ;
#1184 = CARTESIAN_POINT ( 'NONE',  ( -10.76602540378443251, -6.215767664977297713, 1.333974596215565578 ) ) ;
#1185 = VECTOR ( 'NONE', #1772, 1000.000000000000000 ) ;
#1186 = DIRECTION ( 'NONE',  ( -0.000000000000000000, -0.000000000000000000, -1.000000000000000000 ) ) ;
#1187 = EDGE_CURVE ( 'NONE', #1244, #149, #403, .T. ) ;
#1188 = VECTOR ( 'NONE', #664, 1000.000000000000114 ) ;
#1189 = DIRECTION ( 'NONE',  ( -0.000000000000000000, -0.000000000000000000, -1.000000000000000000 ) ) ;
#1190 = ORIENTED_EDGE ( 'NONE', *, *, #333, .F. ) ;
#1191 = CARTESIAN_POINT ( 'NONE',  ( 0.000000000000000000, 0.000000000000000000, 6.000000000000000000 ) ) ;
#1192 = ORIENTED_EDGE ( 'NONE', *, *, #971, .F. ) ;
#1193 = ORIENTED_EDGE ( 'NONE', *, *, #591, .F. ) ;
#1194 = FACE_OUTER_BOUND ( 'NONE', #1406, .T. ) ;
#1195 = CARTESIAN_POINT ( 'NONE',  ( -4.099999999999999645, 0.000000000000000000, 21.74747741945470736 ) ) ;
#1196 = CARTESIAN_POINT ( 'NONE',  ( 9.999999999999998224, -3.925981830489453372, 5.699999999999997513 ) ) ;
#1197 = ORIENTED_EDGE ( 'NONE', *, *, #393, .F. ) ;
#1198 = DIRECTION ( 'NONE',  ( 0.000000000000000000, 0.000000000000000000, -1.000000000000000000 ) ) ;
#1199 =( BOUNDED_CURVE ( )  B_SPLINE_CURVE ( 3, ( #1614, #315, #1634, #901 ),
 .UNSPECIFIED., .F., .F. ) 
 B_SPLINE_CURVE_WITH_KNOTS ( ( 4, 4 ),
 ( 3.171941875823598083E-15, 0.5235987755982983716 ),
 .UNSPECIFIED. ) 
 CURVE ( )  GEOMETRIC_REPRESENTATION_ITEM ( )  RATIONAL_B_SPLINE_CURVE ( ( 1.000000000000000000, 0.9772838841927123932, 0.9772838841927123932, 1.000000000000000000 ) ) 
 REPRESENTATION_ITEM ( '' )  );
#1200 = EDGE_CURVE ( 'NONE', #26, #646, #884, .T. ) ;
#1201 = EDGE_CURVE ( 'NONE', #1586, #314, #1166, .T. ) ;
#1202 = ORIENTED_EDGE ( 'NONE', *, *, #380, .F. ) ;
#1203 = ORIENTED_EDGE ( 'NONE', *, *, #1286, .F. ) ;
#1204 = CIRCLE ( 'NONE', #233, 3.250000000000000444 ) ;
#1205 = CARTESIAN_POINT ( 'NONE',  ( -4.607859233063393845E-15, 12.58623586833384245, 1.200000000000005285 ) ) ;
#1206 = DIRECTION ( 'NONE',  ( 0.000000000000000000, 0.000000000000000000, -1.000000000000000000 ) ) ;
#1207 = DIRECTION ( 'NONE',  ( -1.000000000000000000, 0.000000000000000000, 0.000000000000000000 ) ) ;
#1208 = VECTOR ( 'NONE', #1494, 1000.000000000000114 ) ;
#1209 = LINE ( 'NONE', #606, #1855 ) ;
#1210 = ORIENTED_EDGE ( 'NONE', *, *, #1826, .T. ) ;
#1211 = ADVANCED_FACE ( 'NONE', ( #1414 ), #317, .T. ) ;
#1212 = ORIENTED_EDGE ( 'NONE', *, *, #530, .F. ) ;
#1213 = VECTOR ( 'NONE', #1220, 1000.000000000000114 ) ;
#1214 = CARTESIAN_POINT ( 'NONE',  ( 10.39999999999999325, -6.581793068761736976, 1.500000000000000000 ) ) ;
#1215 = CARTESIAN_POINT ( 'NONE',  ( 3.469446951953614189E-15, -7.851963660978913850, 6.000000000000000000 ) ) ;
#1216 = AXIS2_PLACEMENT_3D ( 'NONE', #781, #1358, #471 ) ;
#1217 = DIRECTION ( 'NONE',  ( -0.000000000000000000, -0.000000000000000000, 1.000000000000000000 ) ) ;
#1218 = CARTESIAN_POINT ( 'NONE',  ( -10.89999999999999503, -6.293117934166923000, 1.200000000000007061 ) ) ;
#1219 = CARTESIAN_POINT ( 'NONE',  ( 1.450000000000000400, 10.36343733195378469, 6.000000000000000000 ) ) ;
#1220 = DIRECTION ( 'NONE',  ( -0.7071067811865403563, 0.000000000000000000, -0.7071067811865546782 ) ) ;
#1221 = EDGE_CURVE ( 'NONE', #1100, #86, #1732, .T. ) ;
#1222 = VERTEX_POINT ( 'NONE', #1370 ) ;
#1223 = EDGE_CURVE ( 'NONE', #981, #1088, #479, .T. ) ;
#1224 = CARTESIAN_POINT ( 'NONE',  ( 9.899999999999991473, -5.715767664977297713, 1.500000000000000000 ) ) ;
#1225 = EDGE_CURVE ( 'NONE', #1755, #994, #1051, .T. ) ;
#1226 = DIRECTION ( 'NONE',  ( 0.000000000000000000, 0.000000000000000000, -1.000000000000000000 ) ) ;
#1227 = LINE ( 'NONE', #365, #1126 ) ;
#1228 = DIRECTION ( 'NONE',  ( 1.000000000000000000, 0.000000000000000000, 0.000000000000000000 ) ) ;
#1229 = CARTESIAN_POINT ( 'NONE',  ( -10.89999999999999503, -5.715767664977296825, 1.500000000000000000 ) ) ;
#1230 = CARTESIAN_POINT ( 'NONE',  ( -3.549999999999997602, 0.000000000000000000, 0.000000000000000000 ) ) ;
#1231 = VERTEX_POINT ( 'NONE', #1344 ) ;
#1232 = AXIS2_PLACEMENT_3D ( 'NONE', #450, #1016, #1590 ) ;
#1233 = DIRECTION ( 'NONE',  ( -1.000000000000000000, 0.000000000000000000, 0.000000000000000000 ) ) ;
#1234 = ORIENTED_EDGE ( 'NONE', *, *, #923, .T. ) ;
#1235 = LINE ( 'NONE', #376, #608 ) ;
#1236 = ADVANCED_FACE ( 'NONE', ( #903 ), #1801, .F. ) ;
#1237 = CARTESIAN_POINT ( 'NONE',  ( 0.000000000000000000, 0.000000000000000000, 0.000000000000000000 ) ) ;
#1238 = CARTESIAN_POINT ( 'NONE',  ( 10.55290259849600787, -6.493514712360268781, 1.200000000000006617 ) ) ;
#1239 = AXIS2_PLACEMENT_3D ( 'NONE', #1742, #1014, #1597 ) ;
#1240 = ORIENTED_EDGE ( 'NONE', *, *, #1665, .F. ) ;
#1241 = CARTESIAN_POINT ( 'NONE',  ( 10.89999999999999325, -6.293117934166923888, 1.500000000000000000 ) ) ;
#1242 = VERTEX_POINT ( 'NONE', #507 ) ;
#1243 = CARTESIAN_POINT ( 'NONE',  ( -10.89999999999999503, 6.293117934166919447, 1.200000000000005285 ) ) ;
#1244 = VERTEX_POINT ( 'NONE', #1502 ) ;
#1245 = DIRECTION ( 'NONE',  ( -1.000000000000000000, 0.000000000000000000, 0.000000000000000000 ) ) ;
#1246 = DIRECTION ( 'NONE',  ( -0.3420201433256649937, 0.000000000000000000, -0.9396926207859097602 ) ) ;
#1247 = EDGE_CURVE ( 'NONE', #541, #1100, #201, .T. ) ;
#1248 = LINE ( 'NONE', #1837, #303 ) ;
#1249 = VECTOR ( 'NONE', #1636, 1000.000000000000000 ) ;
#1250 = VERTEX_POINT ( 'NONE', #499 ) ;
#1251 = CARTESIAN_POINT ( 'NONE',  ( 10.39999999999999325, 6.581793068761735199, 1.200000000000006173 ) ) ;
#1252 = VERTEX_POINT ( 'NONE', #1510 ) ;
#1253 = CARTESIAN_POINT ( 'NONE',  ( 10.59999999999999432, 6.293117934166921223, 1.500000000000000000 ) ) ;
#1254 = VERTEX_POINT ( 'NONE', #614 ) ;
#1255 = CARTESIAN_POINT ( 'NONE',  ( -1.600000000000002531, 10.62324495308911487, 5.699999999999997513 ) ) ;
#1256 = CARTESIAN_POINT ( 'NONE',  ( -10.89999999999999503, -6.293117934166923000, 0.000000000000000000 ) ) ;
#1257 = DIRECTION ( 'NONE',  ( -1.000000000000000000, 0.000000000000000000, 0.000000000000000000 ) ) ;
#1258 = ORIENTED_EDGE ( 'NONE', *, *, #1758, .T. ) ;
#1259 = EDGE_CURVE ( 'NONE', #1872, #26, #1648, .T. ) ;
#1260 = ADVANCED_FACE ( 'NONE', ( #1626 ), #1656, .T. ) ;
#1261 = FACE_OUTER_BOUND ( 'NONE', #270, .T. ) ;
#1262 = EDGE_LOOP ( 'NONE', ( #1819, #1152, #1319, #1055 ) ) ;
#1263 = CARTESIAN_POINT ( 'NONE',  ( -9.415947772331199051E-15, 12.43153532995459187, 1.333974596215564690 ) ) ;
#1264 = ORIENTED_EDGE ( 'NONE', *, *, #741, .F. ) ;
#1265 = DIRECTION ( 'NONE',  ( -0.3535533905932706777, -0.6123724356957892523, 0.7071067811865537900 ) ) ;
#1266 = DIRECTION ( 'NONE',  ( -3.004629197474319049E-16, 1.000000000000000000, 0.000000000000000000 ) ) ;
#1267 = CARTESIAN_POINT ( 'NONE',  ( 5.000000000000000888, 8.660254037844383745, 1.500000000000000000 ) ) ;
#1268 = VECTOR ( 'NONE', #319, 1000.000000000000227 ) ;
#1269 = LINE ( 'NONE', #3, #1017 ) ;
#1270 = ORIENTED_EDGE ( 'NONE', *, *, #193, .T. ) ;
#1271 = ADVANCED_FACE ( 'NONE', ( #336 ), #755, .T. ) ;
#1272 = CONICAL_SURFACE ( 'NONE', #576, 3.372059531467595850, 0.3490658503988640637 ) ;
#1273 = CARTESIAN_POINT ( 'NONE',  ( 8.365193483161095729E-15, -12.43153532995459543, 1.333974596215563357 ) ) ;
#1274 = VERTEX_POINT ( 'NONE', #913 ) ;
#1275 = DIRECTION ( 'NONE',  ( 0.000000000000000000, 0.000000000000000000, -1.000000000000000000 ) ) ;
#1276 = CARTESIAN_POINT ( 'NONE',  ( 0.5000000000000078826, -12.29756073373903291, 1.200000000000005063 ) ) ;
#1277 = DIRECTION ( 'NONE',  ( 0.000000000000000000, 0.000000000000000000, -1.000000000000000000 ) ) ;
#1278 = AXIS2_PLACEMENT_3D ( 'NONE', #266, #1275, #714 ) ;
#1279 = CARTESIAN_POINT ( 'NONE',  ( -10.55290259849600965, -6.493514712360269669, 1.200000000000005285 ) ) ;
#1280 = AXIS2_PLACEMENT_3D ( 'NONE', #457, #746, #1296 ) ;
#1281 = AXIS2_PLACEMENT_3D ( 'NONE', #1322, #869, #1457 ) ;
#1282 = EDGE_LOOP ( 'NONE', ( #1639, #1056, #1154, #950, #1569, #68, #1861, #839, #652, #1234, #318, #818 ) ) ;
#1283 = EDGE_CURVE ( 'NONE', #292, #1522, #326, .T. ) ;
#1284 = ORIENTED_EDGE ( 'NONE', *, *, #783, .F. ) ;
#1285 = CARTESIAN_POINT ( 'NONE',  ( -4.099999999999999645, 0.000000000000000000, 36.00000000000000000 ) ) ;
#1286 = EDGE_CURVE ( 'NONE', #494, #1872, #639, .T. ) ;
#1287 = EDGE_CURVE ( 'NONE', #1522, #1755, #281, .T. ) ;
#1288 = FACE_OUTER_BOUND ( 'NONE', #1531, .T. ) ;
#1289 = FACE_OUTER_BOUND ( 'NONE', #255, .T. ) ;
#1290 = CARTESIAN_POINT ( 'NONE',  ( -8.399999999999995026, -6.697263122599662388, 5.699999999999997513 ) ) ;
#1291 = ORIENTED_EDGE ( 'NONE', *, *, #805, .F. ) ;
#1292 = VERTEX_POINT ( 'NONE', #1350 ) ;
#1293 = CARTESIAN_POINT ( 'NONE',  ( -9.999999999999998224, 5.773502691896253758, 6.000000000000000000 ) ) ;
#1294 = CARTESIAN_POINT ( 'NONE',  ( 10.89999999999999325, -5.715767664977297713, 1.200000000000005285 ) ) ;
#1295 = EDGE_CURVE ( 'NONE', #1687, #141, #39, .T. ) ;
#1296 = DIRECTION ( 'NONE',  ( 1.000000000000000000, 0.000000000000000000, 0.000000000000000000 ) ) ;
#1297 = DIRECTION ( 'NONE',  ( -0.000000000000000000, -1.000000000000000000, -0.000000000000000000 ) ) ;
#1298 = AXIS2_PLACEMENT_3D ( 'NONE', #185, #458, #1179 ) ;
#1299 = ORIENTED_EDGE ( 'NONE', *, *, #395, .F. ) ;
#1300 = ORIENTED_EDGE ( 'NONE', *, *, #104, .T. ) ;
#1301 = VECTOR ( 'NONE', #505, 1000.000000000000114 ) ;
#1302 = DIRECTION ( 'NONE',  ( 0.8660254037844382635, 0.5000000000000006661, 0.000000000000000000 ) ) ;
#1303 = FACE_OUTER_BOUND ( 'NONE', #909, .T. ) ;
#1304 = CARTESIAN_POINT ( 'NONE',  ( 0.000000000000000000, 0.000000000000000000, 0.000000000000000000 ) ) ;
#1305 = EDGE_CURVE ( 'NONE', #1308, #1146, #623, .T. ) ;
#1306 = CARTESIAN_POINT ( 'NONE',  ( -10.39999999999999503, -6.581793068761736087, 1.200000000000007061 ) ) ;
#1307 = EDGE_CURVE ( 'NONE', #1468, #874, #976, .T. ) ;
#1308 = VERTEX_POINT ( 'NONE', #488 ) ;
#1309 = VECTOR ( 'NONE', #1863, 1000.000000000000000 ) ;
#1310 = VECTOR ( 'NONE', #45, 1000.000000000000000 ) ;
#1311 = CARTESIAN_POINT ( 'NONE',  ( 0.000000000000000000, 0.000000000000000000, 0.000000000000000000 ) ) ;
#1312 = VERTEX_POINT ( 'NONE', #1806 ) ;
#1313 = DIRECTION ( 'NONE',  ( 0.000000000000000000, 0.000000000000000000, -1.000000000000000000 ) ) ;
#1314 = VECTOR ( 'NONE', #1560, 1000.000000000000000 ) ;
#1315 = CARTESIAN_POINT ( 'NONE',  ( 5.049999999999999822, 6.184466335694133068E-16, 19.13737387097278386 ) ) ;
#1316 = DIRECTION ( 'NONE',  ( -1.000000000000000000, -5.981805089575189295E-16, 0.000000000000000000 ) ) ;
#1317 = VERTEX_POINT ( 'NONE', #347 ) ;
#1318 = CARTESIAN_POINT ( 'NONE',  ( -8.399999999999995026, -6.697263122599662388, 6.000000000000000000 ) ) ;
#1319 = ORIENTED_EDGE ( 'NONE', *, *, #463, .T. ) ;
#1320 = EDGE_CURVE ( 'NONE', #626, #1365, #792, .T. ) ;
#1321 = ORIENTED_EDGE ( 'NONE', *, *, #1225, .T. ) ;
#1322 = CARTESIAN_POINT ( 'NONE',  ( 0.000000000000000000, 0.000000000000000000, 36.00000000000000000 ) ) ;
#1323 = CARTESIAN_POINT ( 'NONE',  ( 0.000000000000000000, 0.000000000000000000, 36.00000000000000000 ) ) ;
#1324 = CARTESIAN_POINT ( 'NONE',  ( -9.699999999999999289, -3.925981830489459590, 6.000000000000000000 ) ) ;
#1325 = EDGE_LOOP ( 'NONE', ( #41, #686, #1507, #1464 ) ) ;
#1326 = CARTESIAN_POINT ( 'NONE',  ( 10.89999999999999325, 6.293117934166922112, 1.200000000000006173 ) ) ;
#1327 = ORIENTED_EDGE ( 'NONE', *, *, #1655, .F. ) ;
#1328 = EDGE_CURVE ( 'NONE', #590, #1601, #1227, .T. ) ;
#1329 = ORIENTED_EDGE ( 'NONE', *, *, #1630, .T. ) ;
#1330 = DIRECTION ( 'NONE',  ( -1.000000000000000000, 0.000000000000000000, 0.000000000000000000 ) ) ;
#1331 = CYLINDRICAL_SURFACE ( 'NONE', #1084, 3.200000000000000622 ) ;
#1332 = AXIS2_PLACEMENT_3D ( 'NONE', #94, #782, #1359 ) ;
#1333 = DIRECTION ( 'NONE',  ( 0.5000000000000001110, 0.8660254037844387076, -0.000000000000000000 ) ) ;
#1334 = AXIS2_PLACEMENT_3D ( 'NONE', #1509, #1646, #1792 ) ;
#1335 = CARTESIAN_POINT ( 'NONE',  ( -4.099999999999999645, 0.000000000000000000, 33.99999999999998579 ) ) ;
#1336 = ORIENTED_EDGE ( 'NONE', *, *, #542, .T. ) ;
#1337 = ORIENTED_EDGE ( 'NONE', *, *, #1342, .T. ) ;
#1338 = CIRCLE ( 'NONE', #91, 4.099999999999999645 ) ;
#1339 = DIRECTION ( 'NONE',  ( 0.000000000000000000, 0.000000000000000000, -1.000000000000000000 ) ) ;
#1340 = VECTOR ( 'NONE', #628, 1000.000000000000000 ) ;
#1341 = DIRECTION ( 'NONE',  ( -1.000000000000000000, 0.000000000000000000, 0.000000000000000000 ) ) ;
#1342 = EDGE_CURVE ( 'NONE', #222, #1767, #1834, .T. ) ;
#1343 = VECTOR ( 'NONE', #1396, 1000.000000000000000 ) ;
#1344 = CARTESIAN_POINT ( 'NONE',  ( -1.600000000000002975, 10.62324495308911487, 1.500000000000000000 ) ) ;
#1345 = LINE ( 'NONE', #1168, #455 ) ;
#1346 = ORIENTED_EDGE ( 'NONE', *, *, #1328, .T. ) ;
#1347 = ORIENTED_EDGE ( 'NONE', *, *, #1640, .T. ) ;
#1348 = DIRECTION ( 'NONE',  ( 0.8660254037844385966, -0.5000000000000000000, 0.000000000000000000 ) ) ;
#1349 = CARTESIAN_POINT ( 'NONE',  ( 8.239936510889833698E-15, -12.58623586833384600, 0.000000000000000000 ) ) ;
#1350 = CARTESIAN_POINT ( 'NONE',  ( 10.59999999999999432, 6.119912853410030884, 1.500000000000000000 ) ) ;
#1351 = ORIENTED_EDGE ( 'NONE', *, *, #1644, .F. ) ;
#1352 = EDGE_CURVE ( 'NONE', #682, #1744, #1338, .T. ) ;
#1353 = DIRECTION ( 'NONE',  ( -1.000000000000000000, 0.000000000000000000, -0.000000000000000000 ) ) ;
#1354 = ORIENTED_EDGE ( 'NONE', *, *, #1564, .T. ) ;
#1355 = EDGE_LOOP ( 'NONE', ( #936, #1748, #1757, #1178 ) ) ;
#1356 = FACE_OUTER_BOUND ( 'NONE', #657, .T. ) ;
#1357 = CARTESIAN_POINT ( 'NONE',  ( 10.89999999999999325, -6.293117934166923888, 0.000000000000000000 ) ) ;
#1358 = DIRECTION ( 'NONE',  ( 0.3535533905932713994, -0.6123724356957894743, 0.7071067811865531239 ) ) ;
#1359 = DIRECTION ( 'NONE',  ( -1.000000000000000000, -1.224646799147352961E-16, 0.000000000000000000 ) ) ;
#1360 = EDGE_CURVE ( 'NONE', #322, #1162, #610, .T. ) ;
#1361 = CIRCLE ( 'NONE', #939, 3.250000000000000444 ) ;
#1362 = ORIENTED_EDGE ( 'NONE', *, *, #1412, .F. ) ;
#1363 = EDGE_CURVE ( 'NONE', #1046, #84, #1433, .T. ) ;
#1364 = DIRECTION ( 'NONE',  ( -1.000000000000000000, 0.000000000000000000, 0.000000000000000000 ) ) ;
#1365 = VERTEX_POINT ( 'NONE', #799 ) ;
#1366 = AXIS2_PLACEMENT_3D ( 'NONE', #982, #1549, #678 ) ;
#1367 = LINE ( 'NONE', #190, #1836 ) ;
#1368 = CARTESIAN_POINT ( 'NONE',  ( 10.76602540378443074, 6.215767664977295048, 1.333974596215564690 ) ) ;
#1369 = AXIS2_PLACEMENT_3D ( 'NONE', #1529, #537, #377 ) ;
#1370 = CARTESIAN_POINT ( 'NONE',  ( -3.549999999999997602, 0.000000000000000000, 0.000000000000000000 ) ) ;
#1371 = DIRECTION ( 'NONE',  ( 0.000000000000000000, 0.000000000000000000, -1.000000000000000000 ) ) ;
#1372 = ORIENTED_EDGE ( 'NONE', *, *, #367, .T. ) ;
#1373 = DIRECTION ( 'NONE',  ( 0.5000000000000006661, -0.8660254037844383745, 0.000000000000000000 ) ) ;
#1374 = ORIENTED_EDGE ( 'NONE', *, *, #1564, .F. ) ;
#1375 = ADVANCED_FACE ( 'NONE', ( #1419 ), #1399, .T. ) ;
#1376 = DIRECTION ( 'NONE',  ( -0.3535533905932756182, -0.6123724356957976900, 0.7071067811865440200 ) ) ;
#1377 = CARTESIAN_POINT ( 'NONE',  ( -10.89999999999999503, -6.293117934166924776, 1.200000000000005729 ) ) ;
#1378 = DIRECTION ( 'NONE',  ( 0.000000000000000000, 0.000000000000000000, -1.000000000000000000 ) ) ;
#1379 = CARTESIAN_POINT ( 'NONE',  ( -9.999999999999994671, -3.925981830489459590, 5.699999999999997513 ) ) ;
#1380 = ORIENTED_EDGE ( 'NONE', *, *, #1446, .T. ) ;
#1381 =( BOUNDED_CURVE ( )  B_SPLINE_CURVE ( 3, ( #279, #586, #717, #1294 ),
 .UNSPECIFIED., .F., .F. ) 
 B_SPLINE_CURVE_WITH_KNOTS ( ( 4, 4 ),
 ( 5.759586531581288860, 6.283185307179586232 ),
 .UNSPECIFIED. ) 
 CURVE ( )  GEOMETRIC_REPRESENTATION_ITEM ( )  RATIONAL_B_SPLINE_CURVE ( ( 1.000000000000000000, 0.9772838841927123932, 0.9772838841927123932, 1.000000000000000000 ) ) 
 REPRESENTATION_ITEM ( '' )  );
#1382 = PLANE ( 'NONE',  #1153 ) ;
#1383 = ORIENTED_EDGE ( 'NONE', *, *, #1045, .T. ) ;
#1384 = EDGE_CURVE ( 'NONE', #1829, #1677, #259, .T. ) ;
#1385 = DIRECTION ( 'NONE',  ( -1.000000000000000000, 0.000000000000000000, 0.000000000000000000 ) ) ;
#1386 = ORIENTED_EDGE ( 'NONE', *, *, #1607, .T. ) ;
#1387 = DIRECTION ( 'NONE',  ( -0.8660254037844382635, -0.5000000000000005551, 0.000000000000000000 ) ) ;
#1388 = DIRECTION ( 'NONE',  ( -0.000000000000000000, -0.000000000000000000, -1.000000000000000000 ) ) ;
#1389 = DIRECTION ( 'NONE',  ( -1.000000000000000000, 0.000000000000000000, 0.000000000000000000 ) ) ;
#1390 = VECTOR ( 'NONE', #1165, 1000.000000000000000 ) ;
#1391 = ORIENTED_EDGE ( 'NONE', *, *, #971, .T. ) ;
#1392 = AXIS2_PLACEMENT_3D ( 'NONE', #1215, #953, #353 ) ;
#1393 = CARTESIAN_POINT ( 'NONE',  ( 10.39999999999999325, 6.581793068761735199, 1.200000000000006173 ) ) ;
#1394 = ORIENTED_EDGE ( 'NONE', *, *, #1491, .T. ) ;
#1395 =( BOUNDED_CURVE ( )  B_SPLINE_CURVE ( 3, ( #1653, #894, #1059, #1184 ),
 .UNSPECIFIED., .F., .T. ) 
 B_SPLINE_CURVE_WITH_KNOTS ( ( 4, 4 ),
 ( 8.673617379884044347E-16, 0.5235987755982998149 ),
 .UNSPECIFIED. ) 
 CURVE ( )  GEOMETRIC_REPRESENTATION_ITEM ( )  RATIONAL_B_SPLINE_CURVE ( ( 1.000000000000000000, 0.9772838841927120601, 0.9772838841927120601, 1.000000000000000000 ) ) 
 REPRESENTATION_ITEM ( '' )  );
#1396 = DIRECTION ( 'NONE',  ( -0.000000000000000000, -0.000000000000000000, 1.000000000000000000 ) ) ;
#1397 = ORIENTED_EDGE ( 'NONE', *, *, #354, .T. ) ;
#1398 = CARTESIAN_POINT ( 'NONE',  ( 1.599999999999998535, 10.62324495308911310, 5.699999999999997513 ) ) ;
#1399 = CYLINDRICAL_SURFACE ( 'NONE', #437, 4.099999999999999645 ) ;
#1400 = CARTESIAN_POINT ( 'NONE',  ( -5.000000000000000000, -8.660254037844387298, 1.500000000000000000 ) ) ;
#1401 = EDGE_CURVE ( 'NONE', #1623, #590, #239, .T. ) ;
#1402 = EDGE_CURVE ( 'NONE', #874, #1468, #491, .T. ) ;
#1403 = ORIENTED_EDGE ( 'NONE', *, *, #420, .T. ) ;
#1404 = AXIS2_PLACEMENT_3D ( 'NONE', #1205, #1070, #43 ) ;
#1405 = CARTESIAN_POINT ( 'NONE',  ( -1.734723475976807094E-15, 7.851963660978910298, 6.000000000000000000 ) ) ;
#1406 = EDGE_LOOP ( 'NONE', ( #742, #414, #195, #743, #1321, #849 ) ) ;
#1407 = CARTESIAN_POINT ( 'NONE',  ( 0.5000000000000091038, -12.29756073373903291, 0.000000000000000000 ) ) ;
#1408 = ORIENTED_EDGE ( 'NONE', *, *, #1363, .T. ) ;
#1409 = CARTESIAN_POINT ( 'NONE',  ( -2.099999999999999645, 0.000000000000000000, 33.99999999999999289 ) ) ;
#1410 = LINE ( 'NONE', #1256, #1063 ) ;
#1411 = CARTESIAN_POINT ( 'NONE',  ( 10.89999999999999325, 5.715767664977296825, 1.200000000000005285 ) ) ;
#1412 = EDGE_CURVE ( 'NONE', #391, #1617, #386, .T. ) ;
#1413 = DIRECTION ( 'NONE',  ( -1.000000000000000000, 0.000000000000000000, 0.000000000000000000 ) ) ;
#1414 = FACE_OUTER_BOUND ( 'NONE', #1417, .T. ) ;
#1415 = ORIENTED_EDGE ( 'NONE', *, *, #1360, .F. ) ;
#1416 = CARTESIAN_POINT ( 'NONE',  ( -10.76602540378443251, -6.215767664977297713, 1.333974596215565578 ) ) ;
#1417 = EDGE_LOOP ( 'NONE', ( #697, #132, #89, #961 ) ) ;
#1418 = SURFACE_STYLE_FILL_AREA ( #842 ) ;
#1419 = FACE_OUTER_BOUND ( 'NONE', #1650, .T. ) ;
#1420 = CARTESIAN_POINT ( 'NONE',  ( 6.938893903907228378E-15, -11.43153532995459365, 0.000000000000000000 ) ) ;
#1421 = VECTOR ( 'NONE', #240, 1000.000000000000000 ) ;
#1422 = DIRECTION ( 'NONE',  ( -1.000000000000000000, 0.000000000000000000, 0.000000000000000000 ) ) ;
#1423 = EDGE_CURVE ( 'NONE', #619, #1312, #1858, .T. ) ;
#1424 = ORIENTED_EDGE ( 'NONE', *, *, #311, .F. ) ;
#1425 = EDGE_CURVE ( 'NONE', #1601, #1533, #1541, .T. ) ;
#1426 = ADVANCED_FACE ( 'NONE', ( #1864 ), #1673, .F. ) ;
#1427 = ORIENTED_EDGE ( 'NONE', *, *, #1120, .F. ) ;
#1428 = CARTESIAN_POINT ( 'NONE',  ( 8.400000000000000355, -6.697263122599658836, 6.000000000000000000 ) ) ;
#1429 = DIRECTION ( 'NONE',  ( -0.000000000000000000, -0.000000000000000000, -1.000000000000000000 ) ) ;
#1430 = DIRECTION ( 'NONE',  ( 0.000000000000000000, 0.000000000000000000, -1.000000000000000000 ) ) ;
#1431 = CONICAL_SURFACE ( 'NONE', #912, 2.900000000000004352, 0.7853981633974375098 ) ;
#1432 = FACE_OUTER_BOUND ( 'NONE', #1683, .T. ) ;
#1433 = CIRCLE ( 'NONE', #123, 2.900000000000003464 ) ;
#1434 = CIRCLE ( 'NONE', #1803, 1.000000000000000888 ) ;
#1435 = ORIENTED_EDGE ( 'NONE', *, *, #1640, .F. ) ;
#1436 = AXIS2_PLACEMENT_3D ( 'NONE', #1871, #433, #1711 ) ;
#1437 = ADVANCED_FACE ( 'NONE', ( #833 ), #522, .T. ) ;
#1438 = ORIENTED_EDGE ( 'NONE', *, *, #1360, .T. ) ;
#1439 = DIRECTION ( 'NONE',  ( 0.3535533905932704557, -0.6123724356957898074, 0.7071067811865531239 ) ) ;
#1440 = LINE ( 'NONE', #1890, #1556 ) ;
#1441 = DIRECTION ( 'NONE',  ( 0.000000000000000000, 0.000000000000000000, 1.000000000000000000 ) ) ;
#1442 = DIRECTION ( 'NONE',  ( 0.000000000000000000, 0.000000000000000000, -1.000000000000000000 ) ) ;
#1443 = ORIENTED_EDGE ( 'NONE', *, *, #805, .T. ) ;
#1444 = APPLICATION_PROTOCOL_DEFINITION ( 'draft international standard', 'automotive_design', 1998, #1159 ) ;
#1445 = ORIENTED_EDGE ( 'NONE', *, *, #1221, .F. ) ;
#1446 = EDGE_CURVE ( 'NONE', #1487, #141, #1410, .T. ) ;
#1447 = CARTESIAN_POINT ( 'NONE',  ( 8.250000000000000000, -6.437455501464329544, 6.000000000000000000 ) ) ;
#1448 = CARTESIAN_POINT ( 'NONE',  ( -10.76602540378443429, 6.215767664977295048, 1.333974596215564024 ) ) ;
#1449 = EDGE_CURVE ( 'NONE', #1222, #1254, #1865, .T. ) ;
#1450 = AXIS2_PLACEMENT_3D ( 'NONE', #589, #1297, #579 ) ;
#1451 = DIRECTION ( 'NONE',  ( -1.000000000000000000, 0.000000000000000000, 0.000000000000000000 ) ) ;
#1452 = LINE ( 'NONE', #138, #1786 ) ;
#1453 = VECTOR ( 'NONE', #158, 1000.000000000000000 ) ;
#1454 = ORIENTED_EDGE ( 'NONE', *, *, #474, .F. ) ;
#1455 = CIRCLE ( 'NONE', #1332, 2.000000000000000000 ) ;
#1456 = EDGE_LOOP ( 'NONE', ( #107, #525, #1637, #1710 ) ) ;
#1457 = DIRECTION ( 'NONE',  ( 1.000000000000000000, 0.000000000000000000, -0.000000000000000000 ) ) ;
#1458 = CARTESIAN_POINT ( 'NONE',  ( 3.312435565298239570, 4.056563612424342157E-16, 17.00000000000000000 ) ) ;
#1459 = DIRECTION ( 'NONE',  ( -0.000000000000000000, -0.000000000000000000, -1.000000000000000000 ) ) ;
#1460 = ADVANCED_FACE ( 'NONE', ( #102 ), #1846, .T. ) ;
#1461 = LINE ( 'NONE', #31, #1268 ) ;
#1462 = VERTEX_POINT ( 'NONE', #1551 ) ;
#1463 = AXIS2_PLACEMENT_3D ( 'NONE', #1237, #1090, #1674 ) ;
#1464 = ORIENTED_EDGE ( 'NONE', *, *, #179, .F. ) ;
#1465 = CARTESIAN_POINT ( 'NONE',  ( 8.250000000000000000, -6.437455501464329544, 6.000000000000000000 ) ) ;
#1466 = CARTESIAN_POINT ( 'NONE',  ( 1.600000000000005862, -10.62324495308911665, 6.000000000000000000 ) ) ;
#1467 = FACE_OUTER_BOUND ( 'NONE', #388, .T. ) ;
#1468 = VERTEX_POINT ( 'NONE', #808 ) ;
#1469 = DIRECTION ( 'NONE',  ( 0.8660254037844387076, -0.5000000000000001110, 0.000000000000000000 ) ) ;
#1470 = EDGE_CURVE ( 'NONE', #682, #1365, #972, .T. ) ;
#1471 = ORIENTED_EDGE ( 'NONE', *, *, #1223, .T. ) ;
#1472 = ORIENTED_EDGE ( 'NONE', *, *, #889, .T. ) ;
#1473 = CARTESIAN_POINT ( 'NONE',  ( -0.5000000000000056621, 12.29756073373902936, 1.500000000000000000 ) ) ;
#1474 = DIRECTION ( 'NONE',  ( -1.000000000000000000, 0.000000000000000000, 0.000000000000000000 ) ) ;
#1475 = DIRECTION ( 'NONE',  ( -0.000000000000000000, -0.000000000000000000, -1.000000000000000000 ) ) ;
#1476 = DIRECTION ( 'NONE',  ( 0.000000000000000000, 0.000000000000000000, -1.000000000000000000 ) ) ;
#1477 = VECTOR ( 'NONE', #1476, 1000.000000000000000 ) ;
#1478 = EDGE_LOOP ( 'NONE', ( #1346, #620, #472, #599 ) ) ;
#1479 = EDGE_LOOP ( 'NONE', ( #189, #570, #459, #1094 ) ) ;
#1480 = EDGE_CURVE ( 'NONE', #1075, #1548, #1583, .T. ) ;
#1481 = VECTOR ( 'NONE', #1092, 1000.000000000000000 ) ;
#1482 = CARTESIAN_POINT ( 'NONE',  ( -9.999999999999996447, -3.004629197474318063E-15, 1.500000000000000000 ) ) ;
#1483 = FACE_OUTER_BOUND ( 'NONE', #893, .T. ) ;
#1484 = AXIS2_PLACEMENT_3D ( 'NONE', #307, #887, #1760 ) ;
#1485 = CARTESIAN_POINT ( 'NONE',  ( 0.1765567128029235933, 12.43153532995459187, 1.245696239814100270 ) ) ;
#1486 = DIRECTION ( 'NONE',  ( -1.000000000000000000, 0.000000000000000000, 0.000000000000000000 ) ) ;
#1487 = VERTEX_POINT ( 'NONE', #603 ) ;
#1488 = AXIS2_PLACEMENT_3D ( 'NONE', #232, #1532, #653 ) ;
#1489 = ORIENTED_EDGE ( 'NONE', *, *, #1874, .F. ) ;
#1490 = AXIS2_PLACEMENT_3D ( 'NONE', #448, #1015, #879 ) ;
#1491 = EDGE_CURVE ( 'NONE', #1548, #494, #885, .T. ) ;
#1492 = CYLINDRICAL_SURFACE ( 'NONE', #1005, 1.000000000000000888 ) ;
#1493 = AXIS2_PLACEMENT_3D ( 'NONE', #1875, #454, #10 ) ;
#1494 = DIRECTION ( 'NONE',  ( -0.8660254037844385966, 0.4999999999999999445, 0.000000000000000000 ) ) ;
#1495 = CARTESIAN_POINT ( 'NONE',  ( 0.4999999999999947820, 12.29756073373902936, 1.500000000000000000 ) ) ;
#1496 = CARTESIAN_POINT ( 'NONE',  ( -9.999999999999994671, -3.925981830489459590, 1.500000000000000000 ) ) ;
#1497 = ORIENTED_EDGE ( 'NONE', *, *, #1423, .T. ) ;
#1498 = ORIENTED_EDGE ( 'NONE', *, *, #1305, .T. ) ;
#1499 = CARTESIAN_POINT ( 'NONE',  ( -9.999999999999998224, 3.925981830489449820, 5.699999999999997513 ) ) ;
#1500 = CARTESIAN_POINT ( 'NONE',  ( 10.89999999999999325, 5.715767664977296825, 1.200000000000005285 ) ) ;
#1501 = ADVANCED_FACE ( 'NONE', ( #723 ), #553, .T. ) ;
#1502 = CARTESIAN_POINT ( 'NONE',  ( 2.099999999999999645, 2.571758278209440971E-16, 33.99999999999999289 ) ) ;
#1503 = DIRECTION ( 'NONE',  ( -0.000000000000000000, -0.000000000000000000, -1.000000000000000000 ) ) ;
#1504 = EDGE_CURVE ( 'NONE', #84, #1586, #1596, .T. ) ;
#1505 = ORIENTED_EDGE ( 'NONE', *, *, #984, .T. ) ;
#1506 = AXIS2_PLACEMENT_3D ( 'NONE', #97, #1555, #1514 ) ;
#1507 = ORIENTED_EDGE ( 'NONE', *, *, #878, .T. ) ;
#1508 = FACE_OUTER_BOUND ( 'NONE', #1719, .T. ) ;
#1509 = CARTESIAN_POINT ( 'NONE',  ( 0.000000000000000000, 0.000000000000000000, 17.00000000000000000 ) ) ;
#1510 = CARTESIAN_POINT ( 'NONE',  ( -0.5000000000000053291, 12.29756073373902936, 1.200000000000005507 ) ) ;
#1511 = VECTOR ( 'NONE', #1807, 999.9999999999998863 ) ;
#1512 = CARTESIAN_POINT ( 'NONE',  ( 8.365193483161095729E-15, -12.43153532995459543, 1.333974596215563357 ) ) ;
#1513 = ADVANCED_FACE ( 'NONE', ( #1571, #862 ), #1580, .F. ) ;
#1514 = DIRECTION ( 'NONE',  ( -1.000000000000000000, 0.000000000000000000, 0.000000000000000000 ) ) ;
#1515 = FACE_OUTER_BOUND ( 'NONE', #1143, .T. ) ;
#1516 = ORIENTED_EDGE ( 'NONE', *, *, #889, .F. ) ;
#1517 = STYLED_ITEM ( 'NONE', ( #988 ), #989 ) ;
#1518 = CARTESIAN_POINT ( 'NONE',  ( -10.39999999999999680, 6.581793068761731647, 0.000000000000000000 ) ) ;
#1519 = VECTOR ( 'NONE', #932, 999.9999999999998863 ) ;
#1520 = DIRECTION ( 'NONE',  ( -4.506943796211478080E-16, 1.000000000000000000, 0.000000000000000000 ) ) ;
#1521 = DIRECTION ( 'NONE',  ( 0.000000000000000000, 0.000000000000000000, -1.000000000000000000 ) ) ;
#1522 = VERTEX_POINT ( 'NONE', #267 ) ;
#1523 = EDGE_CURVE ( 'NONE', #1250, #914, #1605, .T. ) ;
#1524 =( NAMED_UNIT ( * ) SI_UNIT ( $, .STERADIAN. ) SOLID_ANGLE_UNIT ( ) );
#1525 = EDGE_LOOP ( 'NONE', ( #1712, #1669, #482, #636 ) ) ;
#1526 = DIRECTION ( 'NONE',  ( 0.000000000000000000, 0.000000000000000000, -1.000000000000000000 ) ) ;
#1527 = ORIENTED_EDGE ( 'NONE', *, *, #1758, .F. ) ;
#1528 = DIRECTION ( 'NONE',  ( -0.8660254037844383745, -0.5000000000000004441, 0.000000000000000000 ) ) ;
#1529 = CARTESIAN_POINT ( 'NONE',  ( -9.899999999999995026, -5.715767664977296825, 1.500000000000000000 ) ) ;
#1530 = CARTESIAN_POINT ( 'NONE',  ( 0.000000000000000000, 0.000000000000000000, 6.000000000000000000 ) ) ;
#1531 = EDGE_LOOP ( 'NONE', ( #361, #519, #1203, #432 ) ) ;
#1532 = DIRECTION ( 'NONE',  ( 0.000000000000000000, 0.000000000000000000, -1.000000000000000000 ) ) ;
#1533 = VERTEX_POINT ( 'NONE', #1880 ) ;
#1534 = CLOSED_SHELL ( 'NONE', ( #1002, #600, #493, #1501, #497, #1211, #1375, #655, #922, #1849, #1108, #1025, #1001, #1271, #48, #1513, #578, #752, #531, #410, #1678, #695, #1105, #681, #1594, #1161, #235, #1574, #1567, #692, #611, #992, #1236, #1130, #899, #170, #320, #647, #1011, #776, #726, #1747, #727, #1550, #1700, #1739, #1585, #773, #1437, #299, #202, #948, #1140, #552, #967, #1620, #1260, #1172, #1705, #117, #1883, #80, #1460, #933, #1426 ) ) ;
#1535 = EDGE_CURVE ( 'NONE', #494, #1631, #1440, .T. ) ;
#1536 = DIRECTION ( 'NONE',  ( -0.7071067811865546782, -2.124593680485206703E-16, 0.7071067811865403563 ) ) ;
#1537 = EDGE_CURVE ( 'NONE', #292, #304, #306, .T. ) ;
#1538 = EDGE_LOOP ( 'NONE', ( #1270, #465, #671, #1613 ) ) ;
#1539 = VECTOR ( 'NONE', #481, 999.9999999999998863 ) ;
#1540 = CARTESIAN_POINT ( 'NONE',  ( -10.74999999999999822, 6.033310313031591043, 1.500000000000000000 ) ) ;
#1541 = LINE ( 'NONE', #821, #1642 ) ;
#1542 = CARTESIAN_POINT ( 'NONE',  ( 8.239936510889833698E-15, -12.58623586833384600, 1.200000000000005285 ) ) ;
#1543 = ORIENTED_EDGE ( 'NONE', *, *, #847, .F. ) ;
#1544 = VECTOR ( 'NONE', #1206, 1000.000000000000000 ) ;
#1545 = CARTESIAN_POINT ( 'NONE',  ( 0.000000000000000000, 0.000000000000000000, 8.000000000000000000 ) ) ;
#1546 = VERTEX_POINT ( 'NONE', #1741 ) ;
#1547 = FACE_OUTER_BOUND ( 'NONE', #408, .T. ) ;
#1548 = VERTEX_POINT ( 'NONE', #1722 ) ;
#1549 = DIRECTION ( 'NONE',  ( 0.000000000000000000, 0.000000000000000000, -1.000000000000000000 ) ) ;
#1550 = ADVANCED_FACE ( 'NONE', ( #143 ), #916, .T. ) ;
#1551 = CARTESIAN_POINT ( 'NONE',  ( 1.600000000000004974, -10.62324495308911665, 1.500000000000000000 ) ) ;
#1552 = VECTOR ( 'NONE', #1439, 1000.000000000000114 ) ;
#1553 = CARTESIAN_POINT ( 'NONE',  ( -10.89999999999999680, 5.892324377780226996, 1.200000000000004174 ) ) ;
#1554 = CIRCLE ( 'NONE', #674, 4.099999999999999645 ) ;
#1555 = DIRECTION ( 'NONE',  ( 0.000000000000000000, 0.000000000000000000, -1.000000000000000000 ) ) ;
#1556 = VECTOR ( 'NONE', #1155, 1000.000000000000000 ) ;
#1557 = CIRCLE ( 'NONE', #1771, 3.200000000000000178 ) ;
#1558 = DIRECTION ( 'NONE',  ( -0.000000000000000000, -0.000000000000000000, 1.000000000000000000 ) ) ;
#1559 = ORIENTED_EDGE ( 'NONE', *, *, #794, .F. ) ;
#1560 = DIRECTION ( 'NONE',  ( 0.3420201433256649937, 4.188538737676946159E-17, -0.9396926207859097602 ) ) ;
#1561 = ORIENTED_EDGE ( 'NONE', *, *, #96, .F. ) ;
#1562 = DIRECTION ( 'NONE',  ( 0.8660254037844385966, -0.4999999999999998890, 0.000000000000000000 ) ) ;
#1563 = DIRECTION ( 'NONE',  ( 0.000000000000000000, 0.000000000000000000, -1.000000000000000000 ) ) ;
#1564 = EDGE_CURVE ( 'NONE', #1546, #1767, #997, .T. ) ;
#1565 = CARTESIAN_POINT ( 'NONE',  ( 0.000000000000000000, 0.000000000000000000, 36.00000000000000000 ) ) ;
#1566 = PRODUCT_DEFINITION ( 'UNKNOWN', '', #1805, #1738 ) ;
#1567 = ADVANCED_FACE ( 'NONE', ( #1173 ), #436, .T. ) ;
#1568 = FACE_OUTER_BOUND ( 'NONE', #227, .T. ) ;
#1569 = ORIENTED_EDGE ( 'NONE', *, *, #442, .T. ) ;
#1570 = ORIENTED_EDGE ( 'NONE', *, *, #214, .T. ) ;
#1571 = FACE_OUTER_BOUND ( 'NONE', #1629, .T. ) ;
#1572 = DIRECTION ( 'NONE',  ( -0.000000000000000000, -0.000000000000000000, -1.000000000000000000 ) ) ;
#1573 = DIRECTION ( 'NONE',  ( 0.000000000000000000, 0.000000000000000000, -1.000000000000000000 ) ) ;
#1574 = ADVANCED_FACE ( 'NONE', ( #296 ), #135, .T. ) ;
#1575 = ORIENTED_EDGE ( 'NONE', *, *, #1026, .F. ) ;
#1576 = CARTESIAN_POINT ( 'NONE',  ( 8.249999999999994671, 6.437455501464329544, 6.000000000000000000 ) ) ;
#1577 = ORIENTED_EDGE ( 'NONE', *, *, #445, .T. ) ;
#1578 = LINE ( 'NONE', #1285, #1610 ) ;
#1579 =( BOUNDED_CURVE ( )  B_SPLINE_CURVE ( 3, ( #112, #701, #1866, #559 ),
 .UNSPECIFIED., .F., .F. ) 
 B_SPLINE_CURVE_WITH_KNOTS ( ( 4, 4 ),
 ( 5.759586531581290636, 6.283185307179586232 ),
 .UNSPECIFIED. ) 
 CURVE ( )  GEOMETRIC_REPRESENTATION_ITEM ( )  RATIONAL_B_SPLINE_CURVE ( ( 1.000000000000000000, 0.9772838841927123932, 0.9772838841927123932, 1.000000000000000000 ) ) 
 REPRESENTATION_ITEM ( '' )  );
#1580 = PLANE ( 'NONE',  #1493 ) ;
#1581 = AXIS2_PLACEMENT_3D ( 'NONE', #861, #1265, #1562 ) ;
#1582 = DIRECTION ( 'NONE',  ( 0.000000000000000000, 0.000000000000000000, -1.000000000000000000 ) ) ;
#1583 = CIRCLE ( 'NONE', #735, 3.200000000000000178 ) ;
#1584 = ORIENTED_EDGE ( 'NONE', *, *, #192, .F. ) ;
#1585 = ADVANCED_FACE ( 'NONE', ( #1288 ), #574, .T. ) ;
#1586 = VERTEX_POINT ( 'NONE', #1447 ) ;
#1587 = DIRECTION ( 'NONE',  ( -1.000000000000000000, 0.000000000000000000, 0.000000000000000000 ) ) ;
#1588 = PLANE ( 'NONE',  #1756 ) ;
#1589 = DIRECTION ( 'NONE',  ( 1.000000000000000000, 0.000000000000000000, 0.000000000000000000 ) ) ;
#1590 = DIRECTION ( 'NONE',  ( -1.000000000000000000, 0.000000000000000000, 0.000000000000000000 ) ) ;
#1591 = ORIENTED_EDGE ( 'NONE', *, *, #1120, .T. ) ;
#1592 =( LENGTH_UNIT ( ) NAMED_UNIT ( * ) SI_UNIT ( .MILLI., .METRE. ) );
#1593 = ORIENTED_EDGE ( 'NONE', *, *, #453, .T. ) ;
#1594 = ADVANCED_FACE ( 'NONE', ( #716 ), #461, .T. ) ;
#1595 = EDGE_CURVE ( 'NONE', #867, #208, #565, .T. ) ;
#1596 = LINE ( 'NONE', #1465, #4 ) ;
#1597 = DIRECTION ( 'NONE',  ( 0.8660254037844382635, 0.5000000000000006661, 0.000000000000000000 ) ) ;
#1598 = CARTESIAN_POINT ( 'NONE',  ( 9.699999999999997513, 3.925981830489456925, 6.000000000000000000 ) ) ;
#1599 = DIRECTION ( 'NONE',  ( -0.000000000000000000, -0.000000000000000000, -1.000000000000000000 ) ) ;
#1600 = CIRCLE ( 'NONE', #1019, 3.200000000000000178 ) ;
#1601 = VERTEX_POINT ( 'NONE', #771 ) ;
#1602 = PRODUCT_CONTEXT ( 'NONE', #130, 'mechanical' ) ;
#1603 = AXIS2_PLACEMENT_3D ( 'NONE', #268, #1430, #1731 ) ;
#1604 = VERTEX_POINT ( 'NONE', #496 ) ;
#1605 = LINE ( 'NONE', #709, #767 ) ;
#1606 = FACE_OUTER_BOUND ( 'NONE', #1000, .T. ) ;
#1607 = EDGE_CURVE ( 'NONE', #732, #952, #1034, .T. ) ;
#1608 = DIRECTION ( 'NONE',  ( 0.000000000000000000, 0.000000000000000000, -1.000000000000000000 ) ) ;
#1609 = CARTESIAN_POINT ( 'NONE',  ( -0.4999999999999922284, -12.29756073373903291, 1.500000000000000000 ) ) ;
#1610 = VECTOR ( 'NONE', #832, 1000.000000000000000 ) ;
#1611 = ORIENTED_EDGE ( 'NONE', *, *, #395, .T. ) ;
#1612 = VECTOR ( 'NONE', #1520, 1000.000000000000000 ) ;
#1613 = ORIENTED_EDGE ( 'NONE', *, *, #1504, .F. ) ;
#1614 = CARTESIAN_POINT ( 'NONE',  ( -10.39999999999999858, 6.581793068761729870, 1.200000000000005507 ) ) ;
#1615 = DIRECTION ( 'NONE',  ( -0.3535533905932770060, 0.6123724356957993553, 0.7071067811865419106 ) ) ;
#1616 = FACE_OUTER_BOUND ( 'NONE', #76, .T. ) ;
#1617 = VERTEX_POINT ( 'NONE', #1499 ) ;
#1618 = DIRECTION ( 'NONE',  ( -4.506943796211478080E-16, 1.000000000000000000, 0.000000000000000000 ) ) ;
#1619 = PRODUCT ( 'hexholder_v2_20.0mm', 'hexholder_v2_20.0mm', '', ( #1602 ) ) ;
#1620 = ADVANCED_FACE ( 'NONE', ( #1194 ), #621, .T. ) ;
#1621 = EDGE_CURVE ( 'NONE', #814, #490, #1199, .T. ) ;
#1622 = ORIENTED_EDGE ( 'NONE', *, *, #1200, .T. ) ;
#1623 = VERTEX_POINT ( 'NONE', #486 ) ;
#1624 = DIRECTION ( 'NONE',  ( 0.000000000000000000, 0.000000000000000000, -1.000000000000000000 ) ) ;
#1625 = LINE ( 'NONE', #1349, #1208 ) ;
#1626 = FACE_OUTER_BOUND ( 'NONE', #501, .T. ) ;
#1627 = ORIENTED_EDGE ( 'NONE', *, *, #286, .T. ) ;
#1628 = DIRECTION ( 'NONE',  ( 0.000000000000000000, 0.000000000000000000, 1.000000000000000000 ) ) ;
#1629 = EDGE_LOOP ( 'NONE', ( #747, #1784, #1671, #1870, #1086, #837 ) ) ;
#1630 = EDGE_CURVE ( 'NONE', #1842, #1788, #1395, .T. ) ;
#1631 = VERTEX_POINT ( 'NONE', #62 ) ;
#1632 = VECTOR ( 'NONE', #402, 1000.000000000000000 ) ;
#1633 = VECTOR ( 'NONE', #902, 1000.000000000000000 ) ;
#1634 = CARTESIAN_POINT ( 'NONE',  ( -10.67774704738296698, 6.368670263473307003, 1.245696239814098938 ) ) ;
#1635 = DIRECTION ( 'NONE',  ( -1.000000000000000000, 0.000000000000000000, 0.000000000000000000 ) ) ;
#1636 = DIRECTION ( 'NONE',  ( -0.000000000000000000, -0.000000000000000000, 1.000000000000000000 ) ) ;
#1637 = ORIENTED_EDGE ( 'NONE', *, *, #868, .F. ) ;
#1638 = LINE ( 'NONE', #748, #1453 ) ;
#1639 = ORIENTED_EDGE ( 'NONE', *, *, #160, .T. ) ;
#1640 = EDGE_CURVE ( 'NONE', #180, #1889, #1645, .T. ) ;
#1641 = EDGE_LOOP ( 'NONE', ( #1497, #841, #460, #100, #1817, #777 ) ) ;
#1642 = VECTOR ( 'NONE', #1378, 1000.000000000000000 ) ;
#1643 = LINE ( 'NONE', #1473, #618 ) ;
#1644 = EDGE_CURVE ( 'NONE', #304, #1623, #1434, .T. ) ;
#1645 = CIRCLE ( 'NONE', #372, 3.250000000000000444 ) ;
#1646 = DIRECTION ( 'NONE',  ( 0.000000000000000000, 0.000000000000000000, -1.000000000000000000 ) ) ;
#1647 = AXIS2_PLACEMENT_3D ( 'NONE', #817, #1853, #1701 ) ;
#1648 = LINE ( 'NONE', #1664, #1519 ) ;
#1649 = DIRECTION ( 'NONE',  ( 0.000000000000000000, 0.000000000000000000, -1.000000000000000000 ) ) ;
#1650 = EDGE_LOOP ( 'NONE', ( #1337, #24, #1796, #284 ) ) ;
#1651 = DIRECTION ( 'NONE',  ( 0.000000000000000000, 0.000000000000000000, -1.000000000000000000 ) ) ;
#1652 = ORIENTED_EDGE ( 'NONE', *, *, #1225, .F. ) ;
#1653 = CARTESIAN_POINT ( 'NONE',  ( -10.89999999999999503, -5.715767664977297713, 1.200000000000005285 ) ) ;
#1654 = CARTESIAN_POINT ( 'NONE',  ( -10.39999999999999858, 6.581793068761729870, 1.200000000000005507 ) ) ;
#1655 = EDGE_CURVE ( 'NONE', #1252, #208, #1643, .T. ) ;
#1656 = PLANE ( 'NONE',  #1216 ) ;
#1657 = CARTESIAN_POINT ( 'NONE',  ( -10.39999999999999503, -6.581793068761736976, 1.500000000000000000 ) ) ;
#1658 = ORIENTED_EDGE ( 'NONE', *, *, #1716, .F. ) ;
#1659 = EDGE_LOOP ( 'NONE', ( #128, #1210, #554, #444, #529, #1851 ) ) ;
#1660 = CIRCLE ( 'NONE', #848, 1.000000000000000888 ) ;
#1661 = CARTESIAN_POINT ( 'NONE',  ( 0.000000000000000000, 0.000000000000000000, 33.99999999999999289 ) ) ;
#1662 = CIRCLE ( 'NONE', #177, 2.099999999999999645 ) ;
#1663 = LINE ( 'NONE', #1540, #484 ) ;
#1664 = CARTESIAN_POINT ( 'NONE',  ( 1.449999999999999289, 10.36343733195378292, 6.000000000000000000 ) ) ;
#1665 = EDGE_CURVE ( 'NONE', #1146, #978, #1781, .T. ) ;
#1666 = VECTOR ( 'NONE', #724, 1000.000000000000000 ) ;
#1667 = CYLINDRICAL_SURFACE ( 'NONE', #81, 2.099999999999999645 ) ;
#1668 = ORIENTED_EDGE ( 'NONE', *, *, #891, .F. ) ;
#1669 = ORIENTED_EDGE ( 'NONE', *, *, #134, .F. ) ;
#1670 = CARTESIAN_POINT ( 'NONE',  ( -1.449999999999995959, -10.36343733195378469, 6.000000000000000000 ) ) ;
#1671 = ORIENTED_EDGE ( 'NONE', *, *, #418, .T. ) ;
#1672 = DIRECTION ( 'NONE',  ( 0.000000000000000000, 0.000000000000000000, -1.000000000000000000 ) ) ;
#1673 = TOROIDAL_SURFACE ( 'NONE', #859, 7.049999999999999822, 2.000000000000000000 ) ;
#1674 = DIRECTION ( 'NONE',  ( -1.000000000000000000, 0.000000000000000000, 0.000000000000000000 ) ) ;
#1675 = LINE ( 'NONE', #1400, #398 ) ;
#1676 = AXIS2_PLACEMENT_3D ( 'NONE', #1311, #866, #293 ) ;
#1677 = VERTEX_POINT ( 'NONE', #920 ) ;
#1678 = ADVANCED_FACE ( 'NONE', ( #1802 ), #172, .T. ) ;
#1679 = EDGE_CURVE ( 'NONE', #187, #391, #1042, .T. ) ;
#1680 = PLANE ( 'NONE',  #583 ) ;
#1681 = ORIENTED_EDGE ( 'NONE', *, *, #1690, .F. ) ;
#1682 = DIRECTION ( 'NONE',  ( 0.000000000000000000, 0.000000000000000000, 1.000000000000000000 ) ) ;
#1683 = EDGE_LOOP ( 'NONE', ( #1809, #171, #995, #811 ) ) ;
#1684 = CARTESIAN_POINT ( 'NONE',  ( -3.312435565298239570, 0.000000000000000000, 17.00000000000000000 ) ) ;
#1685 = CARTESIAN_POINT ( 'NONE',  ( 0.3470974015039948180, -12.38583909014050022, 1.200000000000004619 ) ) ;
#1686 = CARTESIAN_POINT ( 'NONE',  ( -6.799999999999998046, 3.925981830489450708, 1.499999999999999556 ) ) ;
#1687 = VERTEX_POINT ( 'NONE', #779 ) ;
#1688 = DIRECTION ( 'NONE',  ( -0.7071067811865465735, 0.000000000000000000, -0.7071067811865485719 ) ) ;
#1689 = ORIENTED_EDGE ( 'NONE', *, *, #1401, .F. ) ;
#1690 = EDGE_CURVE ( 'NONE', #187, #50, #323, .T. ) ;
#1691 = DIRECTION ( 'NONE',  ( 1.000000000000000000, 0.000000000000000000, 0.000000000000000000 ) ) ;
#1692 = ORIENTED_EDGE ( 'NONE', *, *, #104, .F. ) ;
#1693 = AXIS2_PLACEMENT_3D ( 'NONE', #756, #1371, #1103 ) ;
#1694 = FILL_AREA_STYLE_COLOUR ( '', #704 ) ;
#1695 = CARTESIAN_POINT ( 'NONE',  ( -9.999999999999998224, 3.925981830489449820, 5.699999999999997513 ) ) ;
#1696 = CARTESIAN_POINT ( 'NONE',  ( -1.599999999999994982, -10.62324495308911665, 1.500000000000000000 ) ) ;
#1697 = ORIENTED_EDGE ( 'NONE', *, *, #214, .F. ) ;
#1698 = PLANE ( 'NONE',  #157 ) ;
#1699 = ORIENTED_EDGE ( 'NONE', *, *, #1800, .T. ) ;
#1700 = ADVANCED_FACE ( 'NONE', ( #1811 ), #587, .T. ) ;
#1701 = DIRECTION ( 'NONE',  ( -1.000000000000000000, 0.000000000000000000, 0.000000000000000000 ) ) ;
#1702 = ORIENTED_EDGE ( 'NONE', *, *, #1810, .T. ) ;
#1703 = DIRECTION ( 'NONE',  ( 0.000000000000000000, 0.000000000000000000, -1.000000000000000000 ) ) ;
#1704 = AXIS2_PLACEMENT_3D ( 'NONE', #146, #888, #597 ) ;
#1705 = ADVANCED_FACE ( 'NONE', ( #1356 ), #1492, .T. ) ;
#1706 = DIRECTION ( 'NONE',  ( -0.000000000000000000, -0.000000000000000000, 1.000000000000000000 ) ) ;
#1707 = VECTOR ( 'NONE', #1246, 1000.000000000000000 ) ;
#1708 = DIRECTION ( 'NONE',  ( -0.000000000000000000, -0.000000000000000000, -1.000000000000000000 ) ) ;
#1709 = CYLINDRICAL_SURFACE ( 'NONE', #873, 1.000000000000000888 ) ;
#1710 = ORIENTED_EDGE ( 'NONE', *, *, #635, .F. ) ;
#1711 = DIRECTION ( 'NONE',  ( -1.000000000000000000, 0.000000000000000000, 0.000000000000000000 ) ) ;
#1712 = ORIENTED_EDGE ( 'NONE', *, *, #1523, .T. ) ;
#1713 = LINE ( 'NONE', #1428, #1309 ) ;
#1714 = DIRECTION ( 'NONE',  ( -1.000000000000000000, 0.000000000000000000, 0.000000000000000000 ) ) ;
#1715 = DIRECTION ( 'NONE',  ( 0.8660254037844384856, -0.5000000000000002220, 0.000000000000000000 ) ) ;
#1716 = EDGE_CURVE ( 'NONE', #626, #1468, #1367, .T. ) ;
#1717 = CYLINDRICAL_SURFACE ( 'NONE', #629, 1.000000000000000000 ) ;
#1718 = ORIENTED_EDGE ( 'NONE', *, *, #613, .F. ) ;
#1719 = EDGE_LOOP ( 'NONE', ( #178, #1445, #551, #257 ) ) ;
#1720 = FACE_OUTER_BOUND ( 'NONE', #475, .T. ) ;
#1721 = VECTOR ( 'NONE', #1860, 1000.000000000000000 ) ;
#1722 = CARTESIAN_POINT ( 'NONE',  ( 1.599999999999998535, 10.62324495308911310, 5.699999999999997513 ) ) ;
#1723 = CARTESIAN_POINT ( 'NONE',  ( 0.000000000000000000, 0.000000000000000000, 17.00000000000000000 ) ) ;
#1724 = EDGE_CURVE ( 'NONE', #1134, #149, #979, .T. ) ;
#1725 = CARTESIAN_POINT ( 'NONE',  ( 8.400000000000000355, -6.697263122599657947, 1.500000000000000000 ) ) ;
#1726 = VECTOR ( 'NONE', #1750, 1000.000000000000114 ) ;
#1727 = ORIENTED_EDGE ( 'NONE', *, *, #1057, .T. ) ;
#1728 = CIRCLE ( 'NONE', #906, 3.372059531467595850 ) ;
#1729 = ORIENTED_EDGE ( 'NONE', *, *, #311, .T. ) ;
#1730 = CARTESIAN_POINT ( 'NONE',  ( 0.000000000000000000, 0.000000000000000000, 21.74747741945470736 ) ) ;
#1731 = DIRECTION ( 'NONE',  ( -1.000000000000000000, 0.000000000000000000, 0.000000000000000000 ) ) ;
#1732 = LINE ( 'NONE', #439, #1033 ) ;
#1733 = AXIS2_PLACEMENT_3D ( 'NONE', #1882, #1608, #290 ) ;
#1734 = FACE_OUTER_BOUND ( 'NONE', #74, .T. ) ;
#1735 = VECTOR ( 'NONE', #1706, 1000.000000000000000 ) ;
#1736 = AXIS2_PLACEMENT_3D ( 'NONE', #1293, #853, #876 ) ;
#1737 = ORIENTED_EDGE ( 'NONE', *, *, #760, .T. ) ;
#1738 = PRODUCT_DEFINITION_CONTEXT ( 'detailed design', #1159, 'design' ) ;
#1739 = ADVANCED_FACE ( 'NONE', ( #1508 ), #106, .T. ) ;
#1740 = EDGE_LOOP ( 'NONE', ( #368, #907, #806, #904 ) ) ;
#1741 = CARTESIAN_POINT ( 'NONE',  ( 3.372059531467595850, 4.575316894125130508E-16, 36.00000000000000000 ) ) ;
#1742 = CARTESIAN_POINT ( 'NONE',  ( 9.999999999999998224, -5.773502691896257311, 6.000000000000000000 ) ) ;
#1743 = DIRECTION ( 'NONE',  ( -1.000000000000000000, -3.004629197474319049E-16, 0.000000000000000000 ) ) ;
#1744 = VERTEX_POINT ( 'NONE', #980 ) ;
#1745 = DIRECTION ( 'NONE',  ( 0.000000000000000000, 0.000000000000000000, -1.000000000000000000 ) ) ;
#1746 = EDGE_LOOP ( 'NONE', ( #1611, #396, #1010, #662 ) ) ;
#1747 = ADVANCED_FACE ( 'NONE', ( #1547 ), #534, .T. ) ;
#1748 = ORIENTED_EDGE ( 'NONE', *, *, #16, .T. ) ;
#1749 = DIRECTION ( 'NONE',  ( 0.000000000000000000, 0.000000000000000000, -1.000000000000000000 ) ) ;
#1750 = DIRECTION ( 'NONE',  ( -0.8660254037844382635, -0.5000000000000006661, 0.000000000000000000 ) ) ;
#1751 = DIRECTION ( 'NONE',  ( -0.000000000000000000, -0.000000000000000000, -1.000000000000000000 ) ) ;
#1752 = ORIENTED_EDGE ( 'NONE', *, *, #1776, .T. ) ;
#1753 = FACE_OUTER_BOUND ( 'NONE', #1538, .T. ) ;
#1754 = AXIS2_PLACEMENT_3D ( 'NONE', #1191, #1198, #1353 ) ;
#1755 = VERTEX_POINT ( 'NONE', #1263 ) ;
#1756 = AXIS2_PLACEMENT_3D ( 'NONE', #250, #1139, #289 ) ;
#1757 = ORIENTED_EDGE ( 'NONE', *, *, #1789, .T. ) ;
#1758 = EDGE_CURVE ( 'NONE', #467, #1617, #804, .T. ) ;
#1759 = DIRECTION ( 'NONE',  ( -0.8660254037844384856, 0.5000000000000002220, 0.000000000000000000 ) ) ;
#1760 = DIRECTION ( 'NONE',  ( -1.000000000000000000, 0.000000000000000000, 0.000000000000000000 ) ) ;
#1761 = EDGE_CURVE ( 'NONE', #1744, #626, #1119, .T. ) ;
#1762 = EDGE_CURVE ( 'NONE', #184, #1250, #543, .T. ) ;
#1763 = FACE_OUTER_BOUND ( 'NONE', #1641, .T. ) ;
#1764 = ORIENTED_EDGE ( 'NONE', *, *, #1839, .F. ) ;
#1765 = FACE_OUTER_BOUND ( 'NONE', #78, .T. ) ;
#1766 =( GEOMETRIC_REPRESENTATION_CONTEXT ( 3 ) GLOBAL_UNCERTAINTY_ASSIGNED_CONTEXT ( ( #581 ) ) GLOBAL_UNIT_ASSIGNED_CONTEXT ( ( #521, #381, #1524 ) ) REPRESENTATION_CONTEXT ( 'NONE', 'WORKASPACE' ) );
#1767 = VERTEX_POINT ( 'NONE', #829 ) ;
#1768 = AXIS2_PLACEMENT_3D ( 'NONE', #577, #1558, #1316 ) ;
#1769 = AXIS2_PLACEMENT_3D ( 'NONE', #19, #1006, #1759 ) ;
#1770 = VERTEX_POINT ( 'NONE', #840 ) ;
#1771 = AXIS2_PLACEMENT_3D ( 'NONE', #226, #504, #1078 ) ;
#1772 = DIRECTION ( 'NONE',  ( -0.000000000000000000, -0.000000000000000000, 1.000000000000000000 ) ) ;
#1773 = DIRECTION ( 'NONE',  ( 0.8660254037844382635, 0.5000000000000004441, 0.000000000000000000 ) ) ;
#1774 = DIRECTION ( 'NONE',  ( -1.000000000000000000, 0.000000000000000000, 0.000000000000000000 ) ) ;
#1775 = ORIENTED_EDGE ( 'NONE', *, *, #517, .F. ) ;
#1776 = EDGE_CURVE ( 'NONE', #1244, #892, #1838, .T. ) ;
#1777 = DIRECTION ( 'NONE',  ( -0.000000000000000000, -0.000000000000000000, 1.000000000000000000 ) ) ;
#1778 = PRODUCT_DEFINITION_SHAPE ( 'NONE', 'NONE',  #1566 ) ;
#1779 = VERTEX_POINT ( 'NONE', #1087 ) ;
#1780 = VERTEX_POINT ( 'NONE', #1407 ) ;
#1781 = LINE ( 'NONE', #345, #1095 ) ;
#1782 = CARTESIAN_POINT ( 'NONE',  ( -6.799999999999998046, 3.925981830489450708, 6.000000000000000000 ) ) ;
#1783 = CARTESIAN_POINT ( 'NONE',  ( -10.89999999999999503, 5.715767664977295048, 1.500000000000000000 ) ) ;
#1784 = ORIENTED_EDGE ( 'NONE', *, *, #1852, .T. ) ;
#1785 = LINE ( 'NONE', #23, #1539 ) ;
#1786 = VECTOR ( 'NONE', #430, 1000.000000000000114 ) ;
#1787 = EDGE_CURVE ( 'NONE', #1586, #981, #1065, .T. ) ;
#1788 = VERTEX_POINT ( 'NONE', #1416 ) ;
#1789 = EDGE_CURVE ( 'NONE', #1842, #1687, #236, .T. ) ;
#1790 = EDGE_LOOP ( 'NONE', ( #351, #1190, #803, #1171 ) ) ;
#1791 = VECTOR ( 'NONE', #1881, 1000.000000000000114 ) ;
#1792 = DIRECTION ( 'NONE',  ( -1.000000000000000000, 0.000000000000000000, 0.000000000000000000 ) ) ;
#1793 = AXIS2_PLACEMENT_3D ( 'NONE', #238, #1226, #1812 ) ;
#1794 = CARTESIAN_POINT ( 'NONE',  ( -4.607859233063393845E-15, 12.58623586833384245, 1.500000000000000000 ) ) ;
#1795 = LINE ( 'NONE', #1064, #1142 ) ;
#1796 = ORIENTED_EDGE ( 'NONE', *, *, #1151, .T. ) ;
#1797 = CARTESIAN_POINT ( 'NONE',  ( 10.55290259849600609, 6.493514712360268781, 1.200000000000006395 ) ) ;
#1798 = AXIS2_PLACEMENT_3D ( 'NONE', #249, #688, #516 ) ;
#1799 = ORIENTED_EDGE ( 'NONE', *, *, #517, .T. ) ;
#1800 = EDGE_CURVE ( 'NONE', #1146, #314, #1096, .T. ) ;
#1801 = CONICAL_SURFACE ( 'NONE', #309, 3.312435565298239570, 1.047197551196600962 ) ;
#1802 = FACE_OUTER_BOUND ( 'NONE', #384, .T. ) ;
#1803 = AXIS2_PLACEMENT_3D ( 'NONE', #36, #787, #28 ) ;
#1804 = DIRECTION ( 'NONE',  ( -0.000000000000000000, -0.000000000000000000, -1.000000000000000000 ) ) ;
#1805 = PRODUCT_DEFINITION_FORMATION_WITH_SPECIFIED_SOURCE ( 'ANY', '', #1619, .NOT_KNOWN. ) ;
#1806 = CARTESIAN_POINT ( 'NONE',  ( 10.76602540378443074, -6.215767664977296825, 1.333974596215565578 ) ) ;
#1807 = DIRECTION ( 'NONE',  ( -0.8660254037844387076, 0.4999999999999999445, 0.000000000000000000 ) ) ;
#1808 = ORIENTED_EDGE ( 'NONE', *, *, #1679, .T. ) ;
#1809 = ORIENTED_EDGE ( 'NONE', *, *, #613, .T. ) ;
#1810 = EDGE_CURVE ( 'NONE', #1088, #1872, #1869, .T. ) ;
#1811 = FACE_OUTER_BOUND ( 'NONE', #434, .T. ) ;
#1812 = DIRECTION ( 'NONE',  ( -1.000000000000000000, 0.000000000000000000, 0.000000000000000000 ) ) ;
#1813 = CARTESIAN_POINT ( 'NONE',  ( -1.599999999999995870, -10.62324495308911665, 6.000000000000000000 ) ) ;
#1814 = DIRECTION ( 'NONE',  ( 0.000000000000000000, 0.000000000000000000, -1.000000000000000000 ) ) ;
#1815 = CARTESIAN_POINT ( 'NONE',  ( -9.699999999999999289, -3.925981830489459590, 6.000000000000000000 ) ) ;
#1816 = CARTESIAN_POINT ( 'NONE',  ( 10.76602540378443074, 6.215767664977295048, 1.333974596215564690 ) ) ;
#1817 = ORIENTED_EDGE ( 'NONE', *, *, #670, .T. ) ;
#1818 = DIRECTION ( 'NONE',  ( -1.000000000000000000, 0.000000000000000000, 0.000000000000000000 ) ) ;
#1819 = ORIENTED_EDGE ( 'NONE', *, *, #669, .F. ) ;
#1820 = DIRECTION ( 'NONE',  ( -0.3535533905932722321, -0.6123724356957871429, -0.7071067811865546782 ) ) ;
#1821 = EDGE_CURVE ( 'NONE', #926, #1046, #407, .T. ) ;
#1822 = AXIS2_PLACEMENT_3D ( 'NONE', #844, #401, #428 ) ;
#1823 = DIRECTION ( 'NONE',  ( 0.000000000000000000, -1.000000000000000000, 0.000000000000000000 ) ) ;
#1824 = AXIS2_PLACEMENT_3D ( 'NONE', #612, #1186, #1474 ) ;
#1825 = CARTESIAN_POINT ( 'NONE',  ( 10.67774704738296343, -6.368670263473308779, 1.245696239814100936 ) ) ;
#1826 = EDGE_CURVE ( 'NONE', #310, #322, #935, .T. ) ;
#1827 = EDGE_CURVE ( 'NONE', #978, #119, #1557, .T. ) ;
#1828 = ORIENTED_EDGE ( 'NONE', *, *, #1449, .F. ) ;
#1829 = VERTEX_POINT ( 'NONE', #218 ) ;
#1830 = AXIS2_PLACEMENT_3D ( 'NONE', #1027, #175, #300 ) ;
#1831 = DIRECTION ( 'NONE',  ( 0.8660254037844385966, -0.5000000000000001110, 0.000000000000000000 ) ) ;
#1832 = EDGE_LOOP ( 'NONE', ( #1012, #294, #684, #850 ) ) ;
#1833 = CARTESIAN_POINT ( 'NONE',  ( 10.89999999999999147, 5.892324377780227884, 1.200000000000006173 ) ) ;
#1834 = CIRCLE ( 'NONE', #248, 4.099999999999999645 ) ;
#1835 = CARTESIAN_POINT ( 'NONE',  ( 0.1765567128029403576, -12.43153532995459543, 1.245696239814098938 ) ) ;
#1836 = VECTOR ( 'NONE', #53, 1000.000000000000000 ) ;
#1837 = CARTESIAN_POINT ( 'NONE',  ( 10.89999999999999325, 6.293117934166921223, 0.000000000000000000 ) ) ;
#1838 = CIRCLE ( 'NONE', #768, 2.099999999999999645 ) ;
#1839 = EDGE_CURVE ( 'NONE', #1365, #626, #949, .T. ) ;
#1840 = ORIENTED_EDGE ( 'NONE', *, *, #760, .F. ) ;
#1841 = LINE ( 'NONE', #1230, #1061 ) ;
#1842 = VERTEX_POINT ( 'NONE', #676 ) ;
#1843 = DIRECTION ( 'NONE',  ( -0.000000000000000000, 1.000000000000000000, 0.000000000000000000 ) ) ;
#1844 = ORIENTED_EDGE ( 'NONE', *, *, #857, .F. ) ;
#1845 = CYLINDRICAL_SURFACE ( 'NONE', #1278, 3.200000000000000178 ) ;
#1846 = CYLINDRICAL_SURFACE ( 'NONE', #1369, 1.000000000000000888 ) ;
#1847 = DIRECTION ( 'NONE',  ( -1.000000000000000000, 0.000000000000000000, 0.000000000000000000 ) ) ;
#1848 = ORIENTED_EDGE ( 'NONE', *, *, #442, .F. ) ;
#1849 = ADVANCED_FACE ( 'NONE', ( #99 ), #797, .T. ) ;
#1850 = FACE_OUTER_BOUND ( 'NONE', #1262, .T. ) ;
#1851 = ORIENTED_EDGE ( 'NONE', *, *, #129, .T. ) ;
#1852 = EDGE_CURVE ( 'NONE', #619, #1292, #383, .T. ) ;
#1853 = DIRECTION ( 'NONE',  ( 0.000000000000000000, 0.000000000000000000, -1.000000000000000000 ) ) ;
#1854 = EDGE_LOOP ( 'NONE', ( #563, #169, #51, #1169 ) ) ;
#1855 = VECTOR ( 'NONE', #168, 1000.000000000000114 ) ;
#1856 = LINE ( 'NONE', #409, #790 ) ;
#1857 =( BOUNDED_CURVE ( )  B_SPLINE_CURVE ( 3, ( #114, #1009, #1279, #1306 ),
 .UNSPECIFIED., .F., .T. ) 
 B_SPLINE_CURVE_WITH_KNOTS ( ( 4, 4 ),
 ( 5.759586531581287971, 6.283185307179586232 ),
 .UNSPECIFIED. ) 
 CURVE ( )  GEOMETRIC_REPRESENTATION_ITEM ( )  RATIONAL_B_SPLINE_CURVE ( ( 1.000000000000000000, 0.9772838841927120601, 0.9772838841927120601, 1.000000000000000000 ) ) 
 REPRESENTATION_ITEM ( '' )  );
#1858 = LINE ( 'NONE', #963, #615 ) ;
#1859 = CARTESIAN_POINT ( 'NONE',  ( -10.89999999999999503, 5.715767664977295048, 1.200000000000005285 ) ) ;
#1860 = DIRECTION ( 'NONE',  ( 4.506943796211478080E-16, -1.000000000000000000, 0.000000000000000000 ) ) ;
#1861 = ORIENTED_EDGE ( 'NONE', *, *, #1690, .T. ) ;
#1862 = ORIENTED_EDGE ( 'NONE', *, *, #261, .T. ) ;
#1863 = DIRECTION ( 'NONE',  ( -0.000000000000000000, -0.000000000000000000, 1.000000000000000000 ) ) ;
#1864 = FACE_OUTER_BOUND ( 'NONE', #1790, .T. ) ;
#1865 = CIRCLE ( 'NONE', #1463, 3.549999999999997602 ) ;
#1866 = CARTESIAN_POINT ( 'NONE',  ( -0.3470974015039939853, 12.38583909014049667, 1.200000000000004841 ) ) ;
#1867 = VECTOR ( 'NONE', #744, 999.9999999999998863 ) ;
#1868 = CARTESIAN_POINT ( 'NONE',  ( 1.599999999999998090, 10.62324495308911310, 1.500000000000000000 ) ) ;
#1869 = CIRCLE ( 'NONE', #495, 2.900000000000003020 ) ;
#1870 = ORIENTED_EDGE ( 'NONE', *, *, #847, .T. ) ;
#1871 = CARTESIAN_POINT ( 'NONE',  ( 9.899999999999991473, -5.715767664977297713, 0.000000000000000000 ) ) ;
#1872 = VERTEX_POINT ( 'NONE', #1576 ) ;
#1873 = DIRECTION ( 'NONE',  ( 0.000000000000000000, 0.000000000000000000, -1.000000000000000000 ) ) ;
#1874 = EDGE_CURVE ( 'NONE', #1020, #304, #285, .T. ) ;
#1875 = CARTESIAN_POINT ( 'NONE',  ( 0.000000000000000000, 0.000000000000000000, 1.500000000000000000 ) ) ;
#1876 = DIRECTION ( 'NONE',  ( -1.000000000000000000, 0.000000000000000000, 0.000000000000000000 ) ) ;
#1877 = CARTESIAN_POINT ( 'NONE',  ( 6.938893903907228378E-15, -11.43153532995459365, 1.500000000000000000 ) ) ;
#1878 = EDGE_LOOP ( 'NONE', ( #243, #1336, #627, #198 ) ) ;
#1879 = ORIENTED_EDGE ( 'NONE', *, *, #1504, .T. ) ;
#1880 = CARTESIAN_POINT ( 'NONE',  ( 10.89999999999999325, -5.715767664977297713, 0.000000000000000000 ) ) ;
#1881 = DIRECTION ( 'NONE',  ( -0.7071067811865403563, 0.000000000000000000, 0.7071067811865546782 ) ) ;
#1882 = CARTESIAN_POINT ( 'NONE',  ( -5.204170427930421283E-15, 11.43153532995459187, 0.000000000000000000 ) ) ;
#1883 = ADVANCED_FACE ( 'NONE', ( #592 ), #572, .T. ) ;
#1884 = EDGE_CURVE ( 'NONE', #1533, #732, #127, .T. ) ;
#1885 = CARTESIAN_POINT ( 'NONE',  ( 9.999999999999992895, 3.925981830489456925, 1.500000000000000000 ) ) ;
#1886 = AXIS2_PLACEMENT_3D ( 'NONE', #1035, #1615, #487 ) ;
#1887 = ORIENTED_EDGE ( 'NONE', *, *, #271, .T. ) ;
#1888 = CONICAL_SURFACE ( 'NONE', #1392, 2.900000000000003020, 0.7853981633974396193 ) ;
#1889 = VERTEX_POINT ( 'NONE', #273 ) ;
#1890 = CARTESIAN_POINT ( 'NONE',  ( 8.399999999999995026, 6.697263122599657947, 6.000000000000000000 ) ) ;
#1891 = PLANE ( 'NONE',  #1822 ) ;
ENDSEC;
END-ISO-10303-21;
