ISO-10303-21;
HEADER;
FILE_DESCRIPTION (( 'STEP AP214' ),
    '1' );
FILE_NAME ('hexholder_v2_20.6mm.STEP',
    '2026-08-06T00:15:25',
    ( '' ),
    ( '' ),
    'SwSTEP 2.0',
    'SolidWorks 2025',
    '' );
FILE_SCHEMA (( 'AUTOMOTIVE_DESIGN' ));
ENDSEC;

DATA;
#1 = EDGE_CURVE ( 'NONE', #62, #866, #237, .T. ) ;
#2 = DIRECTION ( 'NONE',  ( -1.000000000000000000, 0.000000000000000000, 0.000000000000000000 ) ) ;
#3 = DIRECTION ( 'NONE',  ( 0.000000000000000000, 0.000000000000000000, -1.000000000000000000 ) ) ;
#4 = EDGE_CURVE ( 'NONE', #448, #638, #680, .T. ) ;
#5 = FACE_OUTER_BOUND ( 'NONE', #1540, .T. ) ;
#6 = AXIS2_PLACEMENT_3D ( 'NONE', #1213, #1501, #748 ) ;
#7 = CARTESIAN_POINT ( 'NONE',  ( -10.69999999999999396, -6.754998149518624651, 1.200000000000005285 ) ) ;
#8 = ORIENTED_EDGE ( 'NONE', *, *, #124, .F. ) ;
#9 = CARTESIAN_POINT ( 'NONE',  ( 5.204170427930421283E-15, -8.198373822492687424, 1.499999999999999556 ) ) ;
#10 = ORIENTED_EDGE ( 'NONE', *, *, #1127, .T. ) ;
#11 =( BOUNDED_CURVE ( )  B_SPLINE_CURVE ( 3, ( #700, #1123, #511, #254 ),
 .UNSPECIFIED., .F., .F. ) 
 B_SPLINE_CURVE_WITH_KNOTS ( ( 4, 4 ),
 ( 5.759586531581287971, 6.283185307179586232 ),
 .UNSPECIFIED. ) 
 CURVE ( )  GEOMETRIC_REPRESENTATION_ITEM ( )  RATIONAL_B_SPLINE_CURVE ( ( 1.000000000000000000, 0.9772838841927120601, 0.9772838841927120601, 1.000000000000000000 ) ) 
 REPRESENTATION_ITEM ( '' )  );
#12 = DIRECTION ( 'NONE',  ( 0.000000000000000000, 0.000000000000000000, 1.000000000000000000 ) ) ;
#13 = DIRECTION ( 'NONE',  ( -0.8660254037844383745, -0.5000000000000006661, 0.000000000000000000 ) ) ;
#14 = AXIS2_PLACEMENT_3D ( 'NONE', #253, #830, #1420 ) ;
#15 = VERTEX_POINT ( 'NONE', #934 ) ;
#16 = CARTESIAN_POINT ( 'NONE',  ( 5.049999999999999822, 6.184466335694133068E-16, 8.000000000000000000 ) ) ;
#17 = ADVANCED_FACE ( 'NONE', ( #1523 ), #803, .T. ) ;
#18 = LINE ( 'NONE', #1282, #1514 ) ;
#19 =( GEOMETRIC_REPRESENTATION_CONTEXT ( 3 ) GLOBAL_UNCERTAINTY_ASSIGNED_CONTEXT ( ( #485 ) ) GLOBAL_UNIT_ASSIGNED_CONTEXT ( ( #415, #303, #724 ) ) REPRESENTATION_CONTEXT ( 'NONE', 'WORKASPACE' ) );
#20 = DIRECTION ( 'NONE',  ( 0.000000000000000000, 0.000000000000000000, 1.000000000000000000 ) ) ;
#21 = EDGE_LOOP ( 'NONE', ( #50, #1065, #185, #1029 ) ) ;
#22 = DIRECTION ( 'NONE',  ( -0.000000000000000000, -0.000000000000000000, 1.000000000000000000 ) ) ;
#23 = FACE_OUTER_BOUND ( 'NONE', #478, .T. ) ;
#24 = DIRECTION ( 'NONE',  ( 2.917115725703222401E-16, -1.000000000000000000, 0.000000000000000000 ) ) ;
#25 = VERTEX_POINT ( 'NONE', #675 ) ;
#26 = PLANE ( 'NONE',  #862 ) ;
#27 = CYLINDRICAL_SURFACE ( 'NONE', #47, 1.000000000000000888 ) ;
#28 = DIRECTION ( 'NONE',  ( -0.8660254037844385966, 0.4999999999999999445, 0.000000000000000000 ) ) ;
#29 = VERTEX_POINT ( 'NONE', #1839 ) ;
#30 = FACE_OUTER_BOUND ( 'NONE', #138, .T. ) ;
#31 = LINE ( 'NONE', #608, #887 ) ;
#32 = ORIENTED_EDGE ( 'NONE', *, *, #595, .F. ) ;
#33 = FACE_OUTER_BOUND ( 'NONE', #1504, .T. ) ;
#34 = DIRECTION ( 'NONE',  ( -0.000000000000000000, -0.000000000000000000, 1.000000000000000000 ) ) ;
#35 = CARTESIAN_POINT ( 'NONE',  ( 1.599999999999998090, 10.96965511460288667, 6.000000000000000000 ) ) ;
#36 = VERTEX_POINT ( 'NONE', #1112 ) ;
#37 = DIRECTION ( 'NONE',  ( -0.3535533905932736198, -0.6123724356957924719, -0.7071067811865492381 ) ) ;
#38 = DIRECTION ( 'NONE',  ( 4.375673588554832862E-16, -1.000000000000000000, 0.000000000000000000 ) ) ;
#39 = CIRCLE ( 'NONE', #1108, 1.000000000000000888 ) ;
#40 = ORIENTED_EDGE ( 'NONE', *, *, #1750, .T. ) ;
#41 = LINE ( 'NONE', #1208, #255 ) ;
#42 = AXIS2_PLACEMENT_3D ( 'NONE', #1281, #849, #1737 ) ;
#43 = CONICAL_SURFACE ( 'NONE', #834, 3.549999999999997602, 0.7853981633974469467 ) ;
#44 = DIRECTION ( 'NONE',  ( -1.000000000000000000, 0.000000000000000000, 0.000000000000000000 ) ) ;
#45 = ORIENTED_EDGE ( 'NONE', *, *, #1454, .T. ) ;
#46 = DIRECTION ( 'NONE',  ( -1.000000000000000000, 0.000000000000000000, 0.000000000000000000 ) ) ;
#47 = AXIS2_PLACEMENT_3D ( 'NONE', #1186, #1772, #1039 ) ;
#48 = EDGE_CURVE ( 'NONE', #577, #64, #1696, .T. ) ;
#49 = CARTESIAN_POINT ( 'NONE',  ( 10.29999999999999893, -4.099186911246341047, 5.700000000000004619 ) ) ;
#50 = ORIENTED_EDGE ( 'NONE', *, *, #319, .F. ) ;
#51 = DIRECTION ( 'NONE',  ( 0.3420201433256670476, 4.188538737676971427E-17, -0.9396926207859090940 ) ) ;
#52 = CARTESIAN_POINT ( 'NONE',  ( 11.06602540378443322, 6.388972745734183611, 1.333974596215565578 ) ) ;
#53 = ORIENTED_EDGE ( 'NONE', *, *, #738, .T. ) ;
#54 = EDGE_CURVE ( 'NONE', #358, #875, #245, .T. ) ;
#55 = DIRECTION ( 'NONE',  ( 0.000000000000000000, 0.000000000000000000, -1.000000000000000000 ) ) ;
#56 = VERTEX_POINT ( 'NONE', #262 ) ;
#57 = CARTESIAN_POINT ( 'NONE',  ( 8.699999999999993960, 6.870468203356544734, 5.700000000000005507 ) ) ;
#58 = EDGE_CURVE ( 'NONE', #64, #1285, #1158, .T. ) ;
#59 = DIRECTION ( 'NONE',  ( -1.000000000000000000, 0.000000000000000000, 0.000000000000000000 ) ) ;
#60 = SHAPE_DEFINITION_REPRESENTATION ( #370, #891 ) ;
#61 = DIRECTION ( 'NONE',  ( 0.8660254037844387076, -0.5000000000000001110, 0.000000000000000000 ) ) ;
#62 = VERTEX_POINT ( 'NONE', #1128 ) ;
#63 = LINE ( 'NONE', #359, #379 ) ;
#64 = VERTEX_POINT ( 'NONE', #999 ) ;
#65 = DIRECTION ( 'NONE',  ( -4.375673588554832862E-16, 1.000000000000000000, 0.000000000000000000 ) ) ;
#66 = ORIENTED_EDGE ( 'NONE', *, *, #1163, .T. ) ;
#67 = DIRECTION ( 'NONE',  ( -1.000000000000000000, 0.000000000000000000, -0.000000000000000000 ) ) ;
#68 = AXIS2_PLACEMENT_3D ( 'NONE', #1771, #461, #610 ) ;
#69 = ADVANCED_FACE ( 'NONE', ( #697 ), #1353, .T. ) ;
#70 = CARTESIAN_POINT ( 'NONE',  ( -10.90000000000000036, -6.293117934166925664, 1.500000000000000000 ) ) ;
#71 = ORIENTED_EDGE ( 'NONE', *, *, #726, .F. ) ;
#72 = CIRCLE ( 'NONE', #1077, 3.200000000000000178 ) ;
#73 = AXIS2_PLACEMENT_3D ( 'NONE', #267, #843, #1394 ) ;
#74 = CARTESIAN_POINT ( 'NONE',  ( -7.099999999999997868, 4.099186911246341936, 5.700000000000004619 ) ) ;
#75 = ORIENTED_EDGE ( 'NONE', *, *, #1417, .F. ) ;
#76 = DIRECTION ( 'NONE',  ( 0.000000000000000000, 0.000000000000000000, 1.000000000000000000 ) ) ;
#77 = ORIENTED_EDGE ( 'NONE', *, *, #983, .T. ) ;
#78 = CARTESIAN_POINT ( 'NONE',  ( -7.463786355260531969E-15, 12.77794549146836545, 1.333974596215568686 ) ) ;
#79 = CARTESIAN_POINT ( 'NONE',  ( -5.258380536554696505E-15, 12.93264602984761602, 1.200000000000005285 ) ) ;
#80 = ORIENTED_EDGE ( 'NONE', *, *, #1059, .T. ) ;
#81 = EDGE_CURVE ( 'NONE', #1551, #793, #271, .T. ) ;
#82 = CARTESIAN_POINT ( 'NONE',  ( -5.258380536554696505E-15, 12.93264602984761602, 0.000000000000000000 ) ) ;
#83 = ORIENTED_EDGE ( 'NONE', *, *, #259, .T. ) ;
#84 = DIRECTION ( 'NONE',  ( 0.000000000000000000, 0.000000000000000000, -1.000000000000000000 ) ) ;
#85 = CARTESIAN_POINT ( 'NONE',  ( -1.600000000000000755, 10.96965511460288845, 6.000000000000000000 ) ) ;
#86 = PLANE ( 'NONE',  #895 ) ;
#87 = EDGE_CURVE ( 'NONE', #514, #757, #573, .T. ) ;
#88 = DIRECTION ( 'NONE',  ( 0.3535533905932732868, 0.6123724356957936932, 0.7071067811865485719 ) ) ;
#89 = CARTESIAN_POINT ( 'NONE',  ( -11.19999999999999396, -5.888972745734185388, 0.000000000000000000 ) ) ;
#90 = VERTEX_POINT ( 'NONE', #1730 ) ;
#91 = ADVANCED_FACE ( 'NONE', ( #712 ), #427, .T. ) ;
#92 = DIRECTION ( 'NONE',  ( 0.8660254037844384856, 0.5000000000000004441, 0.000000000000000000 ) ) ;
#93 = ORIENTED_EDGE ( 'NONE', *, *, #1358, .T. ) ;
#94 = CARTESIAN_POINT ( 'NONE',  ( -10.29999999999999538, -5.946707772653147650, 5.700000000000004619 ) ) ;
#95 = DIRECTION ( 'NONE',  ( 0.3535533905932740639, -0.6123724356957923609, -0.7071067811865491270 ) ) ;
#96 = AXIS2_PLACEMENT_3D ( 'NONE', #1427, #112, #132 ) ;
#97 = VECTOR ( 'NONE', #1807, 1000.000000000000227 ) ;
#98 = DIRECTION ( 'NONE',  ( 0.8660254037844385966, -0.5000000000000000000, 0.000000000000000000 ) ) ;
#99 = ORIENTED_EDGE ( 'NONE', *, *, #1183, .F. ) ;
#100 = CIRCLE ( 'NONE', #1016, 3.250000000000000444 ) ;
#101 = CARTESIAN_POINT ( 'NONE',  ( 0.5000000000000081046, -12.64397089525280649, 1.200000000000003064 ) ) ;
#102 = ORIENTED_EDGE ( 'NONE', *, *, #1163, .F. ) ;
#103 = VECTOR ( 'NONE', #61, 999.9999999999998863 ) ;
#104 = EDGE_CURVE ( 'NONE', #1679, #1089, #555, .T. ) ;
#105 = DIRECTION ( 'NONE',  ( -0.8660254037844385966, 0.5000000000000000000, 0.000000000000000000 ) ) ;
#106 = FACE_OUTER_BOUND ( 'NONE', #1099, .T. ) ;
#107 = CARTESIAN_POINT ( 'NONE',  ( -1.734723475976807094E-15, 8.198373822492685647, 6.000000000000000000 ) ) ;
#108 = CARTESIAN_POINT ( 'NONE',  ( -5.049999999999999822, 0.000000000000000000, 19.00000000000000000 ) ) ;
#109 = ORIENTED_EDGE ( 'NONE', *, *, #625, .T. ) ;
#110 = DIRECTION ( 'NONE',  ( -0.000000000000000000, -0.000000000000000000, -1.000000000000000000 ) ) ;
#111 = ORIENTED_EDGE ( 'NONE', *, *, #699, .T. ) ;
#112 = DIRECTION ( 'NONE',  ( 0.000000000000000000, 0.000000000000000000, 1.000000000000000000 ) ) ;
#113 = DIRECTION ( 'NONE',  ( -0.8660254037844383745, -0.5000000000000003331, 0.000000000000000000 ) ) ;
#114 = EDGE_CURVE ( 'NONE', #873, #169, #1537, .T. ) ;
#115 = DIRECTION ( 'NONE',  ( -0.7071067811865485719, 0.000000000000000000, 0.7071067811865465735 ) ) ;
#116 = EDGE_CURVE ( 'NONE', #1360, #1285, #421, .T. ) ;
#117 = FACE_OUTER_BOUND ( 'NONE', #720, .T. ) ;
#118 = ORIENTED_EDGE ( 'NONE', *, *, #1750, .F. ) ;
#119 = ORIENTED_EDGE ( 'NONE', *, *, #901, .T. ) ;
#120 = DIRECTION ( 'NONE',  ( 0.000000000000000000, 0.000000000000000000, -1.000000000000000000 ) ) ;
#121 = DIRECTION ( 'NONE',  ( -1.000000000000000000, 1.794541526872555704E-15, 0.000000000000000000 ) ) ;
#122 = DIRECTION ( 'NONE',  ( 0.8660254037844382635, 0.5000000000000005551, 0.000000000000000000 ) ) ;
#123 = CIRCLE ( 'NONE', #6, 2.000000000000000000 ) ;
#124 = EDGE_CURVE ( 'NONE', #56, #514, #187, .T. ) ;
#125 = AXIS2_PLACEMENT_3D ( 'NONE', #362, #1397, #65 ) ;
#126 = VERTEX_POINT ( 'NONE', #858 ) ;
#127 = CIRCLE ( 'NONE', #1196, 3.372059531467595850 ) ;
#128 = AXIS2_PLACEMENT_3D ( 'NONE', #1490, #312, #335 ) ;
#129 = CARTESIAN_POINT ( 'NONE',  ( 0.000000000000000000, 0.000000000000000000, 36.00000000000000000 ) ) ;
#130 = ORIENTED_EDGE ( 'NONE', *, *, #397, .T. ) ;
#131 = AXIS2_PLACEMENT_3D ( 'NONE', #759, #1221, #318 ) ;
#132 = DIRECTION ( 'NONE',  ( -1.000000000000000000, 0.000000000000000000, 0.000000000000000000 ) ) ;
#133 = VECTOR ( 'NONE', #1725, 1000.000000000000114 ) ;
#134 = CARTESIAN_POINT ( 'NONE',  ( 7.099999999999997868, -4.099186911246342824, 6.000000000000000000 ) ) ;
#135 = AXIS2_PLACEMENT_3D ( 'NONE', #1589, #1576, #122 ) ;
#136 = DIRECTION ( 'NONE',  ( -0.000000000000000000, -0.000000000000000000, 1.000000000000000000 ) ) ;
#137 = CARTESIAN_POINT ( 'NONE',  ( -11.06602540378443145, -6.388972745734185388, 1.333974596215568020 ) ) ;
#138 = EDGE_LOOP ( 'NONE', ( #631, #1054, #808, #704, #1778, #856 ) ) ;
#139 = ADVANCED_FACE ( 'NONE', ( #1571 ), #705, .T. ) ;
#140 = ORIENTED_EDGE ( 'NONE', *, *, #795, .F. ) ;
#141 = DIRECTION ( 'NONE',  ( 0.000000000000000000, 0.000000000000000000, -1.000000000000000000 ) ) ;
#142 = PLANE ( 'NONE',  #1632 ) ;
#143 = EDGE_CURVE ( 'NONE', #1188, #1849, #1721, .T. ) ;
#144 = DIRECTION ( 'NONE',  ( -1.000000000000000000, 0.000000000000000000, 0.000000000000000000 ) ) ;
#145 = CARTESIAN_POINT ( 'NONE',  ( 0.000000000000000000, 0.000000000000000000, 8.000000000000000000 ) ) ;
#146 = ORIENTED_EDGE ( 'NONE', *, *, #1665, .T. ) ;
#147 = DIRECTION ( 'NONE',  ( 0.8660254037844382635, 0.5000000000000004441, 0.000000000000000000 ) ) ;
#148 = ADVANCED_FACE ( 'NONE', ( #877 ), #1137, .T. ) ;
#149 = FACE_OUTER_BOUND ( 'NONE', #1042, .T. ) ;
#150 = CARTESIAN_POINT ( 'NONE',  ( 1.600000000000007194, -10.96965511460289200, 5.700000000000003730 ) ) ;
#151 = ORIENTED_EDGE ( 'NONE', *, *, #839, .T. ) ;
#152 = CYLINDRICAL_SURFACE ( 'NONE', #1199, 3.250000000000000444 ) ;
#153 = DIRECTION ( 'NONE',  ( -0.000000000000000000, -0.000000000000000000, -1.000000000000000000 ) ) ;
#154 = LINE ( 'NONE', #853, #1388 ) ;
#155 = EDGE_LOOP ( 'NONE', ( #1222, #947, #812, #604 ) ) ;
#156 = CARTESIAN_POINT ( 'NONE',  ( -11.19999999999999396, -6.466323014923811563, 1.200000000000005285 ) ) ;
#157 = AXIS2_PLACEMENT_3D ( 'NONE', #765, #773, #46 ) ;
#158 = CARTESIAN_POINT ( 'NONE',  ( 4.099999999999999645, 5.021051876504147385E-16, 33.99999999999998579 ) ) ;
#159 = DIRECTION ( 'NONE',  ( -0.000000000000000000, -0.000000000000000000, -1.000000000000000000 ) ) ;
#160 = AXIS2_PLACEMENT_3D ( 'NONE', #172, #159, #1528 ) ;
#161 = EDGE_CURVE ( 'NONE', #1529, #1580, #1299, .T. ) ;
#162 = CIRCLE ( 'NONE', #898, 1.000000000000000888 ) ;
#163 = EDGE_LOOP ( 'NONE', ( #1634, #1712, #1856, #1545 ) ) ;
#164 = DIRECTION ( 'NONE',  ( 0.8660254037844382635, 0.5000000000000006661, 0.000000000000000000 ) ) ;
#165 = VECTOR ( 'NONE', #34, 1000.000000000000000 ) ;
#166 = FACE_OUTER_BOUND ( 'NONE', #193, .T. ) ;
#167 = ORIENTED_EDGE ( 'NONE', *, *, #1788, .T. ) ;
#168 = DIRECTION ( 'NONE',  ( -1.000000000000000000, 0.000000000000000000, 0.000000000000000000 ) ) ;
#169 = VERTEX_POINT ( 'NONE', #728 ) ;
#170 = ADVANCED_FACE ( 'NONE', ( #1307 ), #578, .T. ) ;
#171 = DIRECTION ( 'NONE',  ( -0.3420201433256670476, 0.000000000000000000, -0.9396926207859090940 ) ) ;
#172 = CARTESIAN_POINT ( 'NONE',  ( 0.000000000000000000, 0.000000000000000000, 17.00000000000000000 ) ) ;
#173 = ORIENTED_EDGE ( 'NONE', *, *, #527, .T. ) ;
#174 = CARTESIAN_POINT ( 'NONE',  ( 11.19999999999999218, -6.466323014923809787, 1.200000000000005285 ) ) ;
#175 = ADVANCED_FACE ( 'NONE', ( #413 ), #1713, .T. ) ;
#176 = CARTESIAN_POINT ( 'NONE',  ( 11.19999999999999218, 6.466323014923808010, 1.200000000000006173 ) ) ;
#177 = VERTEX_POINT ( 'NONE', #333 ) ;
#178 = LINE ( 'NONE', #882, #689 ) ;
#179 = ORIENTED_EDGE ( 'NONE', *, *, #352, .T. ) ;
#180 = CARTESIAN_POINT ( 'NONE',  ( -8.699999999999999289, 6.870468203356542958, 1.500000000000000000 ) ) ;
#181 = ORIENTED_EDGE ( 'NONE', *, *, #1239, .T. ) ;
#182 = DIRECTION ( 'NONE',  ( 0.000000000000000000, 0.000000000000000000, -1.000000000000000000 ) ) ;
#183 = APPLICATION_CONTEXT ( 'automotive_design' ) ;
#184 = LINE ( 'NONE', #1344, #293 ) ;
#185 = ORIENTED_EDGE ( 'NONE', *, *, #1473, .F. ) ;
#186 = EDGE_CURVE ( 'NONE', #425, #1684, #1048, .T. ) ;
#187 = CIRCLE ( 'NONE', #96, 3.250000000000000444 ) ;
#188 = VECTOR ( 'NONE', #1362, 1000.000000000000000 ) ;
#189 = CIRCLE ( 'NONE', #1627, 2.099999999999999645 ) ;
#190 = CARTESIAN_POINT ( 'NONE',  ( 0.5000000000000081046, -12.64397089525280649, 1.200000000000003064 ) ) ;
#191 = AXIS2_PLACEMENT_3D ( 'NONE', #277, #418, #1442 ) ;
#192 = AXIS2_PLACEMENT_3D ( 'NONE', #1607, #141, #1886 ) ;
#193 = EDGE_LOOP ( 'NONE', ( #583, #854, #1891, #1825 ) ) ;
#194 = VECTOR ( 'NONE', #51, 999.9999999999998863 ) ;
#195 = DIRECTION ( 'NONE',  ( -0.3535533905932735643, -0.6123724356957941373, 0.7071067811865480168 ) ) ;
#196 = EDGE_CURVE ( 'NONE', #1580, #1005, #281, .T. ) ;
#197 = CONICAL_SURFACE ( 'NONE', #1045, 3.549999999999997602, 0.7853981633974469467 ) ;
#198 = CIRCLE ( 'NONE', #291, 2.099999999999999645 ) ;
#199 = CARTESIAN_POINT ( 'NONE',  ( -7.099999999999995204, -4.099186911246345488, 1.499999999999999556 ) ) ;
#200 = EDGE_LOOP ( 'NONE', ( #565, #1313, #1311, #1093 ) ) ;
#201 = EDGE_CURVE ( 'NONE', #126, #799, #123, .T. ) ;
#202 = ORIENTED_EDGE ( 'NONE', *, *, #1366, .F. ) ;
#203 = EDGE_CURVE ( 'NONE', #29, #1383, #327, .T. ) ;
#204 = DIRECTION ( 'NONE',  ( 0.000000000000000000, 0.000000000000000000, -1.000000000000000000 ) ) ;
#205 = DIRECTION ( 'NONE',  ( 2.917115725703222401E-16, -1.000000000000000000, 0.000000000000000000 ) ) ;
#206 = DIRECTION ( 'NONE',  ( 1.000000000000000000, 0.000000000000000000, 0.000000000000000000 ) ) ;
#207 = CARTESIAN_POINT ( 'NONE',  ( 0.000000000000000000, 0.000000000000000000, 36.00000000000000000 ) ) ;
#208 = ORIENTED_EDGE ( 'NONE', *, *, #400, .T. ) ;
#209 = CARTESIAN_POINT ( 'NONE',  ( 0.000000000000000000, 0.000000000000000000, 0.000000000000000000 ) ) ;
#210 = ORIENTED_EDGE ( 'NONE', *, *, #4, .T. ) ;
#211 = CARTESIAN_POINT ( 'NONE',  ( 1.600000000000007638, -10.96965511460289200, 5.700000000000004619 ) ) ;
#212 = ORIENTED_EDGE ( 'NONE', *, *, #361, .T. ) ;
#213 = ADVANCED_FACE ( 'NONE', ( #1474 ), #1441, .F. ) ;
#214 = VERTEX_POINT ( 'NONE', #309 ) ;
#215 = DIRECTION ( 'NONE',  ( -0.000000000000000000, -0.000000000000000000, -1.000000000000000000 ) ) ;
#216 = DIRECTION ( 'NONE',  ( 0.000000000000000000, 0.000000000000000000, 1.000000000000000000 ) ) ;
#217 = ORIENTED_EDGE ( 'NONE', *, *, #161, .T. ) ;
#218 = CARTESIAN_POINT ( 'NONE',  ( -10.29999999999999893, 4.099186911246341047, 5.700000000000004619 ) ) ;
#219 = ORIENTED_EDGE ( 'NONE', *, *, #1613, .F. ) ;
#220 = CARTESIAN_POINT ( 'NONE',  ( -11.19999999999999396, 5.888972745734178282, 0.000000000000000000 ) ) ;
#221 = EDGE_LOOP ( 'NONE', ( #918, #173, #658, #1789, #552, #1859 ) ) ;
#222 = ORIENTED_EDGE ( 'NONE', *, *, #48, .F. ) ;
#223 = DIRECTION ( 'NONE',  ( -0.000000000000000000, -0.000000000000000000, -1.000000000000000000 ) ) ;
#224 = EDGE_CURVE ( 'NONE', #643, #517, #730, .T. ) ;
#225 = VECTOR ( 'NONE', #1680, 1000.000000000000000 ) ;
#226 = VECTOR ( 'NONE', #147, 1000.000000000000227 ) ;
#227 = FACE_OUTER_BOUND ( 'NONE', #1126, .T. ) ;
#228 = ORIENTED_EDGE ( 'NONE', *, *, #54, .T. ) ;
#229 = CIRCLE ( 'NONE', #1293, 5.049999999999999822 ) ;
#230 = VECTOR ( 'NONE', #483, 1000.000000000000000 ) ;
#231 = LINE ( 'NONE', #522, #589 ) ;
#232 = VERTEX_POINT ( 'NONE', #158 ) ;
#233 = FACE_OUTER_BOUND ( 'NONE', #1057, .T. ) ;
#234 = ADVANCED_FACE ( 'NONE', ( #23 ), #1172, .T. ) ;
#235 =( GEOMETRIC_REPRESENTATION_CONTEXT ( 3 ) GLOBAL_UNCERTAINTY_ASSIGNED_CONTEXT ( ( #1169 ) ) GLOBAL_UNIT_ASSIGNED_CONTEXT ( ( #1492, #1217, #1762 ) ) REPRESENTATION_CONTEXT ( 'NONE', 'WORKASPACE' ) );
#236 = ORIENTED_EDGE ( 'NONE', *, *, #1671, .T. ) ;
#237 = LINE ( 'NONE', #85, #916 ) ;
#238 = PLANE ( 'NONE',  #1448 ) ;
#239 = CARTESIAN_POINT ( 'NONE',  ( 0.1500000000000044909, -12.67283840871229295, 1.500000000000000000 ) ) ;
#240 = CARTESIAN_POINT ( 'NONE',  ( -7.049999999999999822, 0.000000000000000000, 6.000000000000000000 ) ) ;
#241 = ADVANCED_FACE ( 'NONE', ( #907 ), #1503, .T. ) ;
#242 = ORIENTED_EDGE ( 'NONE', *, *, #1033, .T. ) ;
#243 = CYLINDRICAL_SURFACE ( 'NONE', #1594, 3.200000000000000178 ) ;
#244 = EDGE_LOOP ( 'NONE', ( #1618, #819, #1561, #746, #1662 ) ) ;
#245 = LINE ( 'NONE', #848, #688 ) ;
#246 = LINE ( 'NONE', #785, #1011 ) ;
#247 = CARTESIAN_POINT ( 'NONE',  ( 6.552495091655121661E-15, -12.58623586833385133, 1.500000000000000000 ) ) ;
#248 = LINE ( 'NONE', #82, #1142 ) ;
#249 = ORIENTED_EDGE ( 'NONE', *, *, #1638, .T. ) ;
#250 = EDGE_CURVE ( 'NONE', #351, #1734, #776, .T. ) ;
#251 = CARTESIAN_POINT ( 'NONE',  ( -0.5000000000000073275, 12.64397089525280293, 1.500000000000000000 ) ) ;
#252 = DIRECTION ( 'NONE',  ( -0.000000000000000000, -0.000000000000000000, 1.000000000000000000 ) ) ;
#253 = CARTESIAN_POINT ( 'NONE',  ( 7.099999999999993427, 4.099186911246341936, 5.700000000000004619 ) ) ;
#254 = CARTESIAN_POINT ( 'NONE',  ( 11.19999999999999218, -5.888972745734185388, 1.200000000000005285 ) ) ;
#255 = VECTOR ( 'NONE', #1790, 1000.000000000000000 ) ;
#256 = DIRECTION ( 'NONE',  ( -0.000000000000000000, -0.000000000000000000, 1.000000000000000000 ) ) ;
#257 = ORIENTED_EDGE ( 'NONE', *, *, #124, .T. ) ;
#258 = CIRCLE ( 'NONE', #499, 4.099999999999999645 ) ;
#259 = EDGE_CURVE ( 'NONE', #1188, #893, #1035, .T. ) ;
#260 = VERTEX_POINT ( 'NONE', #180 ) ;
#261 = CONICAL_SURFACE ( 'NONE', #621, 3.312435565298239570, 1.047197551196600962 ) ;
#262 = CARTESIAN_POINT ( 'NONE',  ( -3.250000000000000444, 0.000000000000000000, 17.03604719043194748 ) ) ;
#263 = CARTESIAN_POINT ( 'NONE',  ( 6.993104012531503599E-15, -12.93264602984762135, 1.500000000000000000 ) ) ;
#264 = PRODUCT_DEFINITION_FORMATION_WITH_SPECIFIED_SOURCE ( 'ANY', '', #1396, .NOT_KNOWN. ) ;
#265 = CARTESIAN_POINT ( 'NONE',  ( -10.29999999999999538, -4.099186911246346376, 1.500000000000000000 ) ) ;
#266 = LINE ( 'NONE', #1450, #837 ) ;
#267 = CARTESIAN_POINT ( 'NONE',  ( 6.938893903907228378E-15, -11.77794549146836900, 0.000000000000000000 ) ) ;
#268 = ORIENTED_EDGE ( 'NONE', *, *, #630, .T. ) ;
#269 = CARTESIAN_POINT ( 'NONE',  ( 3.250000000000000444, 3.980102097228898231E-16, 17.03604719043194748 ) ) ;
#270 = EDGE_LOOP ( 'NONE', ( #1332, #1802, #481, #1119 ) ) ;
#271 = LINE ( 'NONE', #991, #341 ) ;
#272 = DIRECTION ( 'NONE',  ( -4.375673588554832862E-16, 1.000000000000000000, 0.000000000000000000 ) ) ;
#273 = EDGE_CURVE ( 'NONE', #961, #15, #1464, .T. ) ;
#274 = CARTESIAN_POINT ( 'NONE',  ( -3.549999999999997602, 0.000000000000000000, 0.000000000000000000 ) ) ;
#275 = CARTESIAN_POINT ( 'NONE',  ( 8.550000000000002487, -6.610660582221219883, 6.000000000000000000 ) ) ;
#276 = VERTEX_POINT ( 'NONE', #1063 ) ;
#277 = CARTESIAN_POINT ( 'NONE',  ( -10.19999999999999396, -5.888972745734185388, 1.500000000000000000 ) ) ;
#278 = EDGE_LOOP ( 'NONE', ( #1877, #373, #1811, #75 ) ) ;
#279 = CARTESIAN_POINT ( 'NONE',  ( 7.099999999999997868, -4.099186911246342824, 1.499999999999999556 ) ) ;
#280 = LINE ( 'NONE', #574, #747 ) ;
#281 = CIRCLE ( 'NONE', #1255, 2.900000000000005684 ) ;
#282 = EDGE_CURVE ( 'NONE', #331, #844, #619, .T. ) ;
#283 = CARTESIAN_POINT ( 'NONE',  ( -0.4999999999999932832, -12.64397089525280826, 0.000000000000000000 ) ) ;
#284 = CARTESIAN_POINT ( 'NONE',  ( 10.69999999999999396, -6.754998149518621986, 1.200000000000003064 ) ) ;
#285 = VECTOR ( 'NONE', #1414, 1000.000000000000000 ) ;
#286 = CIRCLE ( 'NONE', #1319, 3.250000000000000444 ) ;
#287 = EDGE_LOOP ( 'NONE', ( #1519, #1062, #810, #167 ) ) ;
#288 = VECTOR ( 'NONE', #505, 1000.000000000000000 ) ;
#289 = EDGE_CURVE ( 'NONE', #56, #622, #31, .T. ) ;
#290 = DIRECTION ( 'NONE',  ( -1.000000000000000000, 0.000000000000000000, 0.000000000000000000 ) ) ;
#291 = AXIS2_PLACEMENT_3D ( 'NONE', #1155, #20, #1733 ) ;
#292 = CARTESIAN_POINT ( 'NONE',  ( -10.69999999999999396, 6.754998149518619321, 1.500000000000000000 ) ) ;
#293 = VECTOR ( 'NONE', #1187, 1000.000000000000114 ) ;
#294 = CARTESIAN_POINT ( 'NONE',  ( 3.549999999999997602, 4.347496136973100915E-16, 0.000000000000000000 ) ) ;
#295 = DIRECTION ( 'NONE',  ( 0.000000000000000000, 0.000000000000000000, -1.000000000000000000 ) ) ;
#296 = ORIENTED_EDGE ( 'NONE', *, *, #659, .F. ) ;
#297 = EDGE_CURVE ( 'NONE', #1741, #961, #1205, .T. ) ;
#298 = LINE ( 'NONE', #1461, #226 ) ;
#299 = VERTEX_POINT ( 'NONE', #1777 ) ;
#300 = DIRECTION ( 'NONE',  ( 0.5000000000000001110, 0.8660254037844387076, -0.000000000000000000 ) ) ;
#301 = FACE_OUTER_BOUND ( 'NONE', #1369, .T. ) ;
#302 = ORIENTED_EDGE ( 'NONE', *, *, #87, .T. ) ;
#303 =( NAMED_UNIT ( * ) PLANE_ANGLE_UNIT ( ) SI_UNIT ( $, .RADIAN. ) );
#304 = DIRECTION ( 'NONE',  ( 0.8660254037844403729, 1.060575238724908887E-16, -0.4999999999999971134 ) ) ;
#305 = ORIENTED_EDGE ( 'NONE', *, *, #388, .F. ) ;
#306 = ADVANCED_FACE ( 'NONE', ( #149 ), #446, .T. ) ;
#307 = LINE ( 'NONE', #1189, #831 ) ;
#308 = VERTEX_POINT ( 'NONE', #1056 ) ;
#309 = CARTESIAN_POINT ( 'NONE',  ( 10.00000000000000178, -4.099186911246341047, 6.000000000000000000 ) ) ;
#310 = DIRECTION ( 'NONE',  ( 0.000000000000000000, 0.000000000000000000, -1.000000000000000000 ) ) ;
#311 = ORIENTED_EDGE ( 'NONE', *, *, #817, .F. ) ;
#312 = DIRECTION ( 'NONE',  ( 0.000000000000000000, 0.000000000000000000, -1.000000000000000000 ) ) ;
#313 = EDGE_CURVE ( 'NONE', #1639, #1679, #1314, .T. ) ;
#314 = DIRECTION ( 'NONE',  ( -0.8660254037844385966, 0.5000000000000002220, 0.000000000000000000 ) ) ;
#315 = ORIENTED_EDGE ( 'NONE', *, *, #1409, .T. ) ;
#316 = CARTESIAN_POINT ( 'NONE',  ( -2.099999999999999645, 0.000000000000000000, 33.99999999999999289 ) ) ;
#317 = AXIS2_PLACEMENT_3D ( 'NONE', #1130, #1707, #1687 ) ;
#318 = DIRECTION ( 'NONE',  ( -1.000000000000000000, 0.000000000000000000, 0.000000000000000000 ) ) ;
#319 = EDGE_CURVE ( 'NONE', #126, #1667, #1623, .T. ) ;
#320 = VECTOR ( 'NONE', #1872, 1000.000000000000000 ) ;
#321 = EDGE_LOOP ( 'NONE', ( #1351, #506, #989, #1392, #1867 ) ) ;
#322 = CARTESIAN_POINT ( 'NONE',  ( 1.450000000000001288, 10.70984749346756004, 6.000000000000000000 ) ) ;
#323 = APPLICATION_CONTEXT ( 'automotive_design' ) ;
#324 = CARTESIAN_POINT ( 'NONE',  ( -8.550000000000000711, 6.610660582221218995, 6.000000000000000000 ) ) ;
#325 = ORIENTED_EDGE ( 'NONE', *, *, #767, .F. ) ;
#326 = LINE ( 'NONE', #156, #1538 ) ;
#327 = LINE ( 'NONE', #885, #977 ) ;
#328 = ORIENTED_EDGE ( 'NONE', *, *, #1568, .F. ) ;
#329 = DIRECTION ( 'NONE',  ( 2.917115725703222401E-16, -1.000000000000000000, 0.000000000000000000 ) ) ;
#330 = DIRECTION ( 'NONE',  ( -0.000000000000000000, -0.000000000000000000, -1.000000000000000000 ) ) ;
#331 = VERTEX_POINT ( 'NONE', #673 ) ;
#332 = DIRECTION ( 'NONE',  ( -0.8660254037844385966, 0.5000000000000001110, 0.000000000000000000 ) ) ;
#333 = CARTESIAN_POINT ( 'NONE',  ( -10.69999999999999396, -6.754998149518624651, 1.200000000000005285 ) ) ;
#334 = ORIENTED_EDGE ( 'NONE', *, *, #605, .T. ) ;
#335 = DIRECTION ( 'NONE',  ( -1.000000000000000000, 0.000000000000000000, 0.000000000000000000 ) ) ;
#336 = FACE_OUTER_BOUND ( 'NONE', #1179, .T. ) ;
#337 = ADVANCED_FACE ( 'NONE', ( #538, #1513 ), #791, .F. ) ;
#338 = DIRECTION ( 'NONE',  ( -0.000000000000000000, -0.000000000000000000, 1.000000000000000000 ) ) ;
#339 = ORIENTED_EDGE ( 'NONE', *, *, #1001, .T. ) ;
#340 = EDGE_CURVE ( 'NONE', #1529, #62, #1250, .T. ) ;
#341 = VECTOR ( 'NONE', #1869, 1000.000000000000114 ) ;
#342 = DIRECTION ( 'NONE',  ( 0.000000000000000000, -1.000000000000000000, 0.000000000000000000 ) ) ;
#343 = AXIS2_PLACEMENT_3D ( 'NONE', #1372, #823, #59 ) ;
#344 = CYLINDRICAL_SURFACE ( 'NONE', #42, 2.099999999999999645 ) ;
#345 = AXIS2_PLACEMENT_3D ( 'NONE', #750, #878, #24 ) ;
#346 = VECTOR ( 'NONE', #732, 1000.000000000000114 ) ;
#347 = CARTESIAN_POINT ( 'NONE',  ( 10.69999999999999396, 6.754998149518620210, 1.200000000000006173 ) ) ;
#348 = ORIENTED_EDGE ( 'NONE', *, *, #1615, .F. ) ;
#349 = VECTOR ( 'NONE', #1715, 1000.000000000000000 ) ;
#350 = DIRECTION ( 'NONE',  ( -1.000000000000000000, 0.000000000000000000, 0.000000000000000000 ) ) ;
#351 = VERTEX_POINT ( 'NONE', #211 ) ;
#352 = EDGE_CURVE ( 'NONE', #739, #1621, #1109, .T. ) ;
#353 = FACE_OUTER_BOUND ( 'NONE', #1692, .T. ) ;
#354 = ORIENTED_EDGE ( 'NONE', *, *, #960, .F. ) ;
#355 = ORIENTED_EDGE ( 'NONE', *, *, #1218, .T. ) ;
#356 = FACE_OUTER_BOUND ( 'NONE', #1532, .T. ) ;
#357 = DIRECTION ( 'NONE',  ( 0.000000000000000000, 0.000000000000000000, -1.000000000000000000 ) ) ;
#358 = VERTEX_POINT ( 'NONE', #1530 ) ;
#359 = CARTESIAN_POINT ( 'NONE',  ( -10.29999999999999538, -4.099186911246346376, 6.000000000000000000 ) ) ;
#360 = EDGE_LOOP ( 'NONE', ( #1531, #1830, #1406, #325 ) ) ;
#361 = EDGE_CURVE ( 'NONE', #914, #299, #507, .T. ) ;
#362 = CARTESIAN_POINT ( 'NONE',  ( 10.29999999999999361, 5.946707772653144097, 5.700000000000004619 ) ) ;
#363 = ORIENTED_EDGE ( 'NONE', *, *, #1547, .T. ) ;
#364 = CARTESIAN_POINT ( 'NONE',  ( -0.5000000000000091038, 12.64397089525279938, 0.000000000000000000 ) ) ;
#365 = DIRECTION ( 'NONE',  ( 1.000000000000000000, 0.000000000000000000, 0.000000000000000000 ) ) ;
#366 = ORIENTED_EDGE ( 'NONE', *, *, #196, .T. ) ;
#367 = ADVANCED_FACE ( 'NONE', ( #353 ), #1378, .T. ) ;
#368 = DIRECTION ( 'NONE',  ( 0.000000000000000000, 0.000000000000000000, -1.000000000000000000 ) ) ;
#369 = ORIENTED_EDGE ( 'NONE', *, *, #817, .T. ) ;
#370 = PRODUCT_DEFINITION_SHAPE ( 'NONE', 'NONE',  #383 ) ;
#371 = DIRECTION ( 'NONE',  ( 0.000000000000000000, 0.000000000000000000, 1.000000000000000000 ) ) ;
#372 = ORIENTED_EDGE ( 'NONE', *, *, #486, .F. ) ;
#373 = ORIENTED_EDGE ( 'NONE', *, *, #273, .F. ) ;
#374 = DIRECTION ( 'NONE',  ( 0.000000000000000000, 0.000000000000000000, -1.000000000000000000 ) ) ;
#375 = VECTOR ( 'NONE', #110, 1000.000000000000000 ) ;
#376 = ADVANCED_FACE ( 'NONE', ( #1087 ), #682, .T. ) ;
#377 = AXIS2_PLACEMENT_3D ( 'NONE', #1640, #1320, #779 ) ;
#378 = DIRECTION ( 'NONE',  ( -0.000000000000000000, -0.000000000000000000, 1.000000000000000000 ) ) ;
#379 = VECTOR ( 'NONE', #886, 1000.000000000000000 ) ;
#380 = AXIS2_PLACEMENT_3D ( 'NONE', #145, #561, #1178 ) ;
#381 = DIRECTION ( 'NONE',  ( 0.3535533905932722876, -0.6123724356957952475, 0.7071067811865476838 ) ) ;
#382 = EDGE_LOOP ( 'NONE', ( #933, #1095, #1543, #1559 ) ) ;
#383 = PRODUCT_DEFINITION ( 'UNKNOWN', '', #264, #1269 ) ;
#384 = AXIS2_PLACEMENT_3D ( 'NONE', #1676, #816, #1401 ) ;
#385 = DIRECTION ( 'NONE',  ( -0.000000000000000000, -0.000000000000000000, 1.000000000000000000 ) ) ;
#386 = CARTESIAN_POINT ( 'NONE',  ( -2.099999999999999645, 0.000000000000000000, 36.00000000000000000 ) ) ;
#387 = DIRECTION ( 'NONE',  ( 0.000000000000000000, 1.000000000000000000, 0.000000000000000000 ) ) ;
#388 = EDGE_CURVE ( 'NONE', #577, #1360, #189, .T. ) ;
#389 = CARTESIAN_POINT ( 'NONE',  ( -3.549999999999997602, 0.000000000000000000, 0.000000000000000000 ) ) ;
#390 = CARTESIAN_POINT ( 'NONE',  ( 2.099999999999999645, 2.571758278209440971E-16, 17.70000000000000995 ) ) ;
#391 = ORIENTED_EDGE ( 'NONE', *, *, #400, .F. ) ;
#392 = CYLINDRICAL_SURFACE ( 'NONE', #1689, 4.099999999999999645 ) ;
#393 = ORIENTED_EDGE ( 'NONE', *, *, #1460, .F. ) ;
#394 = DIRECTION ( 'NONE',  ( -0.8660254037844382635, -0.5000000000000006661, 0.000000000000000000 ) ) ;
#395 = LINE ( 'NONE', #1430, #744 ) ;
#396 = CARTESIAN_POINT ( 'NONE',  ( 11.19999999999999218, -5.888972745734185388, 1.200000000000005285 ) ) ;
#397 = EDGE_CURVE ( 'NONE', #1248, #260, #584, .T. ) ;
#398 = FACE_OUTER_BOUND ( 'NONE', #1215, .T. ) ;
#399 = VERTEX_POINT ( 'NONE', #220 ) ;
#400 = EDGE_CURVE ( 'NONE', #491, #1681, #648, .T. ) ;
#401 = EDGE_LOOP ( 'NONE', ( #1015, #571, #1085, #1389 ) ) ;
#402 = CARTESIAN_POINT ( 'NONE',  ( 2.099999999999999645, 2.571758278209440971E-16, 36.00000000000000000 ) ) ;
#403 = DIRECTION ( 'NONE',  ( -0.5000000000000004441, 0.8660254037844384856, 0.000000000000000000 ) ) ;
#404 = DIRECTION ( 'NONE',  ( -0.7071067811865465735, 0.000000000000000000, -0.7071067811865485719 ) ) ;
#405 = AXIS2_PLACEMENT_3D ( 'NONE', #815, #182, #1365 ) ;
#406 = VECTOR ( 'NONE', #1341, 1000.000000000000000 ) ;
#407 = CYLINDRICAL_SURFACE ( 'NONE', #1817, 1.000000000000000888 ) ;
#408 = ORIENTED_EDGE ( 'NONE', *, *, #1624, .F. ) ;
#409 = EDGE_CURVE ( 'NONE', #914, #733, #1521, .T. ) ;
#410 = CARTESIAN_POINT ( 'NONE',  ( 11.19999999999999218, 5.888972745734180059, 1.200000000000005285 ) ) ;
#411 = ORIENTED_EDGE ( 'NONE', *, *, #1226, .T. ) ;
#412 = AXIS2_PLACEMENT_3D ( 'NONE', #107, #378, #936 ) ;
#413 = FACE_OUTER_BOUND ( 'NONE', #1663, .T. ) ;
#414 = DIRECTION ( 'NONE',  ( -0.8660254037844387076, 0.5000000000000001110, 0.000000000000000000 ) ) ;
#415 =( LENGTH_UNIT ( ) NAMED_UNIT ( * ) SI_UNIT ( .MILLI., .METRE. ) );
#416 = CARTESIAN_POINT ( 'NONE',  ( 0.000000000000000000, 0.000000000000000000, 17.00000000000000000 ) ) ;
#417 = ORIENTED_EDGE ( 'NONE', *, *, #1753, .F. ) ;
#418 = DIRECTION ( 'NONE',  ( 0.000000000000000000, 0.000000000000000000, -1.000000000000000000 ) ) ;
#419 = VERTEX_POINT ( 'NONE', #664 ) ;
#420 = EDGE_CURVE ( 'NONE', #1157, #331, #127, .T. ) ;
#421 = LINE ( 'NONE', #402, #857 ) ;
#422 = CARTESIAN_POINT ( 'NONE',  ( -9.287080653119783275E-15, 12.58623586833384955, 1.500000000000000000 ) ) ;
#423 = CARTESIAN_POINT ( 'NONE',  ( 10.29999999999999893, -5.946707772653144097, 5.700000000000004619 ) ) ;
#424 = LINE ( 'NONE', #1014, #1325 ) ;
#425 = VERTEX_POINT ( 'NONE', #949 ) ;
#426 = ORIENTED_EDGE ( 'NONE', *, *, #1381, .F. ) ;
#427 = PLANE ( 'NONE',  #1411 ) ;
#428 = DIRECTION ( 'NONE',  ( 1.000000000000000000, 0.000000000000000000, 0.000000000000000000 ) ) ;
#429 = ADVANCED_FACE ( 'NONE', ( #233 ), #1444, .T. ) ;
#430 = DIRECTION ( 'NONE',  ( 0.8660254037844382635, 0.5000000000000005551, 0.000000000000000000 ) ) ;
#431 = DIRECTION ( 'NONE',  ( -0.3535533905932753962, 0.6123724356957968018, 0.7071067811865447972 ) ) ;
#432 = AXIS2_PLACEMENT_3D ( 'NONE', #437, #300, #105 ) ;
#433 = AXIS2_PLACEMENT_3D ( 'NONE', #1757, #22, #906 ) ;
#434 = CARTESIAN_POINT ( 'NONE',  ( 10.69999999999999396, 6.754998149518620210, 1.200000000000006173 ) ) ;
#435 = ORIENTED_EDGE ( 'NONE', *, *, #58, .T. ) ;
#436 = CONICAL_SURFACE ( 'NONE', #560, 2.900000000000004796, 0.7853981633974468357 ) ;
#437 = CARTESIAN_POINT ( 'NONE',  ( -5.258380536554696505E-15, 12.93264602984761602, 1.500000000000000000 ) ) ;
#438 = VECTOR ( 'NONE', #917, 1000.000000000000000 ) ;
#439 = DIRECTION ( 'NONE',  ( -9.147821957268414553E-15, -0.7559289460184531739, 0.6546536707079786410 ) ) ;
#440 = CIRCLE ( 'NONE', #412, 2.900000000000004796 ) ;
#441 = FILL_AREA_STYLE ('',( #1724 ) ) ;
#442 = EDGE_CURVE ( 'NONE', #1383, #517, #525, .T. ) ;
#443 = CARTESIAN_POINT ( 'NONE',  ( 7.099999999999993427, 4.099186911246341936, 6.000000000000000000 ) ) ;
#444 = ORIENTED_EDGE ( 'NONE', *, *, #1413, .F. ) ;
#445 = CARTESIAN_POINT ( 'NONE',  ( 11.19999999999999218, 6.466323014923808010, 1.200000000000005285 ) ) ;
#446 = CYLINDRICAL_SURFACE ( 'NONE', #683, 5.049999999999999822 ) ;
#447 = CARTESIAN_POINT ( 'NONE',  ( 8.549999999999995381, 6.610660582221218995, 6.000000000000000000 ) ) ;
#448 = VERTEX_POINT ( 'NONE', #1803 ) ;
#449 = DIRECTION ( 'NONE',  ( 0.8660254037844385966, -0.5000000000000000000, 0.000000000000000000 ) ) ;
#450 = PLANE ( 'NONE',  #1486 ) ;
#451 = DIRECTION ( 'NONE',  ( 0.000000000000000000, 0.000000000000000000, -1.000000000000000000 ) ) ;
#452 = ORIENTED_EDGE ( 'NONE', *, *, #397, .F. ) ;
#453 = EDGE_CURVE ( 'NONE', #493, #1298, #466, .T. ) ;
#454 = DIRECTION ( 'NONE',  ( -0.6546536707079768647, -0.3779644730092280303, -0.6546536707079768647 ) ) ;
#455 = ORIENTED_EDGE ( 'NONE', *, *, #1025, .F. ) ;
#456 = ADVANCED_FACE ( 'NONE', ( #1552 ), #243, .T. ) ;
#457 = DIRECTION ( 'NONE',  ( -1.000000000000000000, 0.000000000000000000, 0.000000000000000000 ) ) ;
#458 = CARTESIAN_POINT ( 'NONE',  ( 10.29999999999999361, 4.099186911246343712, 5.700000000000004619 ) ) ;
#459 = ORIENTED_EDGE ( 'NONE', *, *, #1404, .T. ) ;
#460 =( BOUNDED_CURVE ( )  B_SPLINE_CURVE ( 3, ( #1575, #825, #1400, #1267 ),
 .UNSPECIFIED., .F., .F. ) 
 B_SPLINE_CURVE_WITH_KNOTS ( ( 4, 4 ),
 ( 6.288372600415919406E-15, 0.5235987755982995928 ),
 .UNSPECIFIED. ) 
 CURVE ( )  GEOMETRIC_REPRESENTATION_ITEM ( )  RATIONAL_B_SPLINE_CURVE ( ( 1.000000000000000000, 0.9772838841927127262, 0.9772838841927127262, 1.000000000000000000 ) ) 
 REPRESENTATION_ITEM ( '' )  );
#461 = DIRECTION ( 'NONE',  ( 0.000000000000000000, 0.000000000000000000, -1.000000000000000000 ) ) ;
#462 = PRODUCT_CONTEXT ( 'NONE', #323, 'mechanical' ) ;
#463 = LINE ( 'NONE', #176, #103 ) ;
#464 = ORIENTED_EDGE ( 'NONE', *, *, #1703, .T. ) ;
#465 = DIRECTION ( 'NONE',  ( 0.3535533905932751186, 0.6123724356957966908, 0.7071067811865449082 ) ) ;
#466 = CIRCLE ( 'NONE', #617, 4.099999999999999645 ) ;
#467 = ORIENTED_EDGE ( 'NONE', *, *, #1624, .T. ) ;
#468 = CIRCLE ( 'NONE', #317, 2.900000000000005240 ) ;
#469 = ADVANCED_FACE ( 'NONE', ( #570 ), #392, .T. ) ;
#470 = CARTESIAN_POINT ( 'NONE',  ( 0.000000000000000000, 0.000000000000000000, 19.00000000000000000 ) ) ;
#471 = CIRCLE ( 'NONE', #1231, 7.049999999999999822 ) ;
#472 = VECTOR ( 'NONE', #451, 1000.000000000000000 ) ;
#473 = ORIENTED_EDGE ( 'NONE', *, *, #273, .T. ) ;
#474 = DIRECTION ( 'NONE',  ( 0.000000000000000000, 0.000000000000000000, -1.000000000000000000 ) ) ;
#475 = DIRECTION ( 'NONE',  ( 0.000000000000000000, 0.000000000000000000, -1.000000000000000000 ) ) ;
#476 = ORIENTED_EDGE ( 'NONE', *, *, #630, .F. ) ;
#477 = CARTESIAN_POINT ( 'NONE',  ( 10.85290259849600680, 6.666719793117152904, 1.200000000000005507 ) ) ;
#478 = EDGE_LOOP ( 'NONE', ( #760, #1645, #1593, #355 ) ) ;
#479 = DIRECTION ( 'NONE',  ( -0.000000000000000000, -0.000000000000000000, 1.000000000000000000 ) ) ;
#480 = EDGE_CURVE ( 'NONE', #844, #493, #968, .T. ) ;
#481 = ORIENTED_EDGE ( 'NONE', *, *, #409, .F. ) ;
#482 = DIRECTION ( 'NONE',  ( 0.000000000000000000, 0.000000000000000000, 1.000000000000000000 ) ) ;
#483 = DIRECTION ( 'NONE',  ( -0.3420201433256649937, 0.000000000000000000, -0.9396926207859097602 ) ) ;
#484 = ORIENTED_EDGE ( 'NONE', *, *, #1843, .T. ) ;
#485 = UNCERTAINTY_MEASURE_WITH_UNIT (LENGTH_MEASURE( 1.000000000000000082E-05 ), #415, 'distance_accuracy_value', 'NONE');
#486 = EDGE_CURVE ( 'NONE', #1261, #1241, #39, .T. ) ;
#487 = DIRECTION ( 'NONE',  ( -0.8660254037844385966, 0.4999999999999999445, 0.000000000000000000 ) ) ;
#488 = ORIENTED_EDGE ( 'NONE', *, *, #1151, .T. ) ;
#489 = EDGE_CURVE ( 'NONE', #425, #1639, #662, .T. ) ;
#490 = CARTESIAN_POINT ( 'NONE',  ( -4.099999999999999645, 0.000000000000000000, 21.74747741945470736 ) ) ;
#491 = VERTEX_POINT ( 'NONE', #988 ) ;
#492 = CARTESIAN_POINT ( 'NONE',  ( 8.699999999999999289, -6.870468203356546510, 6.000000000000000000 ) ) ;
#493 = VERTEX_POINT ( 'NONE', #1727 ) ;
#494 = CARTESIAN_POINT ( 'NONE',  ( -1.600000000000000977, 10.96965511460288845, 5.700000000000004619 ) ) ;
#495 = ORIENTED_EDGE ( 'NONE', *, *, #1808, .F. ) ;
#496 = CIRCLE ( 'NONE', #157, 5.049999999999999822 ) ;
#497 = EDGE_LOOP ( 'NONE', ( #852, #315, #1612, #435 ) ) ;
#498 = DIRECTION ( 'NONE',  ( 0.5000000000000001110, 0.8660254037844385966, -0.000000000000000000 ) ) ;
#499 = AXIS2_PLACEMENT_3D ( 'NONE', #698, #1588, #428 ) ;
#500 = CIRCLE ( 'NONE', #1694, 3.200000000000000178 ) ;
#501 = CARTESIAN_POINT ( 'NONE',  ( -11.19999999999999396, 6.065529458537115559, 1.200000000000005951 ) ) ;
#502 = ORIENTED_EDGE ( 'NONE', *, *, #1025, .T. ) ;
#503 = EDGE_CURVE ( 'NONE', #636, #875, #1579, .T. ) ;
#504 = CIRCLE ( 'NONE', #1820, 3.549999999999997602 ) ;
#505 = DIRECTION ( 'NONE',  ( -0.000000000000000000, -0.000000000000000000, 1.000000000000000000 ) ) ;
#506 = ORIENTED_EDGE ( 'NONE', *, *, #1020, .F. ) ;
#507 = LINE ( 'NONE', #57, #1287 ) ;
#508 = ORIENTED_EDGE ( 'NONE', *, *, #54, .F. ) ;
#509 = DIRECTION ( 'NONE',  ( -0.8660254037844385966, 0.5000000000000001110, 0.000000000000000000 ) ) ;
#510 = CARTESIAN_POINT ( 'NONE',  ( -6.938893903907228378E-15, 11.77794549146836367, 1.500000000000000000 ) ) ;
#511 = CARTESIAN_POINT ( 'NONE',  ( 11.19999999999999396, -6.065529458537118224, 1.200000000000004174 ) ) ;
#512 = ORIENTED_EDGE ( 'NONE', *, *, #1086, .T. ) ;
#513 = FACE_OUTER_BOUND ( 'NONE', #278, .T. ) ;
#514 = VERTEX_POINT ( 'NONE', #269 ) ;
#515 = ADVANCED_FACE ( 'NONE', ( #846 ), #696, .T. ) ;
#516 = DIRECTION ( 'NONE',  ( -0.5000000000000000000, -0.8660254037844387076, 0.000000000000000000 ) ) ;
#517 = VERTEX_POINT ( 'NONE', #101 ) ;
#518 = ORIENTED_EDGE ( 'NONE', *, *, #1753, .T. ) ;
#519 = DIRECTION ( 'NONE',  ( -0.000000000000000000, -0.000000000000000000, -1.000000000000000000 ) ) ;
#520 = LINE ( 'NONE', #1115, #624 ) ;
#521 = ORIENTED_EDGE ( 'NONE', *, *, #1638, .F. ) ;
#522 = CARTESIAN_POINT ( 'NONE',  ( -1.600000000000001421, 10.96965511460289022, 5.700000000000004619 ) ) ;
#523 = ORIENTED_EDGE ( 'NONE', *, *, #1469, .F. ) ;
#524 = VECTOR ( 'NONE', #962, 1000.000000000000000 ) ;
#525 = LINE ( 'NONE', #1223, #1317 ) ;
#526 = EDGE_LOOP ( 'NONE', ( #217, #202, #1628, #1726 ) ) ;
#527 = EDGE_CURVE ( 'NONE', #1639, #1522, #1453, .T. ) ;
#528 = VERTEX_POINT ( 'NONE', #1858 ) ;
#529 = DIRECTION ( 'NONE',  ( 0.000000000000000000, 0.000000000000000000, -1.000000000000000000 ) ) ;
#530 = AXIS2_PLACEMENT_3D ( 'NONE', #174, #1479, #164 ) ;
#531 = CARTESIAN_POINT ( 'NONE',  ( 10.89999999999999858, 6.293117934166923000, 1.500000000000000000 ) ) ;
#532 = AXIS2_PLACEMENT_3D ( 'NONE', #1072, #310, #1845 ) ;
#533 = AXIS2_PLACEMENT_3D ( 'NONE', #443, #1023, #1470 ) ;
#534 = CARTESIAN_POINT ( 'NONE',  ( 10.69999999999999218, 6.754998149518621098, 0.000000000000000000 ) ) ;
#535 = ORIENTED_EDGE ( 'NONE', *, *, #1665, .F. ) ;
#536 = EDGE_CURVE ( 'NONE', #1734, #1741, #1009, .T. ) ;
#537 = VECTOR ( 'NONE', #1431, 1000.000000000000000 ) ;
#538 = FACE_BOUND ( 'NONE', #1821, .T. ) ;
#539 = VERTEX_POINT ( 'NONE', #874 ) ;
#540 = ORIENTED_EDGE ( 'NONE', *, *, #480, .T. ) ;
#541 = DIRECTION ( 'NONE',  ( 0.000000000000000000, 0.000000000000000000, -1.000000000000000000 ) ) ;
#542 = DIRECTION ( 'NONE',  ( -0.000000000000000000, -1.000000000000000000, -0.000000000000000000 ) ) ;
#543 = ADVANCED_FACE ( 'NONE', ( #1643 ), #1326, .T. ) ;
#544 = DIRECTION ( 'NONE',  ( 0.000000000000000000, 1.000000000000000000, 0.000000000000000000 ) ) ;
#545 = LINE ( 'NONE', #1116, #1847 ) ;
#546 = ORIENTED_EDGE ( 'NONE', *, *, #536, .T. ) ;
#547 = CARTESIAN_POINT ( 'NONE',  ( -7.099999999999997868, 4.099186911246341936, 6.000000000000000000 ) ) ;
#548 = CARTESIAN_POINT ( 'NONE',  ( -0.5000000000000068834, 12.64397089525280293, 1.200000000000005285 ) ) ;
#549 = CYLINDRICAL_SURFACE ( 'NONE', #1655, 1.000000000000000000 ) ;
#550 = LINE ( 'NONE', #1564, #1544 ) ;
#551 = PLANE ( 'NONE',  #1233 ) ;
#552 = ORIENTED_EDGE ( 'NONE', *, *, #1192, .T. ) ;
#553 = CARTESIAN_POINT ( 'NONE',  ( 11.19999999999999218, 6.065529458537113783, 1.200000000000003730 ) ) ;
#554 = ORIENTED_EDGE ( 'NONE', *, *, #983, .F. ) ;
#555 = LINE ( 'NONE', #1146, #1162 ) ;
#556 = LINE ( 'NONE', #1457, #1812 ) ;
#557 = CLOSED_SHELL ( 'NONE', ( #1557, #1346, #1104, #876, #1527, #1775, #572, #965, #1797, #1049, #1012, #1071, #234, #170, #1745, #953, #1204, #792, #753, #1656, #367, #1804, #1067, #941, #1064, #1132, #337, #175, #469, #306, #1682, #1301, #1476, #919, #456, #17, #1333, #139, #783, #1436, #762, #845, #1371, #241, #69, #1316, #543, #429, #1177, #1836, #376, #1096, #91, #1884, #824, #1698, #788, #615, #884, #1868, #685, #148, #515, #1275, #213 ) ) ;
#558 = FACE_OUTER_BOUND ( 'NONE', #768, .T. ) ;
#559 = CIRCLE ( 'NONE', #1292, 2.000000000000000000 ) ;
#560 = AXIS2_PLACEMENT_3D ( 'NONE', #1229, #1518, #1384 ) ;
#561 = DIRECTION ( 'NONE',  ( -0.000000000000000000, -0.000000000000000000, 1.000000000000000000 ) ) ;
#562 = EDGE_CURVE ( 'NONE', #844, #232, #775, .T. ) ;
#563 = CIRCLE ( 'NONE', #380, 5.049999999999999822 ) ;
#564 = CARTESIAN_POINT ( 'NONE',  ( 11.15430376018589698, 6.236070147238167216, 1.245696239814099160 ) ) ;
#565 = ORIENTED_EDGE ( 'NONE', *, *, #1001, .F. ) ;
#566 = DIRECTION ( 'NONE',  ( 1.000000000000000000, 0.000000000000000000, 0.000000000000000000 ) ) ;
#567 = DIRECTION ( 'NONE',  ( 0.8660254037844385966, -0.5000000000000000000, 0.000000000000000000 ) ) ;
#568 = CARTESIAN_POINT ( 'NONE',  ( -10.29999999999999893, 5.946707772653140545, 5.700000000000004619 ) ) ;
#569 = ORIENTED_EDGE ( 'NONE', *, *, #1283, .F. ) ;
#570 = FACE_OUTER_BOUND ( 'NONE', #1494, .T. ) ;
#571 = ORIENTED_EDGE ( 'NONE', *, *, #453, .F. ) ;
#572 = ADVANCED_FACE ( 'NONE', ( #1472 ), #745, .T. ) ;
#573 = LINE ( 'NONE', #1272, #1259 ) ;
#574 = CARTESIAN_POINT ( 'NONE',  ( -11.19999999999999396, -6.466323014923811563, 1.200000000000005285 ) ) ;
#575 = DIRECTION ( 'NONE',  ( 0.8660254037844382635, 0.5000000000000006661, 0.000000000000000000 ) ) ;
#576 = ORIENTED_EDGE ( 'NONE', *, *, #692, .T. ) ;
#577 = VERTEX_POINT ( 'NONE', #316 ) ;
#578 = PLANE ( 'NONE',  #432 ) ;
#579 = EDGE_CURVE ( 'NONE', #1681, #276, #326, .T. ) ;
#580 = AXIS2_PLACEMENT_3D ( 'NONE', #1819, #1118, #1672 ) ;
#581 = DIRECTION ( 'NONE',  ( -1.000000000000000000, 0.000000000000000000, 0.000000000000000000 ) ) ;
#582 = PLANE ( 'NONE',  #655 ) ;
#583 = ORIENTED_EDGE ( 'NONE', *, *, #420, .F. ) ;
#584 = CIRCLE ( 'NONE', #647, 3.200000000000000622 ) ;
#585 = VECTOR ( 'NONE', #215, 1000.000000000000000 ) ;
#586 = LINE ( 'NONE', #1359, #651 ) ;
#587 = AXIS2_PLACEMENT_3D ( 'NONE', #1583, #713, #272 ) ;
#588 = CARTESIAN_POINT ( 'NONE',  ( -7.099999999999997868, 4.099186911246341936, 6.000000000000000000 ) ) ;
#589 = VECTOR ( 'NONE', #381, 1000.000000000000114 ) ;
#590 = LINE ( 'NONE', #1173, #864 ) ;
#591 = ORIENTED_EDGE ( 'NONE', *, *, #928, .F. ) ;
#592 = EDGE_CURVE ( 'NONE', #638, #15, #586, .T. ) ;
#593 = LINE ( 'NONE', #1334, #618 ) ;
#594 = DIRECTION ( 'NONE',  ( 0.000000000000000000, 0.000000000000000000, -1.000000000000000000 ) ) ;
#595 = EDGE_CURVE ( 'NONE', #448, #945, #178, .T. ) ;
#596 = CARTESIAN_POINT ( 'NONE',  ( -11.06602540378443322, 6.388972745734181835, 1.333974596215567132 ) ) ;
#597 = VERTEX_POINT ( 'NONE', #1171 ) ;
#598 = CARTESIAN_POINT ( 'NONE',  ( 10.29999999999999893, -4.099186911246341047, 6.000000000000000000 ) ) ;
#599 = CARTESIAN_POINT ( 'NONE',  ( 11.19999999999999218, 6.466323014923808010, 1.500000000000000000 ) ) ;
#600 = LINE ( 'NONE', #929, #406 ) ;
#601 = ORIENTED_EDGE ( 'NONE', *, *, #605, .F. ) ;
#602 = CARTESIAN_POINT ( 'NONE',  ( 1.599999999999997202, 10.96965511460288489, 1.500000000000000000 ) ) ;
#603 = DIRECTION ( 'NONE',  ( -1.000000000000000000, 0.000000000000000000, 0.000000000000000000 ) ) ;
#604 = ORIENTED_EDGE ( 'NONE', *, *, #480, .F. ) ;
#605 = EDGE_CURVE ( 'NONE', #1849, #1224, #1567, .T. ) ;
#606 = PLANE ( 'NONE',  #1875 ) ;
#607 = ORIENTED_EDGE ( 'NONE', *, *, #1601, .T. ) ;
#608 = CARTESIAN_POINT ( 'NONE',  ( -3.250000000000000444, 0.000000000000000000, 17.00000000000000000 ) ) ;
#609 = ORIENTED_EDGE ( 'NONE', *, *, #767, .T. ) ;
#610 = DIRECTION ( 'NONE',  ( -1.000000000000000000, 0.000000000000000000, 0.000000000000000000 ) ) ;
#611 = DIRECTION ( 'NONE',  ( 0.000000000000000000, 0.000000000000000000, 1.000000000000000000 ) ) ;
#612 = VECTOR ( 'NONE', #38, 1000.000000000000000 ) ;
#613 = CARTESIAN_POINT ( 'NONE',  ( -8.699999999999997513, 6.870468203356543846, 5.700000000000004619 ) ) ;
#614 = EDGE_LOOP ( 'NONE', ( #998, #1145, #66, #546, #1606, #607, #1377, #130, #109, #609, #179, #512 ) ) ;
#615 = ADVANCED_FACE ( 'NONE', ( #30 ), #606, .T. ) ;
#616 = DIRECTION ( 'NONE',  ( 0.000000000000000000, 1.000000000000000000, 0.000000000000000000 ) ) ;
#617 = AXIS2_PLACEMENT_3D ( 'NONE', #1693, #385, #959 ) ;
#618 = VECTOR ( 'NONE', #329, 1000.000000000000000 ) ;
#619 = LINE ( 'NONE', #758, #1256 ) ;
#620 = VECTOR ( 'NONE', #13, 999.9999999999998863 ) ;
#621 = AXIS2_PLACEMENT_3D ( 'NONE', #416, #995, #1439 ) ;
#622 = VERTEX_POINT ( 'NONE', #1026 ) ;
#623 = DIRECTION ( 'NONE',  ( 0.000000000000000000, 0.000000000000000000, -1.000000000000000000 ) ) ;
#624 = VECTOR ( 'NONE', #95, 1000.000000000000114 ) ;
#625 = EDGE_CURVE ( 'NONE', #260, #866, #307, .T. ) ;
#626 = DIRECTION ( 'NONE',  ( 1.000000000000000000, 0.000000000000000000, 0.000000000000000000 ) ) ;
#627 = ORIENTED_EDGE ( 'NONE', *, *, #1511, .F. ) ;
#628 = CARTESIAN_POINT ( 'NONE',  ( 0.000000000000000000, 0.000000000000000000, 33.99999999999998579 ) ) ;
#629 = CARTESIAN_POINT ( 'NONE',  ( 11.19999999999999218, -6.466323014923809787, 1.200000000000005285 ) ) ;
#630 = EDGE_CURVE ( 'NONE', #893, #873, #1622, .T. ) ;
#631 = ORIENTED_EDGE ( 'NONE', *, *, #81, .T. ) ;
#632 = DIRECTION ( 'NONE',  ( 1.000000000000000000, 0.000000000000000000, -0.000000000000000000 ) ) ;
#633 = CARTESIAN_POINT ( 'NONE',  ( -0.4999999999999882871, -12.64397089525281004, 1.200000000000005285 ) ) ;
#634 = ORIENTED_EDGE ( 'NONE', *, *, #1671, .F. ) ;
#635 = DIRECTION ( 'NONE',  ( -1.000000000000000000, 0.000000000000000000, 0.000000000000000000 ) ) ;
#636 = VERTEX_POINT ( 'NONE', #896 ) ;
#637 = DIRECTION ( 'NONE',  ( -0.3535533905932745080, -0.6123724356957946924, 0.7071067811865470176 ) ) ;
#638 = VERTEX_POINT ( 'NONE', #1484 ) ;
#639 = CARTESIAN_POINT ( 'NONE',  ( 7.099999999999997868, -4.099186911246342824, 5.700000000000004619 ) ) ;
#640 = EDGE_CURVE ( 'NONE', #1298, #1440, #1495, .T. ) ;
#641 = CARTESIAN_POINT ( 'NONE',  ( 10.29999999999999361, 4.099186911246343712, 1.500000000000000000 ) ) ;
#642 = CARTESIAN_POINT ( 'NONE',  ( -10.29999999999999893, 4.099186911246341047, 6.000000000000000000 ) ) ;
#643 = VERTEX_POINT ( 'NONE', #1017 ) ;
#644 = DIRECTION ( 'NONE',  ( 0.3535533905932731202, -0.6123724356957915838, -0.7071067811865503483 ) ) ;
#645 = ORIENTED_EDGE ( 'NONE', *, *, #871, .T. ) ;
#646 = VECTOR ( 'NONE', #1702, 1000.000000000000000 ) ;
#647 = AXIS2_PLACEMENT_3D ( 'NONE', #1848, #922, #932 ) ;
#648 = LINE ( 'NONE', #1387, #225 ) ;
#649 = EDGE_CURVE ( 'NONE', #799, #790, #496, .T. ) ;
#650 = ORIENTED_EDGE ( 'NONE', *, *, #1404, .F. ) ;
#651 = VECTOR ( 'NONE', #37, 1000.000000000000114 ) ;
#652 = ORIENTED_EDGE ( 'NONE', *, *, #1134, .T. ) ;
#653 = VECTOR ( 'NONE', #439, 1000.000000000000227 ) ;
#654 = PLANE ( 'NONE',  #1720 ) ;
#655 = AXIS2_PLACEMENT_3D ( 'NONE', #568, #431, #865 ) ;
#656 = VECTOR ( 'NONE', #338, 1000.000000000000000 ) ;
#657 = LINE ( 'NONE', #1688, #1363 ) ;
#658 = ORIENTED_EDGE ( 'NONE', *, *, #1581, .F. ) ;
#659 = EDGE_CURVE ( 'NONE', #232, #844, #1749, .T. ) ;
#660 = AXIS2_PLACEMENT_3D ( 'NONE', #1791, #611, #206 ) ;
#661 = CARTESIAN_POINT ( 'NONE',  ( -11.06602540378443145, -6.388972745734185388, 1.333974596215568020 ) ) ;
#662 =( BOUNDED_CURVE ( )  B_SPLINE_CURVE ( 3, ( #410, #553, #564, #1586 ),
 .UNSPECIFIED., .F., .F. ) 
 B_SPLINE_CURVE_WITH_KNOTS ( ( 4, 4 ),
 ( -8.881784197001252323E-16, 0.5235987755983005920 ),
 .UNSPECIFIED. ) 
 CURVE ( )  GEOMETRIC_REPRESENTATION_ITEM ( )  RATIONAL_B_SPLINE_CURVE ( ( 1.000000000000000000, 0.9772838841927119491, 0.9772838841927119491, 1.000000000000000000 ) ) 
 REPRESENTATION_ITEM ( '' )  );
#663 = ORIENTED_EDGE ( 'NONE', *, *, #259, .F. ) ;
#664 = CARTESIAN_POINT ( 'NONE',  ( 11.19999999999999218, 5.888972745734180947, 0.000000000000000000 ) ) ;
#665 = ORIENTED_EDGE ( 'NONE', *, *, #503, .T. ) ;
#666 = EDGE_LOOP ( 'NONE', ( #426, #45, #1148, #942 ) ) ;
#667 = DIRECTION ( 'NONE',  ( 4.375673588554832862E-16, -1.000000000000000000, 0.000000000000000000 ) ) ;
#668 = CARTESIAN_POINT ( 'NONE',  ( -1.599999999999995426, -10.96965511460289200, 1.500000000000000000 ) ) ;
#669 = ORIENTED_EDGE ( 'NONE', *, *, #1429, .T. ) ;
#670 = CARTESIAN_POINT ( 'NONE',  ( -7.099999999999995204, -4.099186911246345488, 6.000000000000000000 ) ) ;
#671 = ORIENTED_EDGE ( 'NONE', *, *, #928, .T. ) ;
#672 = EDGE_CURVE ( 'NONE', #528, #636, #298, .T. ) ;
#673 = CARTESIAN_POINT ( 'NONE',  ( -3.372059531467595850, 0.000000000000000000, 36.00000000000000000 ) ) ;
#674 = EDGE_LOOP ( 'NONE', ( #1452, #1770, #996, #1650 ) ) ;
#675 = CARTESIAN_POINT ( 'NONE',  ( -0.4999999999999882871, -12.64397089525281004, 1.200000000000005285 ) ) ;
#676 = CARTESIAN_POINT ( 'NONE',  ( 0.000000000000000000, 0.000000000000000000, 1.500000000000000000 ) ) ;
#677 = CARTESIAN_POINT ( 'NONE',  ( -11.19999999999999396, -5.888972745734184500, 1.200000000000005285 ) ) ;
#678 = DIRECTION ( 'NONE',  ( 0.000000000000000000, 0.000000000000000000, -1.000000000000000000 ) ) ;
#679 = ORIENTED_EDGE ( 'NONE', *, *, #1862, .F. ) ;
#680 = CIRCLE ( 'NONE', #1874, 2.900000000000006573 ) ;
#681 = EDGE_CURVE ( 'NONE', #778, #868, #460, .T. ) ;
#682 = PLANE ( 'NONE',  #125 ) ;
#683 = AXIS2_PLACEMENT_3D ( 'NONE', #470, #736, #766 ) ;
#684 = ORIENTED_EDGE ( 'NONE', *, *, #672, .T. ) ;
#685 = ADVANCED_FACE ( 'NONE', ( #1863 ), #549, .T. ) ;
#686 = VERTEX_POINT ( 'NONE', #265 ) ;
#687 = CARTESIAN_POINT ( 'NONE',  ( -3.312435565298239570, 0.000000000000000000, 17.00000000000000000 ) ) ;
#688 = VECTOR ( 'NONE', #1582, 1000.000000000000227 ) ;
#689 = VECTOR ( 'NONE', #756, 1000.000000000000000 ) ;
#690 = LINE ( 'NONE', #1535, #1723 ) ;
#691 = VECTOR ( 'NONE', #1007, 1000.000000000000000 ) ;
#692 = EDGE_CURVE ( 'NONE', #1667, #790, #559, .T. ) ;
#693 = AXIS2_PLACEMENT_3D ( 'NONE', #207, #357, #1507 ) ;
#694 = CARTESIAN_POINT ( 'NONE',  ( 4.099999999999999645, 5.021051876504147385E-16, 21.74747741945470736 ) ) ;
#695 = AXIS2_PLACEMENT_3D ( 'NONE', #1423, #216, #365 ) ;
#696 = CYLINDRICAL_SURFACE ( 'NONE', #191, 1.000000000000000888 ) ;
#697 = FACE_OUTER_BOUND ( 'NONE', #270, .T. ) ;
#698 = CARTESIAN_POINT ( 'NONE',  ( 0.000000000000000000, 0.000000000000000000, 21.74747741945470736 ) ) ;
#699 = EDGE_CURVE ( 'NONE', #539, #1198, #468, .T. ) ;
#700 = CARTESIAN_POINT ( 'NONE',  ( 11.06602540378443322, -6.388972745734185388, 1.333974596215565356 ) ) ;
#701 = DIRECTION ( 'NONE',  ( -1.000000000000000000, 0.000000000000000000, 0.000000000000000000 ) ) ;
#702 = ORIENTED_EDGE ( 'NONE', *, *, #710, .T. ) ;
#703 = DIRECTION ( 'NONE',  ( 0.000000000000000000, 0.000000000000000000, -1.000000000000000000 ) ) ;
#704 = ORIENTED_EDGE ( 'NONE', *, *, #489, .T. ) ;
#705 = CYLINDRICAL_SURFACE ( 'NONE', #1040, 3.200000000000000622 ) ;
#706 = CARTESIAN_POINT ( 'NONE',  ( -10.29999999999999716, -3.004629197474318063E-15, 1.500000000000000000 ) ) ;
#707 = DIRECTION ( 'NONE',  ( -1.000000000000000000, 0.000000000000000000, 0.000000000000000000 ) ) ;
#708 = ORIENTED_EDGE ( 'NONE', *, *, #503, .F. ) ;
#709 = ORIENTED_EDGE ( 'NONE', *, *, #143, .T. ) ;
#710 = EDGE_CURVE ( 'NONE', #893, #214, #395, .T. ) ;
#711 = AXIS2_PLACEMENT_3D ( 'NONE', #1340, #1487, #457 ) ;
#712 = FACE_OUTER_BOUND ( 'NONE', #1485, .T. ) ;
#713 = DIRECTION ( 'NONE',  ( 1.000000000000000000, 4.375673588554832862E-16, -0.000000000000000000 ) ) ;
#714 = DIRECTION ( 'NONE',  ( 0.8660254037844382635, 0.5000000000000006661, 0.000000000000000000 ) ) ;
#715 = CIRCLE ( 'NONE', #405, 1.000000000000000888 ) ;
#716 = CIRCLE ( 'NONE', #1322, 2.900000000000005684 ) ;
#717 = LINE ( 'NONE', #35, #438 ) ;
#718 = ORIENTED_EDGE ( 'NONE', *, *, #486, .T. ) ;
#719 = EDGE_CURVE ( 'NONE', #1681, #1756, #1548, .T. ) ;
#720 = EDGE_LOOP ( 'NONE', ( #311, #242, #1184, #1673 ) ) ;
#721 = CONICAL_SURFACE ( 'NONE', #384, 3.372059531467595850, 0.3490658503988640637 ) ;
#722 = CARTESIAN_POINT ( 'NONE',  ( 10.29999999999999361, 4.099186911246343712, 5.700000000000004619 ) ) ;
#723 = DIRECTION ( 'NONE',  ( -0.000000000000000000, -0.000000000000000000, 1.000000000000000000 ) ) ;
#724 =( NAMED_UNIT ( * ) SI_UNIT ( $, .STERADIAN. ) SOLID_ANGLE_UNIT ( ) );
#725 = CARTESIAN_POINT ( 'NONE',  ( -10.97774704738296769, -6.541875344230198230, 1.245696239814100492 ) ) ;
#726 = EDGE_CURVE ( 'NONE', #1418, #29, #715, .T. ) ;
#727 = ORIENTED_EDGE ( 'NONE', *, *, #203, .F. ) ;
#728 = CARTESIAN_POINT ( 'NONE',  ( 8.700000000000001066, -6.870468203356545622, 1.500000000000000000 ) ) ;
#729 = DIRECTION ( 'NONE',  ( -1.000000000000000000, 0.000000000000000000, 0.000000000000000000 ) ) ;
#730 =( BOUNDED_CURVE ( )  B_SPLINE_CURVE ( 3, ( #1181, #1349, #1330, #190 ),
 .UNSPECIFIED., .F., .T. ) 
 B_SPLINE_CURVE_WITH_KNOTS ( ( 4, 4 ),
 ( 5.759586531581284419, 6.283185307179586232 ),
 .UNSPECIFIED. ) 
 CURVE ( )  GEOMETRIC_REPRESENTATION_ITEM ( )  RATIONAL_B_SPLINE_CURVE ( ( 1.000000000000000000, 0.9772838841927118381, 0.9772838841927118381, 1.000000000000000000 ) ) 
 REPRESENTATION_ITEM ( '' )  );
#731 = CARTESIAN_POINT ( 'NONE',  ( -0.4999999999999932832, -12.64397089525280826, 1.500000000000000000 ) ) ;
#732 = DIRECTION ( 'NONE',  ( -0.8660254037844383745, -0.5000000000000003331, 0.000000000000000000 ) ) ;
#733 = VERTEX_POINT ( 'NONE', #322 ) ;
#734 = ORIENTED_EDGE ( 'NONE', *, *, #1853, .T. ) ;
#735 = EDGE_CURVE ( 'NONE', #1157, #232, #1030, .T. ) ;
#736 = DIRECTION ( 'NONE',  ( -0.000000000000000000, -0.000000000000000000, -1.000000000000000000 ) ) ;
#737 = CARTESIAN_POINT ( 'NONE',  ( -5.030698080332740574E-14, 9.237604307033945972, 4.400000000000075850 ) ) ;
#738 = EDGE_CURVE ( 'NONE', #1005, #448, #593, .T. ) ;
#739 = VERTEX_POINT ( 'NONE', #602 ) ;
#740 = CARTESIAN_POINT ( 'NONE',  ( 0.000000000000000000, 0.000000000000000000, 33.99999999999999289 ) ) ;
#741 = CARTESIAN_POINT ( 'NONE',  ( 0.000000000000000000, 0.000000000000000000, 17.00000000000000000 ) ) ;
#742 = CARTESIAN_POINT ( 'NONE',  ( 4.099999999999999645, 5.021051876504147385E-16, 36.00000000000000000 ) ) ;
#743 = EDGE_LOOP ( 'NONE', ( #1425, #939, #1202, #219 ) ) ;
#744 = VECTOR ( 'NONE', #115, 1000.000000000000000 ) ;
#745 = CYLINDRICAL_SURFACE ( 'NONE', #1844, 4.099999999999999645 ) ;
#746 = ORIENTED_EDGE ( 'NONE', *, *, #1245, .F. ) ;
#747 = VECTOR ( 'NONE', #414, 999.9999999999998863 ) ;
#748 = DIRECTION ( 'NONE',  ( -1.000000000000000000, -1.224646799147352961E-16, 0.000000000000000000 ) ) ;
#749 = VECTOR ( 'NONE', #754, 1000.000000000000227 ) ;
#750 = CARTESIAN_POINT ( 'NONE',  ( -10.29999999999999538, -5.946707772653147650, 6.000000000000000000 ) ) ;
#751 = ORIENTED_EDGE ( 'NONE', *, *, #1648, .F. ) ;
#752 = DIRECTION ( 'NONE',  ( -0.3535533905932731202, -0.6123724356957915838, -0.7071067811865503483 ) ) ;
#753 = ADVANCED_FACE ( 'NONE', ( #33 ), #26, .F. ) ;
#754 = DIRECTION ( 'NONE',  ( -0.8660254037844385966, 0.5000000000000000000, 0.000000000000000000 ) ) ;
#755 = ORIENTED_EDGE ( 'NONE', *, *, #871, .F. ) ;
#756 = DIRECTION ( 'NONE',  ( -0.7071067811865465735, 0.000000000000000000, -0.7071067811865485719 ) ) ;
#757 = VERTEX_POINT ( 'NONE', #1780 ) ;
#758 = CARTESIAN_POINT ( 'NONE',  ( -3.372059531467595850, 0.000000000000000000, 36.00000000000000000 ) ) ;
#759 = CARTESIAN_POINT ( 'NONE',  ( 7.099999999999997868, -4.099186911246342824, 6.000000000000000000 ) ) ;
#760 = ORIENTED_EDGE ( 'NONE', *, *, #186, .T. ) ;
#761 = CYLINDRICAL_SURFACE ( 'NONE', #128, 3.200000000000000178 ) ;
#762 = ADVANCED_FACE ( 'NONE', ( #1467 ), #950, .T. ) ;
#763 = LINE ( 'NONE', #490, #230 ) ;
#764 = ORIENTED_EDGE ( 'NONE', *, *, #1808, .T. ) ;
#765 = CARTESIAN_POINT ( 'NONE',  ( 0.000000000000000000, 0.000000000000000000, 8.000000000000000000 ) ) ;
#766 = DIRECTION ( 'NONE',  ( -1.000000000000000000, 0.000000000000000000, 0.000000000000000000 ) ) ;
#767 = EDGE_CURVE ( 'NONE', #866, #739, #1356, .T. ) ;
#768 = EDGE_LOOP ( 'NONE', ( #257, #302, #1764, #1466 ) ) ;
#769 = VERTEX_POINT ( 'NONE', #1058 ) ;
#770 = DIRECTION ( 'NONE',  ( -0.000000000000000000, -0.000000000000000000, -1.000000000000000000 ) ) ;
#771 = CARTESIAN_POINT ( 'NONE',  ( -11.06602540378443322, 6.388972745734181835, 1.333974596215567132 ) ) ;
#772 = ORIENTED_EDGE ( 'NONE', *, *, #738, .F. ) ;
#773 = DIRECTION ( 'NONE',  ( -0.000000000000000000, -0.000000000000000000, 1.000000000000000000 ) ) ;
#774 = EDGE_CURVE ( 'NONE', #539, #961, #1630, .T. ) ;
#775 = CIRCLE ( 'NONE', #1478, 4.099999999999999645 ) ;
#776 = LINE ( 'NONE', #1787, #188 ) ;
#777 = AXIS2_PLACEMENT_3D ( 'NONE', #74, #1475, #350 ) ;
#778 = VERTEX_POINT ( 'NONE', #1619 ) ;
#779 = DIRECTION ( 'NONE',  ( -1.000000000000000000, 0.000000000000000000, 0.000000000000000000 ) ) ;
#780 = COLOUR_RGB ( '',0.7921568627450980005, 0.8196078431372548767, 0.9333333333333333481 ) ;
#781 = ORIENTED_EDGE ( 'NONE', *, *, #625, .F. ) ;
#782 = EDGE_LOOP ( 'NONE', ( #502, #601, #1398, #1677 ) ) ;
#783 = ADVANCED_FACE ( 'NONE', ( #1646 ), #761, .T. ) ;
#784 = DIRECTION ( 'NONE',  ( 0.8660254037844385966, -0.4999999999999999445, 0.000000000000000000 ) ) ;
#785 = CARTESIAN_POINT ( 'NONE',  ( 10.29999999999999538, 4.506943796211475713E-15, 1.500000000000000000 ) ) ;
#786 = DIRECTION ( 'NONE',  ( 0.000000000000000000, 0.000000000000000000, -1.000000000000000000 ) ) ;
#787 = ORIENTED_EDGE ( 'NONE', *, *, #1134, .F. ) ;
#788 = ADVANCED_FACE ( 'NONE', ( #889 ), #1343, .T. ) ;
#789 = DIRECTION ( 'NONE',  ( -0.000000000000000000, -0.000000000000000000, 1.000000000000000000 ) ) ;
#790 = VERTEX_POINT ( 'NONE', #909 ) ;
#791 = PLANE ( 'NONE',  #580 ) ;
#792 = ADVANCED_FACE ( 'NONE', ( #1185 ), #152, .F. ) ;
#793 = VERTEX_POINT ( 'NONE', #1505 ) ;
#794 = DIRECTION ( 'NONE',  ( -0.7071067811865485719, -2.062712311150668432E-16, 0.7071067811865464625 ) ) ;
#795 = EDGE_CURVE ( 'NONE', #875, #1774, #1139, .T. ) ;
#796 = DIRECTION ( 'NONE',  ( -0.7071067811865465735, 0.000000000000000000, -0.7071067811865485719 ) ) ;
#797 = ORIENTED_EDGE ( 'NONE', *, *, #224, .F. ) ;
#798 = CARTESIAN_POINT ( 'NONE',  ( 0.000000000000000000, 0.000000000000000000, 19.13737387097278386 ) ) ;
#799 = VERTEX_POINT ( 'NONE', #16 ) ;
#800 = AXIS2_PLACEMENT_3D ( 'NONE', #1554, #1243, #813 ) ;
#801 = CARTESIAN_POINT ( 'NONE',  ( 0.000000000000000000, 0.000000000000000000, 33.99999999999999289 ) ) ;
#802 = AXIS2_PLACEMENT_3D ( 'NONE', #1761, #195, #449 ) ;
#803 = CYLINDRICAL_SURFACE ( 'NONE', #800, 3.200000000000000178 ) ;
#804 = AXIS2_PLACEMENT_3D ( 'NONE', #209, #1815, #1626 ) ;
#805 = CYLINDRICAL_SURFACE ( 'NONE', #1416, 1.000000000000000888 ) ;
#806 = EDGE_CURVE ( 'NONE', #757, #622, #1629, .T. ) ;
#807 = DIRECTION ( 'NONE',  ( -0.5000000000000005551, 0.8660254037844383745, 0.000000000000000000 ) ) ;
#808 = ORIENTED_EDGE ( 'NONE', *, *, #186, .F. ) ;
#809 = CARTESIAN_POINT ( 'NONE',  ( -10.69999999999999396, -6.754998149518624651, 0.000000000000000000 ) ) ;
#810 = ORIENTED_EDGE ( 'NONE', *, *, #1306, .F. ) ;
#811 = CARTESIAN_POINT ( 'NONE',  ( 5.204170427930421283E-15, -8.198373822492687424, 6.000000000000000000 ) ) ;
#812 = ORIENTED_EDGE ( 'NONE', *, *, #1008, .T. ) ;
#813 = DIRECTION ( 'NONE',  ( -1.000000000000000000, 0.000000000000000000, 0.000000000000000000 ) ) ;
#814 = FACE_OUTER_BOUND ( 'NONE', #743, .T. ) ;
#815 = CARTESIAN_POINT ( 'NONE',  ( 10.19999999999999396, -5.888972745734185388, 0.000000000000000000 ) ) ;
#816 = DIRECTION ( 'NONE',  ( 0.000000000000000000, 0.000000000000000000, -1.000000000000000000 ) ) ;
#817 = EDGE_CURVE ( 'NONE', #299, #1621, #41, .T. ) ;
#818 = DIRECTION ( 'NONE',  ( -0.000000000000000000, -0.000000000000000000, -1.000000000000000000 ) ) ;
#819 = ORIENTED_EDGE ( 'NONE', *, *, #1218, .F. ) ;
#820 = DIRECTION ( 'NONE',  ( -1.000000000000000000, 0.000000000000000000, 0.000000000000000000 ) ) ;
#821 = ORIENTED_EDGE ( 'NONE', *, *, #1262, .F. ) ;
#822 = CARTESIAN_POINT ( 'NONE',  ( -7.099999999999995204, -4.099186911246345488, 6.000000000000000000 ) ) ;
#823 = DIRECTION ( 'NONE',  ( 0.000000000000000000, 0.000000000000000000, -1.000000000000000000 ) ) ;
#824 = ADVANCED_FACE ( 'NONE', ( #915 ), #1796, .T. ) ;
#825 = CARTESIAN_POINT ( 'NONE',  ( 0.3470974015039759997, 12.73224925165427202, 1.200000000000007949 ) ) ;
#826 = PLANE ( 'NONE',  #1635 ) ;
#827 = CARTESIAN_POINT ( 'NONE',  ( 0.000000000000000000, 0.000000000000000000, 21.74747741945470736 ) ) ;
#828 = VECTOR ( 'NONE', #92, 999.9999999999998863 ) ;
#829 = DIRECTION ( 'NONE',  ( 0.000000000000000000, 0.000000000000000000, -1.000000000000000000 ) ) ;
#830 = DIRECTION ( 'NONE',  ( 0.000000000000000000, 0.000000000000000000, -1.000000000000000000 ) ) ;
#831 = VECTOR ( 'NONE', #1347, 999.9999999999998863 ) ;
#832 = CARTESIAN_POINT ( 'NONE',  ( 4.712628496655373033E-15, -12.77794549146836900, 1.333974596215567354 ) ) ;
#833 = AXIS2_PLACEMENT_3D ( 'NONE', #798, #1084, #1331 ) ;
#834 = AXIS2_PLACEMENT_3D ( 'NONE', #974, #1565, #835 ) ;
#835 = DIRECTION ( 'NONE',  ( -1.000000000000000000, 0.000000000000000000, 0.000000000000000000 ) ) ;
#836 = ORIENTED_EDGE ( 'NONE', *, *, #1534, .F. ) ;
#837 = VECTOR ( 'NONE', #842, 1000.000000000000000 ) ;
#838 = ORIENTED_EDGE ( 'NONE', *, *, #1393, .T. ) ;
#839 = EDGE_CURVE ( 'NONE', #1241, #399, #925, .T. ) ;
#840 = DIRECTION ( 'NONE',  ( -0.000000000000000000, -0.000000000000000000, -1.000000000000000000 ) ) ;
#841 = DIRECTION ( 'NONE',  ( -0.000000000000000000, -0.000000000000000000, 1.000000000000000000 ) ) ;
#842 = DIRECTION ( 'NONE',  ( 0.000000000000000000, -1.000000000000000000, 0.000000000000000000 ) ) ;
#843 = DIRECTION ( 'NONE',  ( 0.000000000000000000, 0.000000000000000000, -1.000000000000000000 ) ) ;
#844 = VERTEX_POINT ( 'NONE', #1697 ) ;
#845 = ADVANCED_FACE ( 'NONE', ( #1831 ), #238, .T. ) ;
#846 = FACE_OUTER_BOUND ( 'NONE', #883, .T. ) ;
#847 = ORIENTED_EDGE ( 'NONE', *, *, #901, .F. ) ;
#848 = CARTESIAN_POINT ( 'NONE',  ( -11.19999999999999396, 6.466323014923805346, 0.000000000000000000 ) ) ;
#849 = DIRECTION ( 'NONE',  ( -0.000000000000000000, -0.000000000000000000, -1.000000000000000000 ) ) ;
#850 = EDGE_CURVE ( 'NONE', #622, #757, #286, .T. ) ;
#851 = FACE_OUTER_BOUND ( 'NONE', #1795, .T. ) ;
#852 = ORIENTED_EDGE ( 'NONE', *, *, #116, .F. ) ;
#853 = CARTESIAN_POINT ( 'NONE',  ( 1.450000000000001510, 10.70984749346756004, 6.000000000000000000 ) ) ;
#854 = ORIENTED_EDGE ( 'NONE', *, *, #735, .T. ) ;
#855 = CARTESIAN_POINT ( 'NONE',  ( -10.19999999999999396, -5.888972745734185388, 0.000000000000000000 ) ) ;
#856 = ORIENTED_EDGE ( 'NONE', *, *, #1729, .F. ) ;
#857 = VECTOR ( 'NONE', #840, 1000.000000000000000 ) ;
#858 = CARTESIAN_POINT ( 'NONE',  ( 7.049999999999999822, 8.633759933988839975E-16, 6.000000000000000000 ) ) ;
#859 = LINE ( 'NONE', #292, #982 ) ;
#860 = AXIS2_PLACEMENT_3D ( 'NONE', #1736, #1160, #290 ) ;
#861 = CARTESIAN_POINT ( 'NONE',  ( 0.000000000000000000, 0.000000000000000000, 0.000000000000000000 ) ) ;
#862 = AXIS2_PLACEMENT_3D ( 'NONE', #740, #482, #632 ) ;
#863 = EDGE_CURVE ( 'NONE', #1885, #873, #246, .T. ) ;
#864 = VECTOR ( 'NONE', #789, 1000.000000000000000 ) ;
#865 = DIRECTION ( 'NONE',  ( -0.8660254037844383745, -0.5000000000000003331, 0.000000000000000000 ) ) ;
#866 = VERTEX_POINT ( 'NONE', #943 ) ;
#867 = VECTOR ( 'NONE', #28, 1000.000000000000114 ) ;
#868 = VERTEX_POINT ( 'NONE', #78 ) ;
#869 = CARTESIAN_POINT ( 'NONE',  ( -11.19999999999999396, -6.466323014923811563, 1.200000000000005285 ) ) ;
#870 = FACE_OUTER_BOUND ( 'NONE', #1443, .T. ) ;
#871 = EDGE_CURVE ( 'NONE', #1440, #799, #1114, .T. ) ;
#872 = LINE ( 'NONE', #742, #1266 ) ;
#873 = VERTEX_POINT ( 'NONE', #1675 ) ;
#874 = CARTESIAN_POINT ( 'NONE',  ( -1.449999999999999067, -10.70984749346756537, 6.000000000000000000 ) ) ;
#875 = VERTEX_POINT ( 'NONE', #364 ) ;
#876 = ADVANCED_FACE ( 'NONE', ( #814 ), #1165, .T. ) ;
#877 = FACE_OUTER_BOUND ( 'NONE', #911, .T. ) ;
#878 = DIRECTION ( 'NONE',  ( -1.000000000000000000, -2.917115725703222401E-16, 0.000000000000000000 ) ) ;
#879 = ORIENTED_EDGE ( 'NONE', *, *, #1568, .T. ) ;
#880 = DIRECTION ( 'NONE',  ( 0.8660254037844385966, -0.4999999999999999445, 0.000000000000000000 ) ) ;
#881 = EDGE_LOOP ( 'NONE', ( #888, #1110, #523, #452 ) ) ;
#882 = CARTESIAN_POINT ( 'NONE',  ( -10.00000000000000000, -4.099186911246346376, 6.000000000000000000 ) ) ;
#883 = EDGE_LOOP ( 'NONE', ( #569, #408, #372, #634, #1375 ) ) ;
#884 = ADVANCED_FACE ( 'NONE', ( #356 ), #805, .T. ) ;
#885 = CARTESIAN_POINT ( 'NONE',  ( 10.69999999999999396, -6.754998149518621986, 1.500000000000000000 ) ) ;
#886 = DIRECTION ( 'NONE',  ( -0.000000000000000000, -0.000000000000000000, 1.000000000000000000 ) ) ;
#887 = VECTOR ( 'NONE', #1193, 1000.000000000000000 ) ;
#888 = ORIENTED_EDGE ( 'NONE', *, *, #1560, .F. ) ;
#889 = FACE_OUTER_BOUND ( 'NONE', #969, .T. ) ;
#890 = CARTESIAN_POINT ( 'NONE',  ( -11.19999999999999396, 6.466323014923805346, 1.200000000000005285 ) ) ;
#891 = ADVANCED_BREP_SHAPE_REPRESENTATION ( 'hexholder_v2_20.6mm', ( #1818, #660 ), #235 ) ;
#892 = CARTESIAN_POINT ( 'NONE',  ( -8.699999999999997513, -6.870468203356548287, 6.000000000000000000 ) ) ;
#893 = VERTEX_POINT ( 'NONE', #1408 ) ;
#894 = VECTOR ( 'NONE', #1180, 1000.000000000000000 ) ;
#895 = AXIS2_PLACEMENT_3D ( 'NONE', #676, #541, #67 ) ;
#896 = CARTESIAN_POINT ( 'NONE',  ( -0.5000000000000068834, 12.64397089525280293, 1.200000000000005285 ) ) ;
#897 = ORIENTED_EDGE ( 'NONE', *, *, #1765, .F. ) ;
#898 = AXIS2_PLACEMENT_3D ( 'NONE', #910, #1336, #603 ) ;
#899 = CARTESIAN_POINT ( 'NONE',  ( -8.699999999999995737, -6.870468203356549175, 5.700000000000003730 ) ) ;
#900 = LINE ( 'NONE', #1315, #1598 ) ;
#901 = EDGE_CURVE ( 'NONE', #64, #56, #1524, .T. ) ;
#902 = ORIENTED_EDGE ( 'NONE', *, *, #1192, .F. ) ;
#903 = CARTESIAN_POINT ( 'NONE',  ( -1.449999999999999067, -10.70984749346756537, 6.000000000000000000 ) ) ;
#904 = LINE ( 'NONE', #1197, #1574 ) ;
#905 = ORIENTED_EDGE ( 'NONE', *, *, #595, .T. ) ;
#906 = DIRECTION ( 'NONE',  ( -1.000000000000000000, -1.794541526872555704E-15, 0.000000000000000000 ) ) ;
#907 = FACE_OUTER_BOUND ( 'NONE', #1103, .T. ) ;
#908 = ORIENTED_EDGE ( 'NONE', *, *, #1534, .T. ) ;
#909 = CARTESIAN_POINT ( 'NONE',  ( -5.049999999999999822, 0.000000000000000000, 8.000000000000000000 ) ) ;
#910 = CARTESIAN_POINT ( 'NONE',  ( -10.19999999999999396, 5.888972745734181835, 0.000000000000000000 ) ) ;
#911 = EDGE_LOOP ( 'NONE', ( #521, #679, #978, #1168, #797 ) ) ;
#912 = DIRECTION ( 'NONE',  ( -1.000000000000000000, 0.000000000000000000, 0.000000000000000000 ) ) ;
#913 = DIRECTION ( 'NONE',  ( -0.000000000000000000, -0.000000000000000000, 1.000000000000000000 ) ) ;
#914 = VERTEX_POINT ( 'NONE', #1090 ) ;
#915 = FACE_OUTER_BOUND ( 'NONE', #1279, .T. ) ;
#916 = VECTOR ( 'NONE', #829, 1000.000000000000000 ) ;
#917 = DIRECTION ( 'NONE',  ( -0.000000000000000000, -0.000000000000000000, 1.000000000000000000 ) ) ;
#918 = ORIENTED_EDGE ( 'NONE', *, *, #313, .F. ) ;
#919 = ADVANCED_FACE ( 'NONE', ( #1380 ), #197, .F. ) ;
#920 =( BOUNDED_CURVE ( )  B_SPLINE_CURVE ( 3, ( #1106, #1826, #1412, #661 ),
 .UNSPECIFIED., .F., .F. ) 
 B_SPLINE_CURVE_WITH_KNOTS ( ( 4, 4 ),
 ( -8.881784197001252323E-16, 0.5235987755982989267 ),
 .UNSPECIFIED. ) 
 CURVE ( )  GEOMETRIC_REPRESENTATION_ITEM ( )  RATIONAL_B_SPLINE_CURVE ( ( 1.000000000000000000, 0.9772838841927120601, 0.9772838841927120601, 1.000000000000000000 ) ) 
 REPRESENTATION_ITEM ( '' )  );
#921 = AXIS2_PLACEMENT_3D ( 'NONE', #9, #1055, #912 ) ;
#922 = DIRECTION ( 'NONE',  ( 0.000000000000000000, 0.000000000000000000, -1.000000000000000000 ) ) ;
#923 = CIRCLE ( 'NONE', #777, 3.200000000000000622 ) ;
#924 = CIRCLE ( 'NONE', #1633, 2.099999999999999645 ) ;
#925 = LINE ( 'NONE', #1515, #1597 ) ;
#926 = CARTESIAN_POINT ( 'NONE',  ( -11.06602540378443322, 6.388972745734181835, 1.333974596215567132 ) ) ;
#927 = ORIENTED_EDGE ( 'NONE', *, *, #352, .F. ) ;
#928 = EDGE_CURVE ( 'NONE', #893, #90, #72, .T. ) ;
#929 = CARTESIAN_POINT ( 'NONE',  ( 9.999999999999998224, 4.099186911246343712, 6.000000000000000000 ) ) ;
#930 = EDGE_LOOP ( 'NONE', ( #328, #1536, #8, #847 ) ) ;
#931 = EDGE_CURVE ( 'NONE', #769, #1440, #229, .T. ) ;
#932 = DIRECTION ( 'NONE',  ( -1.000000000000000000, 0.000000000000000000, 0.000000000000000000 ) ) ;
#933 = ORIENTED_EDGE ( 'NONE', *, *, #1122, .T. ) ;
#934 = CARTESIAN_POINT ( 'NONE',  ( -8.699999999999997513, -6.870468203356548287, 5.700000000000004619 ) ) ;
#935 = FACE_OUTER_BOUND ( 'NONE', #1489, .T. ) ;
#936 = DIRECTION ( 'NONE',  ( -1.000000000000000000, 1.794541526872556098E-15, 0.000000000000000000 ) ) ;
#937 = ORIENTED_EDGE ( 'NONE', *, *, #592, .F. ) ;
#938 = FACE_OUTER_BOUND ( 'NONE', #382, .T. ) ;
#939 = ORIENTED_EDGE ( 'NONE', *, *, #640, .T. ) ;
#940 = CARTESIAN_POINT ( 'NONE',  ( 0.000000000000000000, 0.000000000000000000, 36.00000000000000000 ) ) ;
#941 = ADVANCED_FACE ( 'NONE', ( #935 ), #654, .T. ) ;
#942 = ORIENTED_EDGE ( 'NONE', *, *, #1601, .F. ) ;
#943 = CARTESIAN_POINT ( 'NONE',  ( -1.600000000000000755, 10.96965511460288845, 1.500000000000000000 ) ) ;
#944 = CARTESIAN_POINT ( 'NONE',  ( 0.5000000000000073275, -12.64397089525280649, 1.500000000000000000 ) ) ;
#945 = VERTEX_POINT ( 'NONE', #1225 ) ;
#946 = CARTESIAN_POINT ( 'NONE',  ( 10.69999999999999396, -6.754998149518621986, 1.200000000000003064 ) ) ;
#947 = ORIENTED_EDGE ( 'NONE', *, *, #1460, .T. ) ;
#948 = AXIS2_PLACEMENT_3D ( 'NONE', #1660, #516, #784 ) ;
#949 = CARTESIAN_POINT ( 'NONE',  ( 11.19999999999999218, 5.888972745734180059, 1.200000000000005285 ) ) ;
#950 = CONICAL_SURFACE ( 'NONE', #68, 2.900000000000005684, 0.7853981633974461696 ) ;
#951 = ORIENTED_EDGE ( 'NONE', *, *, #114, .F. ) ;
#952 = DIRECTION ( 'NONE',  ( -1.000000000000000000, 0.000000000000000000, 0.000000000000000000 ) ) ;
#953 = ADVANCED_FACE ( 'NONE', ( #1399, #1840 ), #86, .F. ) ;
#954 = AXIS2_PLACEMENT_3D ( 'NONE', #827, #678, #1865 ) ;
#955 = AXIS2_PLACEMENT_3D ( 'NONE', #1739, #153, #581 ) ;
#956 = CARTESIAN_POINT ( 'NONE',  ( -10.69999999999999218, -6.754998149518625539, 1.500000000000000000 ) ) ;
#957 = CARTESIAN_POINT ( 'NONE',  ( 11.06602540378443322, -6.388972745734185388, 1.333974596215565356 ) ) ;
#958 = ORIENTED_EDGE ( 'NONE', *, *, #1144, .F. ) ;
#959 = DIRECTION ( 'NONE',  ( 1.000000000000000000, 0.000000000000000000, 0.000000000000000000 ) ) ;
#960 = EDGE_CURVE ( 'NONE', #1667, #126, #471, .T. ) ;
#961 = VERTEX_POINT ( 'NONE', #1121 ) ;
#962 = DIRECTION ( 'NONE',  ( -0.000000000000000000, -0.000000000000000000, -1.000000000000000000 ) ) ;
#963 = DIRECTION ( 'NONE',  ( 0.000000000000000000, 0.000000000000000000, -1.000000000000000000 ) ) ;
#964 = DIRECTION ( 'NONE',  ( -0.8660254037844383745, -0.5000000000000004441, 0.000000000000000000 ) ) ;
#965 = ADVANCED_FACE ( 'NONE', ( #1080 ), #344, .F. ) ;
#966 = DIRECTION ( 'NONE',  ( 0.000000000000000000, 0.000000000000000000, 1.000000000000000000 ) ) ;
#967 = EDGE_LOOP ( 'NONE', ( #709, #787, #1767, #663 ) ) ;
#968 = LINE ( 'NONE', #997, #375 ) ;
#969 = EDGE_LOOP ( 'NONE', ( #1829, #93, #1278, #1296, #1717, #1339 ) ) ;
#970 = ORIENTED_EDGE ( 'NONE', *, *, #649, .T. ) ;
#971 = DIRECTION ( 'NONE',  ( -0.5000000000000001110, -0.8660254037844387076, 0.000000000000000000 ) ) ;
#972 = DIRECTION ( 'NONE',  ( 0.8660254037844385966, -0.5000000000000001110, 0.000000000000000000 ) ) ;
#973 = DIRECTION ( 'NONE',  ( -0.000000000000000000, -0.000000000000000000, 1.000000000000000000 ) ) ;
#974 = CARTESIAN_POINT ( 'NONE',  ( 0.000000000000000000, 0.000000000000000000, 0.000000000000000000 ) ) ;
#975 = EDGE_LOOP ( 'NONE', ( #669, #80, #652, #334, #1120, #464, #1061, #366, #53, #210, #1728, #111 ) ) ;
#976 = EDGE_CURVE ( 'NONE', #686, #1248, #1887, .T. ) ;
#977 = VECTOR ( 'NONE', #1616, 1000.000000000000000 ) ;
#978 = ORIENTED_EDGE ( 'NONE', *, *, #1328, .F. ) ;
#979 = CARTESIAN_POINT ( 'NONE',  ( 0.000000000000000000, 0.000000000000000000, 36.00000000000000000 ) ) ;
#980 = CARTESIAN_POINT ( 'NONE',  ( -10.29999999999999893, 5.946707772653140545, 6.000000000000000000 ) ) ;
#981 = AXIS2_PLACEMENT_3D ( 'NONE', #1338, #465, #332 ) ;
#982 = VECTOR ( 'NONE', #723, 1000.000000000000000 ) ;
#983 = EDGE_CURVE ( 'NONE', #25, #177, #280, .T. ) ;
#984 = CARTESIAN_POINT ( 'NONE',  ( 0.4999999999999943934, 12.64397089525280293, 0.000000000000000000 ) ) ;
#985 = CIRCLE ( 'NONE', #1879, 3.199999999999999734 ) ;
#986 = CARTESIAN_POINT ( 'NONE',  ( 3.549999999999997602, 4.347496136973100915E-16, 0.000000000000000000 ) ) ;
#987 = VECTOR ( 'NONE', #1154, 1000.000000000000000 ) ;
#988 = CARTESIAN_POINT ( 'NONE',  ( -10.90000000000000036, 6.293117934166925664, 1.500000000000000000 ) ) ;
#989 = ORIENTED_EDGE ( 'NONE', *, *, #1609, .F. ) ;
#990 = EDGE_CURVE ( 'NONE', #868, #636, #1652, .T. ) ;
#991 = CARTESIAN_POINT ( 'NONE',  ( 11.19999999999999218, -6.466323014923809787, 1.200000000000005285 ) ) ;
#992 = CARTESIAN_POINT ( 'NONE',  ( -0.1765567128029398303, 12.77794549146836722, 1.245696239814100492 ) ) ;
#993 =( BOUNDED_CURVE ( )  B_SPLINE_CURVE ( 3, ( #1295, #1882, #1481, #771 ),
 .UNSPECIFIED., .F., .F. ) 
 B_SPLINE_CURVE_WITH_KNOTS ( ( 4, 4 ),
 ( 2.656295322589489413E-15, 0.5235987755982989267 ),
 .UNSPECIFIED. ) 
 CURVE ( )  GEOMETRIC_REPRESENTATION_ITEM ( )  RATIONAL_B_SPLINE_CURVE ( ( 1.000000000000000000, 0.9772838841927123932, 0.9772838841927123932, 1.000000000000000000 ) ) 
 REPRESENTATION_ITEM ( '' )  );
#994 = FACE_OUTER_BOUND ( 'NONE', #1050, .T. ) ;
#995 = DIRECTION ( 'NONE',  ( -0.000000000000000000, -0.000000000000000000, -1.000000000000000000 ) ) ;
#996 = ORIENTED_EDGE ( 'NONE', *, *, #289, .T. ) ;
#997 = CARTESIAN_POINT ( 'NONE',  ( -4.099999999999999645, 0.000000000000000000, 36.00000000000000000 ) ) ;
#998 = ORIENTED_EDGE ( 'NONE', *, *, #863, .T. ) ;
#999 = CARTESIAN_POINT ( 'NONE',  ( -2.099999999999999645, 0.000000000000000000, 17.70000000000000995 ) ) ;
#1000 = FACE_OUTER_BOUND ( 'NONE', #1385, .T. ) ;
#1001 = EDGE_CURVE ( 'NONE', #29, #1345, #556, .T. ) ;
#1002 = CARTESIAN_POINT ( 'NONE',  ( 9.999999999999998224, 4.099186911246343712, 6.000000000000000000 ) ) ;
#1003 = CYLINDRICAL_SURFACE ( 'NONE', #533, 3.200000000000000178 ) ;
#1004 = ORIENTED_EDGE ( 'NONE', *, *, #579, .T. ) ;
#1005 = VERTEX_POINT ( 'NONE', #1870 ) ;
#1006 = DIRECTION ( 'NONE',  ( -0.7071067811865475727, 0.000000000000000000, 0.7071067811865475727 ) ) ;
#1007 = DIRECTION ( 'NONE',  ( -2.917115725703222401E-16, 1.000000000000000000, 0.000000000000000000 ) ) ;
#1008 = EDGE_CURVE ( 'NONE', #1298, #493, #258, .T. ) ;
#1009 = CIRCLE ( 'NONE', #921, 3.200000000000000178 ) ;
#1010 = PLANE ( 'NONE',  #135 ) ;
#1011 = VECTOR ( 'NONE', #667, 1000.000000000000000 ) ;
#1012 = ADVANCED_FACE ( 'NONE', ( #870 ), #142, .T. ) ;
#1013 = CIRCLE ( 'NONE', #1264, 3.549999999999997602 ) ;
#1014 = CARTESIAN_POINT ( 'NONE',  ( 3.312435565298239570, 4.056563612424342157E-16, 17.00000000000000000 ) ) ;
#1015 = ORIENTED_EDGE ( 'NONE', *, *, #640, .F. ) ;
#1016 = AXIS2_PLACEMENT_3D ( 'NONE', #1277, #966, #1550 ) ;
#1017 = CARTESIAN_POINT ( 'NONE',  ( 4.712628496655373033E-15, -12.77794549146836900, 1.333974596215567354 ) ) ;
#1018 = VERTEX_POINT ( 'NONE', #1447 ) ;
#1019 = PRESENTATION_LAYER_ASSIGNMENT (  '', '', ( #1850 ) ) ;
#1020 = EDGE_CURVE ( 'NONE', #358, #528, #859, .T. ) ;
#1021 = DIRECTION ( 'NONE',  ( 0.000000000000000000, -1.000000000000000000, 0.000000000000000000 ) ) ;
#1022 = PLANE ( 'NONE',  #345 ) ;
#1023 = DIRECTION ( 'NONE',  ( 0.000000000000000000, 0.000000000000000000, -1.000000000000000000 ) ) ;
#1024 = ORIENTED_EDGE ( 'NONE', *, *, #649, .F. ) ;
#1025 = EDGE_CURVE ( 'NONE', #299, #1224, #1861, .T. ) ;
#1026 = CARTESIAN_POINT ( 'NONE',  ( -3.250000000000000444, 0.000000000000000000, 0.2999999999999981570 ) ) ;
#1027 = CARTESIAN_POINT ( 'NONE',  ( 0.000000000000000000, 0.000000000000000000, 8.000000000000000000 ) ) ;
#1028 = CARTESIAN_POINT ( 'NONE',  ( 5.150000000000006573, -8.920061658979715702, 1.500000000000000000 ) ) ;
#1029 = ORIENTED_EDGE ( 'NONE', *, *, #692, .F. ) ;
#1030 = LINE ( 'NONE', #1066, #194 ) ;
#1031 = LINE ( 'NONE', #1755, #1078 ) ;
#1032 = ORIENTED_EDGE ( 'NONE', *, *, #1491, .T. ) ;
#1033 = EDGE_CURVE ( 'NONE', #299, #1188, #1419, .T. ) ;
#1034 = CARTESIAN_POINT ( 'NONE',  ( 0.000000000000000000, 0.000000000000000000, 36.00000000000000000 ) ) ;
#1035 = LINE ( 'NONE', #49, #612 ) ;
#1036 = FACE_BOUND ( 'NONE', #1037, .T. ) ;
#1037 = EDGE_LOOP ( 'NONE', ( #1816, #734 ) ) ;
#1038 = CARTESIAN_POINT ( 'NONE',  ( -1.734723475976807094E-15, 8.198373822492685647, 1.499999999999999556 ) ) ;
#1039 = DIRECTION ( 'NONE',  ( -1.000000000000000000, 0.000000000000000000, 0.000000000000000000 ) ) ;
#1040 = AXIS2_PLACEMENT_3D ( 'NONE', #547, #1456, #1446 ) ;
#1041 = CARTESIAN_POINT ( 'NONE',  ( -1.734723475976807094E-15, 8.198373822492685647, 5.700000000000004619 ) ) ;
#1042 = EDGE_LOOP ( 'NONE', ( #755, #488, #1150, #1711 ) ) ;
#1043 = AXIS2_PLACEMENT_3D ( 'NONE', #628, #1743, #1605 ) ;
#1044 =( BOUNDED_CURVE ( )  B_SPLINE_CURVE ( 3, ( #946, #1539, #1834, #957 ),
 .UNSPECIFIED., .F., .F. ) 
 B_SPLINE_CURVE_WITH_KNOTS ( ( 4, 4 ),
 ( 7.047314121155781779E-16, 0.5235987755982989267 ),
 .UNSPECIFIED. ) 
 CURVE ( )  GEOMETRIC_REPRESENTATION_ITEM ( )  RATIONAL_B_SPLINE_CURVE ( ( 1.000000000000000000, 0.9772838841927120601, 0.9772838841927120601, 1.000000000000000000 ) ) 
 REPRESENTATION_ITEM ( '' )  );
#1045 = AXIS2_PLACEMENT_3D ( 'NONE', #1244, #519, #1664 ) ;
#1046 = DIRECTION ( 'NONE',  ( 0.3420201433256649937, 4.188538737676946159E-17, -0.9396926207859097602 ) ) ;
#1047 = CONICAL_SURFACE ( 'NONE', #693, 3.372059531467595850, 0.3490658503988640637 ) ;
#1048 = LINE ( 'NONE', #629, #1746 ) ;
#1049 = ADVANCED_FACE ( 'NONE', ( #1153 ), #1714, .T. ) ;
#1050 = EDGE_LOOP ( 'NONE', ( #146, #1704, #1455, #1395 ) ) ;
#1051 = DIRECTION ( 'NONE',  ( -1.000000000000000000, 0.000000000000000000, 0.000000000000000000 ) ) ;
#1052 = DIRECTION ( 'NONE',  ( -0.8660254037844382635, -0.5000000000000004441, 0.000000000000000000 ) ) ;
#1053 = CARTESIAN_POINT ( 'NONE',  ( 0.000000000000000000, 0.000000000000000000, 17.70000000000000995 ) ) ;
#1054 = ORIENTED_EDGE ( 'NONE', *, *, #1709, .T. ) ;
#1055 = DIRECTION ( 'NONE',  ( 0.000000000000000000, 0.000000000000000000, -1.000000000000000000 ) ) ;
#1056 = CARTESIAN_POINT ( 'NONE',  ( 8.550000000000002487, -6.610660582221219883, 6.000000000000000000 ) ) ;
#1057 = EDGE_LOOP ( 'NONE', ( #1566, #1234, #535, #1459 ) ) ;
#1058 = CARTESIAN_POINT ( 'NONE',  ( -5.049999999999999822, 0.000000000000000000, 19.13737387097278386 ) ) ;
#1059 = EDGE_CURVE ( 'NONE', #308, #214, #716, .T. ) ;
#1060 = CARTESIAN_POINT ( 'NONE',  ( 6.993104012531503599E-15, -12.93264602984762135, 0.000000000000000000 ) ) ;
#1061 = ORIENTED_EDGE ( 'NONE', *, *, #1366, .T. ) ;
#1062 = ORIENTED_EDGE ( 'NONE', *, *, #1245, .T. ) ;
#1063 = CARTESIAN_POINT ( 'NONE',  ( -11.06602540378443145, -6.388972745734185388, 1.333974596215568020 ) ) ;
#1064 = ADVANCED_FACE ( 'NONE', ( #106 ), #1273, .T. ) ;
#1065 = ORIENTED_EDGE ( 'NONE', *, *, #201, .T. ) ;
#1066 = CARTESIAN_POINT ( 'NONE',  ( 3.372059531467595850, 4.129581911746114617E-16, 36.00000000000000000 ) ) ;
#1067 = ADVANCED_FACE ( 'NONE', ( #1308 ), #1435, .T. ) ;
#1068 = CARTESIAN_POINT ( 'NONE',  ( -0.3470974015039774430, -12.73224925165427734, 1.200000000000007061 ) ) ;
#1069 = ORIENTED_EDGE ( 'NONE', *, *, #1813, .T. ) ;
#1070 = VECTOR ( 'NONE', #637, 1000.000000000000114 ) ;
#1071 = ADVANCED_FACE ( 'NONE', ( #1291 ), #1428, .T. ) ;
#1072 = CARTESIAN_POINT ( 'NONE',  ( 10.19999999999999396, 5.888972745734180947, 0.000000000000000000 ) ) ;
#1073 = ORIENTED_EDGE ( 'NONE', *, *, #931, .T. ) ;
#1074 = VECTOR ( 'NONE', #752, 1000.000000000000000 ) ;
#1075 = CARTESIAN_POINT ( 'NONE',  ( 5.149999999999998579, 8.920061658979712149, 1.500000000000000000 ) ) ;
#1076 = EDGE_LOOP ( 'NONE', ( #1117, #1342, #140, #708, #1719 ) ) ;
#1077 = AXIS2_PLACEMENT_3D ( 'NONE', #639, #963, #1100 ) ;
#1078 = VECTOR ( 'NONE', #880, 1000.000000000000114 ) ;
#1079 = DIRECTION ( 'NONE',  ( -1.000000000000000000, 0.000000000000000000, 0.000000000000000000 ) ) ;
#1080 = FACE_OUTER_BOUND ( 'NONE', #1348, .T. ) ;
#1081 = AXIS2_PLACEMENT_3D ( 'NONE', #423, #1302, #430 ) ;
#1082 = FACE_OUTER_BOUND ( 'NONE', #21, .T. ) ;
#1083 = EDGE_LOOP ( 'NONE', ( #495, #1305, #40, #1846 ) ) ;
#1084 = DIRECTION ( 'NONE',  ( 0.000000000000000000, 0.000000000000000000, -1.000000000000000000 ) ) ;
#1085 = ORIENTED_EDGE ( 'NONE', *, *, #1613, .T. ) ;
#1086 = EDGE_CURVE ( 'NONE', #1621, #1885, #1570, .T. ) ;
#1087 = FACE_OUTER_BOUND ( 'NONE', #967, .T. ) ;
#1088 = ORIENTED_EDGE ( 'NONE', *, *, #4, .F. ) ;
#1089 = VERTEX_POINT ( 'NONE', #422 ) ;
#1090 = CARTESIAN_POINT ( 'NONE',  ( 1.599999999999998090, 10.96965511460288667, 5.700000000000004619 ) ) ;
#1091 = DIRECTION ( 'NONE',  ( 0.000000000000000000, 0.000000000000000000, -1.000000000000000000 ) ) ;
#1092 = CYLINDRICAL_SURFACE ( 'NONE', #1422, 2.099999999999999645 ) ;
#1093 = ORIENTED_EDGE ( 'NONE', *, *, #1718, .T. ) ;
#1094 = DIRECTION ( 'NONE',  ( -1.000000000000000000, 0.000000000000000000, 0.000000000000000000 ) ) ;
#1095 = ORIENTED_EDGE ( 'NONE', *, *, #1144, .T. ) ;
#1096 = ADVANCED_FACE ( 'NONE', ( #1000 ), #1166, .T. ) ;
#1097 = DIRECTION ( 'NONE',  ( -0.6546536707079766426, -0.3779644730092289739, 0.6546536707079766426 ) ) ;
#1098 = ORIENTED_EDGE ( 'NONE', *, *, #1709, .F. ) ;
#1099 = EDGE_LOOP ( 'NONE', ( #1866, #1263, #1350, #781 ) ) ;
#1100 = DIRECTION ( 'NONE',  ( -1.000000000000000000, 0.000000000000000000, 0.000000000000000000 ) ) ;
#1101 = CARTESIAN_POINT ( 'NONE',  ( -7.049999999999999822, 0.000000000000000000, 8.000000000000000000 ) ) ;
#1102 = DIRECTION ( 'NONE',  ( -0.8660254037844385966, 0.5000000000000000000, 0.000000000000000000 ) ) ;
#1103 = EDGE_LOOP ( 'NONE', ( #905, #1735, #937, #1088 ) ) ;
#1104 = ADVANCED_FACE ( 'NONE', ( #1759 ), #1200, .F. ) ;
#1105 = AXIS2_PLACEMENT_3D ( 'NONE', #599, #1758, #1768 ) ;
#1106 = CARTESIAN_POINT ( 'NONE',  ( -11.19999999999999396, -5.888972745734184500, 1.200000000000005285 ) ) ;
#1107 = ORIENTED_EDGE ( 'NONE', *, *, #806, .F. ) ;
#1108 = AXIS2_PLACEMENT_3D ( 'NONE', #855, #703, #1286 ) ;
#1109 = LINE ( 'NONE', #1075, #646 ) ;
#1110 = ORIENTED_EDGE ( 'NONE', *, *, #1183, .T. ) ;
#1111 = AXIS2_PLACEMENT_3D ( 'NONE', #1175, #770, #1352 ) ;
#1112 = CARTESIAN_POINT ( 'NONE',  ( -10.29999999999999893, 4.099186911246341047, 5.700000000000004619 ) ) ;
#1113 = CIRCLE ( 'NONE', #833, 5.049999999999999822 ) ;
#1114 = LINE ( 'NONE', #1546, #585 ) ;
#1115 = CARTESIAN_POINT ( 'NONE',  ( 1.450000000000009281, -10.70984749346756360, 6.000000000000000000 ) ) ;
#1116 = CARTESIAN_POINT ( 'NONE',  ( 10.69999999999999218, 6.754998149518621098, 1.500000000000000000 ) ) ;
#1117 = ORIENTED_EDGE ( 'NONE', *, *, #681, .F. ) ;
#1118 = DIRECTION ( 'NONE',  ( 0.000000000000000000, 0.000000000000000000, -1.000000000000000000 ) ) ;
#1119 = ORIENTED_EDGE ( 'NONE', *, *, #1502, .F. ) ;
#1120 = ORIENTED_EDGE ( 'NONE', *, *, #1445, .T. ) ;
#1121 = CARTESIAN_POINT ( 'NONE',  ( -1.599999999999996092, -10.96965511460289200, 5.700000000000003730 ) ) ;
#1122 = EDGE_CURVE ( 'NONE', #686, #945, #63, .T. ) ;
#1123 = CARTESIAN_POINT ( 'NONE',  ( 11.15430376018590053, -6.236070147238171657, 1.245696239814099160 ) ) ;
#1124 = DIRECTION ( 'NONE',  ( 0.000000000000000000, 0.000000000000000000, -1.000000000000000000 ) ) ;
#1125 = ORIENTED_EDGE ( 'NONE', *, *, #735, .F. ) ;
#1126 = EDGE_LOOP ( 'NONE', ( #684, #665, #508, #1426 ) ) ;
#1127 = EDGE_CURVE ( 'NONE', #308, #90, #900, .T. ) ;
#1128 = CARTESIAN_POINT ( 'NONE',  ( -1.600000000000000755, 10.96965511460288845, 5.700000000000004619 ) ) ;
#1129 = CARTESIAN_POINT ( 'NONE',  ( -0.3470974015039945404, 12.73224925165426846, 1.200000000000004841 ) ) ;
#1130 = CARTESIAN_POINT ( 'NONE',  ( 5.204170427930421283E-15, -8.198373822492687424, 6.000000000000000000 ) ) ;
#1131 = FACE_OUTER_BOUND ( 'NONE', #221, .T. ) ;
#1132 = ADVANCED_FACE ( 'NONE', ( #938 ), #1022, .T. ) ;
#1133 = CARTESIAN_POINT ( 'NONE',  ( -10.29999999999999893, 4.099186911246341047, 1.500000000000000000 ) ) ;
#1134 = EDGE_CURVE ( 'NONE', #214, #1849, #600, .T. ) ;
#1135 = AXIS2_PLACEMENT_3D ( 'NONE', #1027, #1794, #1644 ) ;
#1136 = ORIENTED_EDGE ( 'NONE', *, *, #1738, .T. ) ;
#1137 = CYLINDRICAL_SURFACE ( 'NONE', #192, 1.000000000000000000 ) ;
#1138 = CARTESIAN_POINT ( 'NONE',  ( 8.699999999999992184, 6.870468203356545622, 5.700000000000005507 ) ) ;
#1139 = CIRCLE ( 'NONE', #377, 1.000000000000000000 ) ;
#1140 = AXIS2_PLACEMENT_3D ( 'NONE', #1147, #3, #1731 ) ;
#1141 = DIRECTION ( 'NONE',  ( -1.000000000000000000, 0.000000000000000000, 0.000000000000000000 ) ) ;
#1142 = VECTOR ( 'NONE', #98, 1000.000000000000227 ) ;
#1143 = CARTESIAN_POINT ( 'NONE',  ( -8.550000000000000711, 6.610660582221218107, 6.000000000000000000 ) ) ;
#1144 = EDGE_CURVE ( 'NONE', #945, #36, #1182, .T. ) ;
#1145 = ORIENTED_EDGE ( 'NONE', *, *, #114, .T. ) ;
#1146 = CARTESIAN_POINT ( 'NONE',  ( -0.1500000000000029643, 12.67283840871228762, 1.500000000000000000 ) ) ;
#1147 = CARTESIAN_POINT ( 'NONE',  ( 7.099999999999993427, 4.099186911246341936, 1.499999999999999556 ) ) ;
#1148 = ORIENTED_EDGE ( 'NONE', *, *, #1122, .F. ) ;
#1149 = DIRECTION ( 'NONE',  ( -0.000000000000000000, -0.000000000000000000, -1.000000000000000000 ) ) ;
#1150 = ORIENTED_EDGE ( 'NONE', *, *, #1274, .T. ) ;
#1151 = EDGE_CURVE ( 'NONE', #1440, #769, #1113, .T. ) ;
#1152 = DIRECTION ( 'NONE',  ( 0.3535533905932772281, -0.6123724356957915838, 0.7071067811865483499 ) ) ;
#1153 = FACE_OUTER_BOUND ( 'NONE', #1578, .T. ) ;
#1154 = DIRECTION ( 'NONE',  ( -0.000000000000000000, -0.000000000000000000, 1.000000000000000000 ) ) ;
#1155 = CARTESIAN_POINT ( 'NONE',  ( 0.000000000000000000, 0.000000000000000000, 33.99999999999999289 ) ) ;
#1156 = DIRECTION ( 'NONE',  ( -1.000000000000000000, 0.000000000000000000, 0.000000000000000000 ) ) ;
#1157 = VERTEX_POINT ( 'NONE', #1769 ) ;
#1158 = CIRCLE ( 'NONE', #1690, 2.099999999999999645 ) ;
#1159 = VECTOR ( 'NONE', #487, 1000.000000000000114 ) ;
#1160 = DIRECTION ( 'NONE',  ( 0.000000000000000000, 0.000000000000000000, -1.000000000000000000 ) ) ;
#1161 = DIRECTION ( 'NONE',  ( -0.8660254037844383745, -0.5000000000000006661, 0.000000000000000000 ) ) ;
#1162 = VECTOR ( 'NONE', #1290, 1000.000000000000114 ) ;
#1163 = EDGE_CURVE ( 'NONE', #169, #1734, #1669, .T. ) ;
#1164 = CYLINDRICAL_SURFACE ( 'NONE', #1206, 3.250000000000000444 ) ;
#1165 = CONICAL_SURFACE ( 'NONE', #343, 4.099999999999999645, 0.3490658503988619543 ) ;
#1166 = CONICAL_SURFACE ( 'NONE', #131, 2.900000000000005684, 0.7853981633974461696 ) ;
#1167 = CARTESIAN_POINT ( 'NONE',  ( -11.19999999999999396, 6.466323014923805346, 1.200000000000005285 ) ) ;
#1168 = ORIENTED_EDGE ( 'NONE', *, *, #1718, .F. ) ;
#1169 = UNCERTAINTY_MEASURE_WITH_UNIT (LENGTH_MEASURE( 1.000000000000000082E-05 ), #1492, 'distance_accuracy_value', 'NONE');
#1170 = CIRCLE ( 'NONE', #73, 1.000000000000000000 ) ;
#1171 = CARTESIAN_POINT ( 'NONE',  ( -1.450000000000004174, 10.70984749346756182, 6.000000000000000000 ) ) ;
#1172 = PLANE ( 'NONE',  #1105 ) ;
#1173 = CARTESIAN_POINT ( 'NONE',  ( 11.19999999999999218, 5.888972745734180947, 1.500000000000000000 ) ) ;
#1174 = ORIENTED_EDGE ( 'NONE', *, *, #719, .T. ) ;
#1175 = CARTESIAN_POINT ( 'NONE',  ( 0.000000000000000000, 0.000000000000000000, 0.2999999999999981570 ) ) ;
#1176 = CYLINDRICAL_SURFACE ( 'NONE', #955, 5.049999999999999822 ) ;
#1177 = ADVANCED_FACE ( 'NONE', ( #1658 ), #436, .T. ) ;
#1178 = DIRECTION ( 'NONE',  ( -1.000000000000000000, 0.000000000000000000, 0.000000000000000000 ) ) ;
#1179 = EDGE_LOOP ( 'NONE', ( #902, #1191, #1793, #1032, #459, #417 ) ) ;
#1180 = DIRECTION ( 'NONE',  ( 0.000000000000000000, 0.000000000000000000, -1.000000000000000000 ) ) ;
#1181 = CARTESIAN_POINT ( 'NONE',  ( 4.712628496655373033E-15, -12.77794549146836900, 1.333974596215567354 ) ) ;
#1182 = LINE ( 'NONE', #218, #1480 ) ;
#1183 = EDGE_CURVE ( 'NONE', #36, #1529, #923, .T. ) ;
#1184 = ORIENTED_EDGE ( 'NONE', *, *, #1738, .F. ) ;
#1185 = FACE_OUTER_BOUND ( 'NONE', #674, .T. ) ;
#1186 = CARTESIAN_POINT ( 'NONE',  ( 10.19999999999999396, 5.888972745734180947, 1.500000000000000000 ) ) ;
#1187 = DIRECTION ( 'NONE',  ( -8.443406240736095930E-16, -0.7559289460184547282, -0.6546536707079767536 ) ) ;
#1188 = VERTEX_POINT ( 'NONE', #458 ) ;
#1189 = CARTESIAN_POINT ( 'NONE',  ( -5.150000000000003020, 8.920061658979713926, 1.500000000000000000 ) ) ;
#1190 =( BOUNDED_CURVE ( )  B_SPLINE_CURVE ( 3, ( #926, #1799, #501, #1227 ),
 .UNSPECIFIED., .F., .T. ) 
 B_SPLINE_CURVE_WITH_KNOTS ( ( 4, 4 ),
 ( 5.759586531581287971, 6.283185307179586232 ),
 .UNSPECIFIED. ) 
 CURVE ( )  GEOMETRIC_REPRESENTATION_ITEM ( )  RATIONAL_B_SPLINE_CURVE ( ( 1.000000000000000000, 0.9772838841927120601, 0.9772838841927120601, 1.000000000000000000 ) ) 
 REPRESENTATION_ITEM ( '' )  );
#1191 = ORIENTED_EDGE ( 'NONE', *, *, #990, .T. ) ;
#1192 = EDGE_CURVE ( 'NONE', #868, #1089, #1376, .T. ) ;
#1193 = DIRECTION ( 'NONE',  ( 0.000000000000000000, 0.000000000000000000, -1.000000000000000000 ) ) ;
#1194 = ORIENTED_EDGE ( 'NONE', *, *, #58, .F. ) ;
#1195 = CARTESIAN_POINT ( 'NONE',  ( 0.000000000000000000, 0.000000000000000000, 17.00000000000000000 ) ) ;
#1196 = AXIS2_PLACEMENT_3D ( 'NONE', #940, #76, #1242 ) ;
#1197 = CARTESIAN_POINT ( 'NONE',  ( 11.19999999999999218, -5.888972745734185388, 1.500000000000000000 ) ) ;
#1198 = VERTEX_POINT ( 'NONE', #1608 ) ;
#1199 = AXIS2_PLACEMENT_3D ( 'NONE', #1195, #474, #1051 ) ;
#1200 = CONICAL_SURFACE ( 'NONE', #160, 3.312435565298239570, 1.047197551196600962 ) ;
#1201 = DIRECTION ( 'NONE',  ( 0.000000000000000000, 0.000000000000000000, -1.000000000000000000 ) ) ;
#1202 = ORIENTED_EDGE ( 'NONE', *, *, #931, .F. ) ;
#1203 = CIRCLE ( 'NONE', #1600, 3.199999999999999734 ) ;
#1204 = ADVANCED_FACE ( 'NONE', ( #1036, #301 ), #1617, .T. ) ;
#1205 = LINE ( 'NONE', #1651, #1686 ) ;
#1206 = AXIS2_PLACEMENT_3D ( 'NONE', #741, #594, #1141 ) ;
#1207 = EDGE_LOOP ( 'NONE', ( #476, #671, #1873, #951 ) ) ;
#1208 = CARTESIAN_POINT ( 'NONE',  ( 8.699999999999992184, 6.870468203356545622, 6.000000000000000000 ) ) ;
#1209 = CARTESIAN_POINT ( 'NONE',  ( -5.150000000000000355, -8.920061658979717478, 1.500000000000000000 ) ) ;
#1210 = ORIENTED_EDGE ( 'NONE', *, *, #361, .F. ) ;
#1211 = EDGE_CURVE ( 'NONE', #351, #961, #1878, .T. ) ;
#1212 = DIRECTION ( 'NONE',  ( 0.000000000000000000, 0.000000000000000000, -1.000000000000000000 ) ) ;
#1213 = CARTESIAN_POINT ( 'NONE',  ( 7.049999999999999822, 8.633759933988839975E-16, 8.000000000000000000 ) ) ;
#1214 = EDGE_CURVE ( 'NONE', #90, #351, #1465, .T. ) ;
#1215 = EDGE_LOOP ( 'NONE', ( #1107, #764, #821, #118 ) ) ;
#1216 = DIRECTION ( 'NONE',  ( -1.000000000000000000, 0.000000000000000000, 0.000000000000000000 ) ) ;
#1217 =( NAMED_UNIT ( * ) PLANE_ANGLE_UNIT ( ) SI_UNIT ( $, .RADIAN. ) );
#1218 = EDGE_CURVE ( 'NONE', #419, #425, #590, .T. ) ;
#1219 = DIRECTION ( 'NONE',  ( 0.000000000000000000, 0.000000000000000000, -1.000000000000000000 ) ) ;
#1220 = ORIENTED_EDGE ( 'NONE', *, *, #1059, .F. ) ;
#1221 = DIRECTION ( 'NONE',  ( 0.000000000000000000, 0.000000000000000000, -1.000000000000000000 ) ) ;
#1222 = ORIENTED_EDGE ( 'NONE', *, *, #562, .T. ) ;
#1223 = CARTESIAN_POINT ( 'NONE',  ( 6.070916777034109634E-15, -12.93264602984762135, 1.200000000000003064 ) ) ;
#1224 = VERTEX_POINT ( 'NONE', #447 ) ;
#1225 = CARTESIAN_POINT ( 'NONE',  ( -10.29999999999999538, -4.099186911246346376, 5.700000000000004619 ) ) ;
#1226 = EDGE_CURVE ( 'NONE', #169, #90, #1801, .T. ) ;
#1227 = CARTESIAN_POINT ( 'NONE',  ( -11.19999999999999396, 5.888972745734181835, 1.200000000000005285 ) ) ;
#1228 = ORIENTED_EDGE ( 'NONE', *, *, #409, .T. ) ;
#1229 = CARTESIAN_POINT ( 'NONE',  ( 7.099999999999993427, 4.099186911246341936, 6.000000000000000000 ) ) ;
#1230 = ORIENTED_EDGE ( 'NONE', *, *, #116, .T. ) ;
#1231 = AXIS2_PLACEMENT_3D ( 'NONE', #1253, #529, #1265 ) ;
#1232 = CARTESIAN_POINT ( 'NONE',  ( 8.000000000000007105, 4.618802153517004960, 4.399999999999990585 ) ) ;
#1233 = AXIS2_PLACEMENT_3D ( 'NONE', #1577, #1270, #1691 ) ;
#1234 = ORIENTED_EDGE ( 'NONE', *, *, #1211, .F. ) ;
#1235 = CARTESIAN_POINT ( 'NONE',  ( 10.19999999999999396, -5.888972745734185388, 1.500000000000000000 ) ) ;
#1236 = CIRCLE ( 'NONE', #695, 3.372059531467595850 ) ;
#1237 = FACE_OUTER_BOUND ( 'NONE', #1324, .T. ) ;
#1238 = ORIENTED_EDGE ( 'NONE', *, *, #1358, .F. ) ;
#1239 = EDGE_CURVE ( 'NONE', #1251, #419, #1357, .T. ) ;
#1240 = CARTESIAN_POINT ( 'NONE',  ( -10.19999999999999396, 5.888972745734181835, 1.500000000000000000 ) ) ;
#1241 = VERTEX_POINT ( 'NONE', #89 ) ;
#1242 = DIRECTION ( 'NONE',  ( 1.000000000000000000, 0.000000000000000000, 0.000000000000000000 ) ) ;
#1243 = DIRECTION ( 'NONE',  ( 0.000000000000000000, 0.000000000000000000, -1.000000000000000000 ) ) ;
#1244 = CARTESIAN_POINT ( 'NONE',  ( 0.000000000000000000, 0.000000000000000000, 0.000000000000000000 ) ) ;
#1245 = EDGE_CURVE ( 'NONE', #1522, #1251, #545, .T. ) ;
#1246 = DIRECTION ( 'NONE',  ( -1.000000000000000000, 0.000000000000000000, 0.000000000000000000 ) ) ;
#1247 = LINE ( 'NONE', #389, #1661 ) ;
#1248 = VERTEX_POINT ( 'NONE', #1133 ) ;
#1249 = EDGE_LOOP ( 'NONE', ( #1318, #958, #32, #772 ) ) ;
#1250 = LINE ( 'NONE', #494, #828 ) ;
#1251 = VERTEX_POINT ( 'NONE', #534 ) ;
#1252 = ORIENTED_EDGE ( 'NONE', *, *, #1520, .F. ) ;
#1253 = CARTESIAN_POINT ( 'NONE',  ( 0.000000000000000000, 0.000000000000000000, 6.000000000000000000 ) ) ;
#1254 = DIRECTION ( 'NONE',  ( -0.000000000000000000, 1.000000000000000000, 0.000000000000000000 ) ) ;
#1255 = AXIS2_PLACEMENT_3D ( 'NONE', #588, #913, #1637 ) ;
#1256 = VECTOR ( 'NONE', #171, 999.9999999999998863 ) ;
#1257 = FACE_OUTER_BOUND ( 'NONE', #666, .T. ) ;
#1258 = ORIENTED_EDGE ( 'NONE', *, *, #1381, .T. ) ;
#1259 = VECTOR ( 'NONE', #120, 1000.000000000000000 ) ;
#1260 = DIRECTION ( 'NONE',  ( 1.000000000000000000, 0.000000000000000000, 0.000000000000000000 ) ) ;
#1261 = VERTEX_POINT ( 'NONE', #809 ) ;
#1262 = EDGE_CURVE ( 'NONE', #1827, #1288, #1013, .T. ) ;
#1263 = ORIENTED_EDGE ( 'NONE', *, *, #340, .T. ) ;
#1264 = AXIS2_PLACEMENT_3D ( 'NONE', #1402, #256, #1700 ) ;
#1265 = DIRECTION ( 'NONE',  ( -1.000000000000000000, 0.000000000000000000, 0.000000000000000000 ) ) ;
#1266 = VECTOR ( 'NONE', #1284, 1000.000000000000000 ) ;
#1267 = CARTESIAN_POINT ( 'NONE',  ( -7.463786355260531969E-15, 12.77794549146836545, 1.333974596215568686 ) ) ;
#1268 = LINE ( 'NONE', #1732, #1483 ) ;
#1269 = PRODUCT_DEFINITION_CONTEXT ( 'detailed design', #183, 'design' ) ;
#1270 = DIRECTION ( 'NONE',  ( -0.3535533905932745080, -0.6123724356957959136, 0.7071067811865459074 ) ) ;
#1271 = ORIENTED_EDGE ( 'NONE', *, *, #1328, .T. ) ;
#1272 = CARTESIAN_POINT ( 'NONE',  ( 3.250000000000000444, 3.980102097228898231E-16, 17.00000000000000000 ) ) ;
#1273 = PLANE ( 'NONE',  #1657 ) ;
#1274 = EDGE_CURVE ( 'NONE', #769, #790, #1716, .T. ) ;
#1275 = ADVANCED_FACE ( 'NONE', ( #1678 ), #407, .T. ) ;
#1276 = DIRECTION ( 'NONE',  ( 0.000000000000000000, 0.000000000000000000, -1.000000000000000000 ) ) ;
#1277 = CARTESIAN_POINT ( 'NONE',  ( 0.000000000000000000, 0.000000000000000000, 17.03604719043194748 ) ) ;
#1278 = ORIENTED_EDGE ( 'NONE', *, *, #81, .F. ) ;
#1279 = EDGE_LOOP ( 'NONE', ( #554, #249, #348, #1496, #1004, #838 ) ) ;
#1280 = DIRECTION ( 'NONE',  ( -0.7071067811865465735, 0.000000000000000000, 0.7071067811865485719 ) ) ;
#1281 = CARTESIAN_POINT ( 'NONE',  ( 0.000000000000000000, 0.000000000000000000, 36.00000000000000000 ) ) ;
#1282 = CARTESIAN_POINT ( 'NONE',  ( -11.19999999999999396, 5.888972745734181835, 1.500000000000000000 ) ) ;
#1283 = EDGE_CURVE ( 'NONE', #1705, #276, #920, .T. ) ;
#1284 = DIRECTION ( 'NONE',  ( -0.000000000000000000, -0.000000000000000000, -1.000000000000000000 ) ) ;
#1285 = VERTEX_POINT ( 'NONE', #390 ) ;
#1286 = DIRECTION ( 'NONE',  ( -1.000000000000000000, 0.000000000000000000, 0.000000000000000000 ) ) ;
#1287 = VECTOR ( 'NONE', #1542, 1000.000000000000000 ) ;
#1288 = VERTEX_POINT ( 'NONE', #986 ) ;
#1289 = AXIS2_PLACEMENT_3D ( 'NONE', #811, #84, #1370 ) ;
#1290 = DIRECTION ( 'NONE',  ( -0.8660254037844385966, 0.5000000000000001110, 0.000000000000000000 ) ) ;
#1291 = FACE_OUTER_BOUND ( 'NONE', #200, .T. ) ;
#1292 = AXIS2_PLACEMENT_3D ( 'NONE', #1101, #542, #1212 ) ;
#1293 = AXIS2_PLACEMENT_3D ( 'NONE', #1685, #374, #1555 ) ;
#1294 = CARTESIAN_POINT ( 'NONE',  ( 0.4999999999999941713, 12.64397089525280293, 1.500000000000000000 ) ) ;
#1295 = CARTESIAN_POINT ( 'NONE',  ( -10.69999999999999574, 6.754998149518617545, 1.200000000000005285 ) ) ;
#1296 = ORIENTED_EDGE ( 'NONE', *, *, #1843, .F. ) ;
#1297 = EDGE_CURVE ( 'NONE', #514, #56, #100, .T. ) ;
#1298 = VERTEX_POINT ( 'NONE', #694 ) ;
#1299 = LINE ( 'NONE', #1860, #1438 ) ;
#1300 = DIRECTION ( 'NONE',  ( 0.5000000000000006661, -0.8660254037844382635, 0.000000000000000000 ) ) ;
#1301 = ADVANCED_FACE ( 'NONE', ( #1558 ), #1783, .T. ) ;
#1302 = DIRECTION ( 'NONE',  ( 0.3535533905932749521, -0.6123724356957956916, 0.7071067811865459074 ) ) ;
#1303 = CARTESIAN_POINT ( 'NONE',  ( -11.19999999999999396, 5.888972745734181835, 1.200000000000005285 ) ) ;
#1304 = DIRECTION ( 'NONE',  ( 0.000000000000000000, 0.000000000000000000, -1.000000000000000000 ) ) ;
#1305 = ORIENTED_EDGE ( 'NONE', *, *, #850, .F. ) ;
#1306 = EDGE_CURVE ( 'NONE', #1774, #1251, #248, .T. ) ;
#1307 = FACE_OUTER_BOUND ( 'NONE', #287, .T. ) ;
#1308 = FACE_OUTER_BOUND ( 'NONE', #1604, .T. ) ;
#1309 = SURFACE_STYLE_USAGE ( .BOTH. , #1871 ) ;
#1310 = LINE ( 'NONE', #892, #472 ) ;
#1311 = ORIENTED_EDGE ( 'NONE', *, *, #442, .T. ) ;
#1312 = CARTESIAN_POINT ( 'NONE',  ( 11.06602540378443322, 6.388972745734183611, 1.333974596215565578 ) ) ;
#1313 = ORIENTED_EDGE ( 'NONE', *, *, #203, .T. ) ;
#1314 = LINE ( 'NONE', #1232, #1382 ) ;
#1315 = CARTESIAN_POINT ( 'NONE',  ( 8.550000000000002487, -6.610660582221219883, 6.000000000000000000 ) ) ;
#1316 = ADVANCED_FACE ( 'NONE', ( #513 ), #551, .T. ) ;
#1317 = VECTOR ( 'NONE', #1405, 1000.000000000000114 ) ;
#1318 = ORIENTED_EDGE ( 'NONE', *, *, #1765, .T. ) ;
#1319 = AXIS2_PLACEMENT_3D ( 'NONE', #1533, #223, #952 ) ;
#1320 = DIRECTION ( 'NONE',  ( 0.000000000000000000, 0.000000000000000000, -1.000000000000000000 ) ) ;
#1321 = LINE ( 'NONE', #731, #165 ) ;
#1322 = AXIS2_PLACEMENT_3D ( 'NONE', #134, #841, #121 ) ;
#1323 = LINE ( 'NONE', #1458, #320 ) ;
#1324 = EDGE_LOOP ( 'NONE', ( #1125, #751, #1701, #296 ) ) ;
#1325 = VECTOR ( 'NONE', #304, 1000.000000000000227 ) ;
#1326 = PLANE ( 'NONE',  #981 ) ;
#1327 =( BOUNDED_CURVE ( )  B_SPLINE_CURVE ( 3, ( #633, #1068, #1653, #832 ),
 .UNSPECIFIED., .F., .T. ) 
 B_SPLINE_CURVE_WITH_KNOTS ( ( 4, 4 ),
 ( 5.312590645178970149E-15, 0.5235987755982967062 ),
 .UNSPECIFIED. ) 
 CURVE ( )  GEOMETRIC_REPRESENTATION_ITEM ( )  RATIONAL_B_SPLINE_CURVE ( ( 1.000000000000000000, 0.9772838841927127262, 0.9772838841927127262, 1.000000000000000000 ) ) 
 REPRESENTATION_ITEM ( '' )  );
#1328 = EDGE_CURVE ( 'NONE', #1345, #1833, #1170, .T. ) ;
#1329 = VECTOR ( 'NONE', #714, 1000.000000000000114 ) ;
#1330 = CARTESIAN_POINT ( 'NONE',  ( 0.3470974015039937632, -12.73224925165427557, 1.200000000000003064 ) ) ;
#1331 = DIRECTION ( 'NONE',  ( -1.000000000000000000, 0.000000000000000000, 0.000000000000000000 ) ) ;
#1332 = ORIENTED_EDGE ( 'NONE', *, *, #1335, .T. ) ;
#1333 = ADVANCED_FACE ( 'NONE', ( #1257 ), #1855, .T. ) ;
#1334 = CARTESIAN_POINT ( 'NONE',  ( -10.00000000000000000, -4.099186911246346376, 6.000000000000000000 ) ) ;
#1335 = EDGE_CURVE ( 'NONE', #62, #597, #231, .T. ) ;
#1336 = DIRECTION ( 'NONE',  ( 0.000000000000000000, 0.000000000000000000, -1.000000000000000000 ) ) ;
#1337 = ORIENTED_EDGE ( 'NONE', *, *, #1306, .T. ) ;
#1338 = CARTESIAN_POINT ( 'NONE',  ( -3.794707603699265519E-15, 11.89341554530628819, 5.700000000000004619 ) ) ;
#1339 = ORIENTED_EDGE ( 'NONE', *, *, #224, .T. ) ;
#1340 = CARTESIAN_POINT ( 'NONE',  ( -7.099999999999995204, -4.099186911246345488, 6.000000000000000000 ) ) ;
#1341 = DIRECTION ( 'NONE',  ( -4.375673588554832862E-16, 1.000000000000000000, 0.000000000000000000 ) ) ;
#1342 = ORIENTED_EDGE ( 'NONE', *, *, #1788, .F. ) ;
#1343 = PLANE ( 'NONE',  #530 ) ;
#1344 = CARTESIAN_POINT ( 'NONE',  ( 4.539834545838104978E-15, -12.93264602984762135, 1.200000000000004619 ) ) ;
#1345 = VERTEX_POINT ( 'NONE', #1710 ) ;
#1346 = ADVANCED_FACE ( 'NONE', ( #398 ), #43, .F. ) ;
#1347 = DIRECTION ( 'NONE',  ( 0.8660254037844384856, 0.5000000000000004441, 0.000000000000000000 ) ) ;
#1348 = EDGE_LOOP ( 'NONE', ( #1508, #1230, #879, #222 ) ) ;
#1349 = CARTESIAN_POINT ( 'NONE',  ( 0.1765567128029380262, -12.77794549146836900, 1.245696239814098938 ) ) ;
#1350 = ORIENTED_EDGE ( 'NONE', *, *, #1, .T. ) ;
#1351 = ORIENTED_EDGE ( 'NONE', *, *, #1491, .F. ) ;
#1352 = DIRECTION ( 'NONE',  ( -1.000000000000000000, 0.000000000000000000, 0.000000000000000000 ) ) ;
#1353 = CONICAL_SURFACE ( 'NONE', #860, 2.900000000000004796, 0.7853981633974473908 ) ;
#1354 = DIRECTION ( 'NONE',  ( -1.000000000000000000, 0.000000000000000000, 0.000000000000000000 ) ) ;
#1355 = ORIENTED_EDGE ( 'NONE', *, *, #1668, .T. ) ;
#1356 = CIRCLE ( 'NONE', #1779, 3.200000000000000178 ) ;
#1357 = CIRCLE ( 'NONE', #532, 1.000000000000000888 ) ;
#1358 = EDGE_CURVE ( 'NONE', #1383, #793, #1044, .T. ) ;
#1359 = CARTESIAN_POINT ( 'NONE',  ( -8.550000000000000711, -6.610660582221221659, 6.000000000000000000 ) ) ;
#1360 = VERTEX_POINT ( 'NONE', #1424 ) ;
#1361 = VECTOR ( 'NONE', #575, 1000.000000000000114 ) ;
#1362 = DIRECTION ( 'NONE',  ( 0.000000000000000000, 0.000000000000000000, -1.000000000000000000 ) ) ;
#1363 = VECTOR ( 'NONE', #964, 1000.000000000000000 ) ;
#1364 = ORIENTED_EDGE ( 'NONE', *, *, #1274, .F. ) ;
#1365 = DIRECTION ( 'NONE',  ( -1.000000000000000000, 0.000000000000000000, 0.000000000000000000 ) ) ;
#1366 = EDGE_CURVE ( 'NONE', #597, #1580, #1590, .T. ) ;
#1367 = LINE ( 'NONE', #1060, #749 ) ;
#1368 = ORIENTED_EDGE ( 'NONE', *, *, #250, .T. ) ;
#1369 = EDGE_LOOP ( 'NONE', ( #1069, #1642, #339, #1271, #908, #718, #151, #1591, #228, #1415, #1337, #181 ) ) ;
#1370 = DIRECTION ( 'NONE',  ( -1.000000000000000000, 0.000000000000000000, 0.000000000000000000 ) ) ;
#1371 = ADVANCED_FACE ( 'NONE', ( #1451 ), #582, .T. ) ;
#1372 = CARTESIAN_POINT ( 'NONE',  ( 0.000000000000000000, 0.000000000000000000, 21.74747741945470736 ) ) ;
#1373 = APPLICATION_PROTOCOL_DEFINITION ( 'draft international standard', 'automotive_design', 1998, #323 ) ;
#1374 = DIRECTION ( 'NONE',  ( 0.000000000000000000, 0.000000000000000000, -1.000000000000000000 ) ) ;
#1375 = ORIENTED_EDGE ( 'NONE', *, *, #1393, .F. ) ;
#1376 = LINE ( 'NONE', #737, #653 ) ;
#1377 = ORIENTED_EDGE ( 'NONE', *, *, #976, .T. ) ;
#1378 = PLANE ( 'NONE',  #948 ) ;
#1379 = ORIENTED_EDGE ( 'NONE', *, *, #453, .T. ) ;
#1380 = FACE_OUTER_BOUND ( 'NONE', #1083, .T. ) ;
#1381 = EDGE_CURVE ( 'NONE', #15, #1018, #1310, .T. ) ;
#1382 = VECTOR ( 'NONE', #1097, 1000.000000000000000 ) ;
#1383 = VERTEX_POINT ( 'NONE', #284 ) ;
#1384 = DIRECTION ( 'NONE',  ( -1.000000000000000000, 0.000000000000000000, 0.000000000000000000 ) ) ;
#1385 = EDGE_LOOP ( 'NONE', ( #10, #591, #702, #1220 ) ) ;
#1386 = VECTOR ( 'NONE', #1161, 999.9999999999998863 ) ;
#1387 = CARTESIAN_POINT ( 'NONE',  ( -10.90000000000000036, -6.466323014923811563, 1.500000000000000000 ) ) ;
#1388 = VECTOR ( 'NONE', #314, 999.9999999999998863 ) ;
#1389 = ORIENTED_EDGE ( 'NONE', *, *, #1151, .F. ) ;
#1390 = DIRECTION ( 'NONE',  ( -1.000000000000000000, 0.000000000000000000, 0.000000000000000000 ) ) ;
#1391 = LINE ( 'NONE', #956, #349 ) ;
#1392 = ORIENTED_EDGE ( 'NONE', *, *, #1782, .F. ) ;
#1393 = EDGE_CURVE ( 'NONE', #276, #177, #1462, .T. ) ;
#1394 = DIRECTION ( 'NONE',  ( -1.000000000000000000, 0.000000000000000000, 0.000000000000000000 ) ) ;
#1395 = ORIENTED_EDGE ( 'NONE', *, *, #1429, .F. ) ;
#1396 = PRODUCT ( 'hexholder_v2_20.6mm', 'hexholder_v2_20.6mm', '', ( #462 ) ) ;
#1397 = DIRECTION ( 'NONE',  ( 0.7071067811865475727, 3.094068466725997472E-16, 0.7071067811865475727 ) ) ;
#1398 = ORIENTED_EDGE ( 'NONE', *, *, #143, .F. ) ;
#1399 = FACE_OUTER_BOUND ( 'NONE', #1499, .T. ) ;
#1400 = CARTESIAN_POINT ( 'NONE',  ( 0.1765567128029230937, 12.77794549146836722, 1.245696239814103157 ) ) ;
#1401 = DIRECTION ( 'NONE',  ( -1.000000000000000000, 0.000000000000000000, 0.000000000000000000 ) ) ;
#1402 = CARTESIAN_POINT ( 'NONE',  ( 0.000000000000000000, 0.000000000000000000, 0.000000000000000000 ) ) ;
#1403 = VERTEX_POINT ( 'NONE', #596 ) ;
#1404 = EDGE_CURVE ( 'NONE', #1403, #491, #1611, .T. ) ;
#1405 = DIRECTION ( 'NONE',  ( -0.8660254037844382635, -0.5000000000000006661, 0.000000000000000000 ) ) ;
#1406 = ORIENTED_EDGE ( 'NONE', *, *, #1497, .F. ) ;
#1407 = VERTEX_POINT ( 'NONE', #1303 ) ;
#1408 = CARTESIAN_POINT ( 'NONE',  ( 10.29999999999999893, -4.099186911246341047, 5.700000000000004619 ) ) ;
#1409 = EDGE_CURVE ( 'NONE', #1360, #577, #198, .T. ) ;
#1410 = FACE_OUTER_BOUND ( 'NONE', #497, .T. ) ;
#1411 = AXIS2_PLACEMENT_3D ( 'NONE', #869, #1006, #1021 ) ;
#1412 = CARTESIAN_POINT ( 'NONE',  ( -11.15430376018590053, -6.236070147238172545, 1.245696239814100714 ) ) ;
#1413 = EDGE_CURVE ( 'NONE', #1285, #514, #424, .T. ) ;
#1414 = DIRECTION ( 'NONE',  ( 0.000000000000000000, 0.000000000000000000, -1.000000000000000000 ) ) ;
#1415 = ORIENTED_EDGE ( 'NONE', *, *, #795, .T. ) ;
#1416 = AXIS2_PLACEMENT_3D ( 'NONE', #1235, #1823, #1390 ) ;
#1417 = EDGE_CURVE ( 'NONE', #638, #539, #1031, .T. ) ;
#1418 = VERTEX_POINT ( 'NONE', #1585 ) ;
#1419 = CIRCLE ( 'NONE', #14, 3.200000000000000178 ) ;
#1420 = DIRECTION ( 'NONE',  ( -1.000000000000000000, 0.000000000000000000, 0.000000000000000000 ) ) ;
#1421 = AXIS2_PLACEMENT_3D ( 'NONE', #670, #1432, #1094 ) ;
#1422 = AXIS2_PLACEMENT_3D ( 'NONE', #1832, #1854, #1549 ) ;
#1423 = CARTESIAN_POINT ( 'NONE',  ( 0.000000000000000000, 0.000000000000000000, 36.00000000000000000 ) ) ;
#1424 = CARTESIAN_POINT ( 'NONE',  ( 2.099999999999999645, 2.571758278209440971E-16, 33.99999999999999289 ) ) ;
#1425 = ORIENTED_EDGE ( 'NONE', *, *, #1008, .F. ) ;
#1426 = ORIENTED_EDGE ( 'NONE', *, *, #1020, .T. ) ;
#1427 = CARTESIAN_POINT ( 'NONE',  ( 0.000000000000000000, 0.000000000000000000, 17.03604719043194748 ) ) ;
#1428 = PLANE ( 'NONE',  #1781 ) ;
#1429 = EDGE_CURVE ( 'NONE', #1198, #308, #1889, .T. ) ;
#1430 = CARTESIAN_POINT ( 'NONE',  ( 10.29999999999999893, -4.099186911246341047, 5.700000000000004619 ) ) ;
#1431 = DIRECTION ( 'NONE',  ( 0.7071067811865465735, 8.659560562354922997E-17, -0.7071067811865485719 ) ) ;
#1432 = DIRECTION ( 'NONE',  ( 0.000000000000000000, 0.000000000000000000, -1.000000000000000000 ) ) ;
#1433 = ORIENTED_EDGE ( 'NONE', *, *, #659, .T. ) ;
#1434 = CARTESIAN_POINT ( 'NONE',  ( 0.000000000000000000, 0.000000000000000000, 17.70000000000000995 ) ) ;
#1435 = PLANE ( 'NONE',  #587 ) ;
#1436 = ADVANCED_FACE ( 'NONE', ( #117 ), #1003, .T. ) ;
#1437 = LINE ( 'NONE', #1294, #987 ) ;
#1438 = VECTOR ( 'NONE', #1152, 1000.000000000000000 ) ;
#1439 = DIRECTION ( 'NONE',  ( -1.000000000000000000, 0.000000000000000000, 0.000000000000000000 ) ) ;
#1440 = VERTEX_POINT ( 'NONE', #1620 ) ;
#1441 = TOROIDAL_SURFACE ( 'NONE', #1135, 7.049999999999999822, 2.000000000000000000 ) ;
#1442 = DIRECTION ( 'NONE',  ( -1.000000000000000000, 0.000000000000000000, 0.000000000000000000 ) ) ;
#1443 = EDGE_LOOP ( 'NONE', ( #836, #1526, #77, #236 ) ) ;
#1444 = CONICAL_SURFACE ( 'NONE', #1289, 2.900000000000005684, 0.7853981633974461696 ) ;
#1445 = EDGE_CURVE ( 'NONE', #1224, #733, #154, .T. ) ;
#1446 = DIRECTION ( 'NONE',  ( -1.000000000000000000, 0.000000000000000000, 0.000000000000000000 ) ) ;
#1447 = CARTESIAN_POINT ( 'NONE',  ( -8.699999999999995737, -6.870468203356549175, 1.500000000000000000 ) ) ;
#1448 = AXIS2_PLACEMENT_3D ( 'NONE', #94, #794, #205 ) ;
#1449 = AXIS2_PLACEMENT_3D ( 'NONE', #1488, #55, #635 ) ;
#1450 = CARTESIAN_POINT ( 'NONE',  ( 11.19999999999999218, 6.466323014923808010, 0.000000000000000000 ) ) ;
#1451 = FACE_OUTER_BOUND ( 'NONE', #526, .T. ) ;
#1452 = ORIENTED_EDGE ( 'NONE', *, *, #87, .F. ) ;
#1453 =( BOUNDED_CURVE ( )  B_SPLINE_CURVE ( 3, ( #1312, #1636, #477, #434 ),
 .UNSPECIFIED., .F., .F. ) 
 B_SPLINE_CURVE_WITH_KNOTS ( ( 4, 4 ),
 ( 5.759586531581288860, 6.283185307179586232 ),
 .UNSPECIFIED. ) 
 CURVE ( )  GEOMETRIC_REPRESENTATION_ITEM ( )  RATIONAL_B_SPLINE_CURVE ( ( 1.000000000000000000, 0.9772838841927123932, 0.9772838841927123932, 1.000000000000000000 ) ) 
 REPRESENTATION_ITEM ( '' )  );
#1454 = EDGE_CURVE ( 'NONE', #15, #945, #1203, .T. ) ;
#1455 = ORIENTED_EDGE ( 'NONE', *, *, #1127, .F. ) ;
#1456 = DIRECTION ( 'NONE',  ( 0.000000000000000000, 0.000000000000000000, -1.000000000000000000 ) ) ;
#1457 = CARTESIAN_POINT ( 'NONE',  ( 11.19999999999999218, -6.466323014923809787, 0.000000000000000000 ) ) ;
#1458 = CARTESIAN_POINT ( 'NONE',  ( -8.699999999999997513, 6.870468203356543846, 6.000000000000000000 ) ) ;
#1459 = ORIENTED_EDGE ( 'NONE', *, *, #699, .F. ) ;
#1460 = EDGE_CURVE ( 'NONE', #232, #1298, #872, .T. ) ;
#1461 = CARTESIAN_POINT ( 'NONE',  ( -5.787236790083738698E-15, 12.93264602984761602, 1.200000000000005285 ) ) ;
#1462 =( BOUNDED_CURVE ( )  B_SPLINE_CURVE ( 3, ( #137, #725, #1603, #7 ),
 .UNSPECIFIED., .F., .F. ) 
 B_SPLINE_CURVE_WITH_KNOTS ( ( 4, 4 ),
 ( 5.759586531581287083, 6.283185307179586232 ),
 .UNSPECIFIED. ) 
 CURVE ( )  GEOMETRIC_REPRESENTATION_ITEM ( )  RATIONAL_B_SPLINE_CURVE ( ( 1.000000000000000000, 0.9772838841927120601, 0.9772838841927120601, 1.000000000000000000 ) ) 
 REPRESENTATION_ITEM ( '' )  );
#1463 = ORIENTED_EDGE ( 'NONE', *, *, #1297, .F. ) ;
#1464 = LINE ( 'NONE', #899, #1159 ) ;
#1465 = LINE ( 'NONE', #150, #620 ) ;
#1466 = ORIENTED_EDGE ( 'NONE', *, *, #289, .F. ) ;
#1467 = FACE_OUTER_BOUND ( 'NONE', #1822, .T. ) ;
#1468 = PLANE ( 'NONE',  #1081 ) ;
#1469 = EDGE_CURVE ( 'NONE', #260, #1529, #1323, .T. ) ;
#1470 = DIRECTION ( 'NONE',  ( -1.000000000000000000, 0.000000000000000000, 0.000000000000000000 ) ) ;
#1471 = ORIENTED_EDGE ( 'NONE', *, *, #579, .F. ) ;
#1472 = FACE_OUTER_BOUND ( 'NONE', #155, .T. ) ;
#1473 = EDGE_CURVE ( 'NONE', #790, #799, #563, .T. ) ;
#1474 = FACE_OUTER_BOUND ( 'NONE', #1760, .T. ) ;
#1475 = DIRECTION ( 'NONE',  ( 0.000000000000000000, 0.000000000000000000, -1.000000000000000000 ) ) ;
#1476 = ADVANCED_FACE ( 'NONE', ( #1763 ), #261, .F. ) ;
#1477 = EDGE_LOOP ( 'NONE', ( #444, #1194, #119, #1463 ) ) ;
#1478 = AXIS2_PLACEMENT_3D ( 'NONE', #1614, #1201, #1766 ) ;
#1479 = DIRECTION ( 'NONE',  ( 0.3535533905932742860, -0.6123724356957943593, 0.7071067811865474617 ) ) ;
#1480 = VECTOR ( 'NONE', #1748, 1000.000000000000000 ) ;
#1481 = CARTESIAN_POINT ( 'NONE',  ( -10.97774704738296592, 6.541875344230193789, 1.245696239814100048 ) ) ;
#1482 = ORIENTED_EDGE ( 'NONE', *, *, #1782, .T. ) ;
#1483 = VECTOR ( 'NONE', #404, 1000.000000000000000 ) ;
#1484 = CARTESIAN_POINT ( 'NONE',  ( -8.550000000000000711, -6.610660582221221659, 6.000000000000000000 ) ) ;
#1485 = EDGE_LOOP ( 'NONE', ( #1890, #1654, #1471, #391, #650, #363 ) ) ;
#1486 = AXIS2_PLACEMENT_3D ( 'NONE', #890, #1798, #1052 ) ;
#1487 = DIRECTION ( 'NONE',  ( 0.000000000000000000, 0.000000000000000000, -1.000000000000000000 ) ) ;
#1488 = CARTESIAN_POINT ( 'NONE',  ( 5.204170427930421283E-15, -8.198373822492687424, 5.700000000000004619 ) ) ;
#1489 = EDGE_LOOP ( 'NONE', ( #1806, #212, #369, #927 ) ) ;
#1490 = CARTESIAN_POINT ( 'NONE',  ( -1.734723475976807094E-15, 8.198373822492685647, 6.000000000000000000 ) ) ;
#1491 = EDGE_CURVE ( 'NONE', #528, #1403, #993, .T. ) ;
#1492 =( LENGTH_UNIT ( ) NAMED_UNIT ( * ) SI_UNIT ( .MILLI., .METRE. ) );
#1493 = CARTESIAN_POINT ( 'NONE',  ( 0.000000000000000000, 0.000000000000000000, 8.000000000000000000 ) ) ;
#1494 = EDGE_LOOP ( 'NONE', ( #393, #1433, #540, #1379 ) ) ;
#1495 = LINE ( 'NONE', #1776, #1509 ) ;
#1496 = ORIENTED_EDGE ( 'NONE', *, *, #719, .F. ) ;
#1497 = EDGE_CURVE ( 'NONE', #739, #914, #717, .T. ) ;
#1498 = CARTESIAN_POINT ( 'NONE',  ( 8.699999999999992184, 6.870468203356544734, 1.500000000000000000 ) ) ;
#1499 = EDGE_LOOP ( 'NONE', ( #484, #1744, #1805, #518, #208, #1174 ) ) ;
#1500 = DIRECTION ( 'NONE',  ( 0.7071067811865475727, -0.000000000000000000, 0.7071067811865475727 ) ) ;
#1501 = DIRECTION ( 'NONE',  ( -1.224646799147353207E-16, 1.000000000000000000, 0.000000000000000000 ) ) ;
#1502 = EDGE_CURVE ( 'NONE', #62, #914, #500, .T. ) ;
#1503 = CONICAL_SURFACE ( 'NONE', #711, 2.900000000000006573, 0.7853981633974453924 ) ;
#1504 = EDGE_LOOP ( 'NONE', ( #305, #1670 ) ) ;
#1505 = CARTESIAN_POINT ( 'NONE',  ( 11.06602540378443322, -6.388972745734185388, 1.333974596215565356 ) ) ;
#1506 = AXIS2_PLACEMENT_3D ( 'NONE', #979, #12, #1625 ) ;
#1507 = DIRECTION ( 'NONE',  ( -1.000000000000000000, 0.000000000000000000, 0.000000000000000000 ) ) ;
#1508 = ORIENTED_EDGE ( 'NONE', *, *, #388, .T. ) ;
#1509 = VECTOR ( 'NONE', #1046, 1000.000000000000000 ) ;
#1510 = VECTOR ( 'NONE', #818, 1000.000000000000000 ) ;
#1511 = EDGE_CURVE ( 'NONE', #1741, #1018, #1641, .T. ) ;
#1512 = AXIS2_PLACEMENT_3D ( 'NONE', #1493, #1374, #44 ) ;
#1513 = FACE_OUTER_BOUND ( 'NONE', #975, .T. ) ;
#1514 = VECTOR ( 'NONE', #1888, 1000.000000000000000 ) ;
#1515 = CARTESIAN_POINT ( 'NONE',  ( -11.19999999999999396, -6.466323014923811563, 0.000000000000000000 ) ) ;
#1516 = LINE ( 'NONE', #642, #1752 ) ;
#1517 = ORIENTED_EDGE ( 'NONE', *, *, #1648, .T. ) ;
#1518 = DIRECTION ( 'NONE',  ( 0.000000000000000000, 0.000000000000000000, -1.000000000000000000 ) ) ;
#1519 = ORIENTED_EDGE ( 'NONE', *, *, #1581, .T. ) ;
#1520 = EDGE_CURVE ( 'NONE', #1684, #1418, #904, .T. ) ;
#1521 = LINE ( 'NONE', #1837, #1070 ) ;
#1522 = VERTEX_POINT ( 'NONE', #347 ) ;
#1523 = FACE_OUTER_BOUND ( 'NONE', #163, .T. ) ;
#1524 = LINE ( 'NONE', #687, #97 ) ;
#1525 = CARTESIAN_POINT ( 'NONE',  ( 10.89999999999999858, 6.466323014923808010, 1.500000000000000000 ) ) ;
#1526 = ORIENTED_EDGE ( 'NONE', *, *, #1862, .T. ) ;
#1527 = ADVANCED_FACE ( 'NONE', ( #166 ), #1047, .T. ) ;
#1528 = DIRECTION ( 'NONE',  ( -1.000000000000000000, 0.000000000000000000, 0.000000000000000000 ) ) ;
#1529 = VERTEX_POINT ( 'NONE', #613 ) ;
#1530 = CARTESIAN_POINT ( 'NONE',  ( -10.69999999999999396, 6.754998149518619321, 0.000000000000000000 ) ) ;
#1531 = ORIENTED_EDGE ( 'NONE', *, *, #1, .F. ) ;
#1532 = EDGE_LOOP ( 'NONE', ( #1238, #727, #71, #1252, #1098 ) ) ;
#1533 = CARTESIAN_POINT ( 'NONE',  ( 0.000000000000000000, 0.000000000000000000, 0.2999999999999981570 ) ) ;
#1534 = EDGE_CURVE ( 'NONE', #1833, #1261, #1367, .T. ) ;
#1535 = CARTESIAN_POINT ( 'NONE',  ( 10.29999999999999361, 4.099186911246343712, 6.000000000000000000 ) ) ;
#1536 = ORIENTED_EDGE ( 'NONE', *, *, #1413, .T. ) ;
#1537 = CIRCLE ( 'NONE', #1683, 3.200000000000000178 ) ;
#1538 = VECTOR ( 'NONE', #454, 1000.000000000000114 ) ;
#1539 = CARTESIAN_POINT ( 'NONE',  ( 10.85290259849600858, -6.666719793117156456, 1.200000000000003730 ) ) ;
#1540 = EDGE_LOOP ( 'NONE', ( #411, #1587, #1368, #102 ) ) ;
#1541 = VECTOR ( 'NONE', #1563, 1000.000000000000114 ) ;
#1542 = DIRECTION ( 'NONE',  ( 0.8660254037844385966, -0.5000000000000001110, 0.000000000000000000 ) ) ;
#1543 = ORIENTED_EDGE ( 'NONE', *, *, #1560, .T. ) ;
#1544 = VECTOR ( 'NONE', #544, 1000.000000000000000 ) ;
#1545 = ORIENTED_EDGE ( 'NONE', *, *, #536, .F. ) ;
#1546 = CARTESIAN_POINT ( 'NONE',  ( 5.049999999999999822, 6.184466335694133068E-16, 19.00000000000000000 ) ) ;
#1547 = EDGE_CURVE ( 'NONE', #1403, #1407, #1190, .T. ) ;
#1548 = LINE ( 'NONE', #239, #1809 ) ;
#1549 = DIRECTION ( 'NONE',  ( -1.000000000000000000, 0.000000000000000000, 0.000000000000000000 ) ) ;
#1550 = DIRECTION ( 'NONE',  ( -1.000000000000000000, 0.000000000000000000, 0.000000000000000000 ) ) ;
#1551 = VERTEX_POINT ( 'NONE', #1810 ) ;
#1552 = FACE_OUTER_BOUND ( 'NONE', #1207, .T. ) ;
#1553 = ORIENTED_EDGE ( 'NONE', *, *, #201, .F. ) ;
#1554 = CARTESIAN_POINT ( 'NONE',  ( 5.204170427930421283E-15, -8.198373822492687424, 6.000000000000000000 ) ) ;
#1555 = DIRECTION ( 'NONE',  ( -1.000000000000000000, 0.000000000000000000, 0.000000000000000000 ) ) ;
#1556 = LINE ( 'NONE', #1525, #1785 ) ;
#1557 = ADVANCED_FACE ( 'NONE', ( #1082 ), #1814, .F. ) ;
#1558 = FACE_OUTER_BOUND ( 'NONE', #401, .T. ) ;
#1559 = ORIENTED_EDGE ( 'NONE', *, *, #976, .F. ) ;
#1560 = EDGE_CURVE ( 'NONE', #36, #1248, #1516, .T. ) ;
#1561 = ORIENTED_EDGE ( 'NONE', *, *, #1239, .F. ) ;
#1562 = ORIENTED_EDGE ( 'NONE', *, *, #1445, .F. ) ;
#1563 = DIRECTION ( 'NONE',  ( -0.3535533905932741194, -0.6123724356957933601, 0.7071067811865482389 ) ) ;
#1564 = CARTESIAN_POINT ( 'NONE',  ( -11.19999999999999396, 6.466323014923805346, 1.200000000000005285 ) ) ;
#1565 = DIRECTION ( 'NONE',  ( -0.000000000000000000, -0.000000000000000000, -1.000000000000000000 ) ) ;
#1566 = ORIENTED_EDGE ( 'NONE', *, *, #774, .T. ) ;
#1567 = CIRCLE ( 'NONE', #433, 2.900000000000005684 ) ;
#1568 = EDGE_CURVE ( 'NONE', #1285, #64, #924, .T. ) ;
#1569 = ORIENTED_EDGE ( 'NONE', *, *, #319, .T. ) ;
#1570 = CIRCLE ( 'NONE', #1140, 3.200000000000000178 ) ;
#1571 = FACE_OUTER_BOUND ( 'NONE', #881, .T. ) ;
#1572 = AXIS2_PLACEMENT_3D ( 'NONE', #1596, #729, #1722 ) ;
#1573 = CARTESIAN_POINT ( 'NONE',  ( 11.19999999999999218, -6.466323014923809787, 1.500000000000000000 ) ) ;
#1574 = VECTOR ( 'NONE', #1219, 1000.000000000000000 ) ;
#1575 = CARTESIAN_POINT ( 'NONE',  ( 0.4999999999999882871, 12.64397089525280649, 1.200000000000006173 ) ) ;
#1576 = DIRECTION ( 'NONE',  ( 0.5000000000000006661, -0.8660254037844383745, 0.000000000000000000 ) ) ;
#1577 = CARTESIAN_POINT ( 'NONE',  ( 6.342582709040200939E-15, -11.89341554530629352, 5.700000000000004619 ) ) ;
#1578 = EDGE_LOOP ( 'NONE', ( #1674, #467, #1355, #1482 ) ) ;
#1579 = LINE ( 'NONE', #251, #285 ) ;
#1580 = VERTEX_POINT ( 'NONE', #324 ) ;
#1581 = EDGE_CURVE ( 'NONE', #778, #1522, #463, .T. ) ;
#1582 = DIRECTION ( 'NONE',  ( 0.8660254037844382635, 0.5000000000000004441, 0.000000000000000000 ) ) ;
#1583 = CARTESIAN_POINT ( 'NONE',  ( 10.29999999999999361, 5.946707772653144097, 6.000000000000000000 ) ) ;
#1584 = LINE ( 'NONE', #1599, #1329 ) ;
#1585 = CARTESIAN_POINT ( 'NONE',  ( 11.19999999999999218, -5.888972745734185388, 0.000000000000000000 ) ) ;
#1586 = CARTESIAN_POINT ( 'NONE',  ( 11.06602540378443322, 6.388972745734183611, 1.333974596215565578 ) ) ;
#1587 = ORIENTED_EDGE ( 'NONE', *, *, #1214, .T. ) ;
#1588 = DIRECTION ( 'NONE',  ( -0.000000000000000000, -0.000000000000000000, 1.000000000000000000 ) ) ;
#1589 = CARTESIAN_POINT ( 'NONE',  ( 10.29999999999999893, -5.946707772653144097, 6.000000000000000000 ) ) ;
#1590 = LINE ( 'NONE', #1143, #346 ) ;
#1591 = ORIENTED_EDGE ( 'NONE', *, *, #1609, .T. ) ;
#1592 = DIRECTION ( 'NONE',  ( -1.000000000000000000, 0.000000000000000000, 0.000000000000000000 ) ) ;
#1593 = ORIENTED_EDGE ( 'NONE', *, *, #1813, .F. ) ;
#1594 = AXIS2_PLACEMENT_3D ( 'NONE', #1876, #1304, #1156 ) ;
#1595 = DIRECTION ( 'NONE',  ( -0.000000000000000000, -0.000000000000000000, -1.000000000000000000 ) ) ;
#1596 = CARTESIAN_POINT ( 'NONE',  ( -11.19999999999999396, -6.466323014923811563, 1.500000000000000000 ) ) ;
#1597 = VECTOR ( 'NONE', #387, 1000.000000000000000 ) ;
#1598 = VECTOR ( 'NONE', #644, 1000.000000000000000 ) ;
#1599 = CARTESIAN_POINT ( 'NONE',  ( 11.04999999999999538, -6.206515393788483159, 1.500000000000000000 ) ) ;
#1600 = AXIS2_PLACEMENT_3D ( 'NONE', #1740, #295, #707 ) ;
#1601 = EDGE_CURVE ( 'NONE', #1018, #686, #985, .T. ) ;
#1602 = VECTOR ( 'NONE', #1276, 1000.000000000000000 ) ;
#1603 = CARTESIAN_POINT ( 'NONE',  ( -10.85290259849600858, -6.666719793117157344, 1.200000000000005285 ) ) ;
#1604 = EDGE_LOOP ( 'NONE', ( #1136, #83, #268, #1800 ) ) ;
#1605 = DIRECTION ( 'NONE',  ( 1.000000000000000000, 0.000000000000000000, 0.000000000000000000 ) ) ;
#1606 = ORIENTED_EDGE ( 'NONE', *, *, #1511, .T. ) ;
#1607 = CARTESIAN_POINT ( 'NONE',  ( 6.938893903907228378E-15, -11.77794549146836900, 1.500000000000000000 ) ) ;
#1608 = CARTESIAN_POINT ( 'NONE',  ( 1.450000000000009281, -10.70984749346756360, 6.000000000000000000 ) ) ;
#1609 = EDGE_CURVE ( 'NONE', #399, #358, #162, .T. ) ;
#1610 = PRESENTATION_STYLE_ASSIGNMENT (( #1309 ) ) ;
#1611 = LINE ( 'NONE', #1167, #133 ) ;
#1612 = ORIENTED_EDGE ( 'NONE', *, *, #48, .T. ) ;
#1613 = EDGE_CURVE ( 'NONE', #493, #769, #763, .T. ) ;
#1614 = CARTESIAN_POINT ( 'NONE',  ( 0.000000000000000000, 0.000000000000000000, 33.99999999999998579 ) ) ;
#1615 = EDGE_CURVE ( 'NONE', #1756, #643, #184, .T. ) ;
#1616 = DIRECTION ( 'NONE',  ( -0.000000000000000000, -0.000000000000000000, 1.000000000000000000 ) ) ;
#1617 = PLANE ( 'NONE',  #804 ) ;
#1618 = ORIENTED_EDGE ( 'NONE', *, *, #489, .F. ) ;
#1619 = CARTESIAN_POINT ( 'NONE',  ( 0.4999999999999882871, 12.64397089525280649, 1.200000000000006173 ) ) ;
#1620 = CARTESIAN_POINT ( 'NONE',  ( 5.049999999999999822, 6.184466335694133068E-16, 19.13737387097278386 ) ) ;
#1621 = VERTEX_POINT ( 'NONE', #1498 ) ;
#1622 = LINE ( 'NONE', #598, #894 ) ;
#1623 = CIRCLE ( 'NONE', #1742, 7.049999999999999822 ) ;
#1624 = EDGE_CURVE ( 'NONE', #1241, #1705, #1649, .T. ) ;
#1625 = DIRECTION ( 'NONE',  ( 1.000000000000000000, 0.000000000000000000, -0.000000000000000000 ) ) ;
#1626 = DIRECTION ( 'NONE',  ( -1.000000000000000000, 0.000000000000000000, -0.000000000000000000 ) ) ;
#1627 = AXIS2_PLACEMENT_3D ( 'NONE', #801, #371, #1260 ) ;
#1628 = ORIENTED_EDGE ( 'NONE', *, *, #1335, .F. ) ;
#1629 = CIRCLE ( 'NONE', #1111, 3.250000000000000444 ) ;
#1630 = LINE ( 'NONE', #903, #1074 ) ;
#1631 = APPLICATION_PROTOCOL_DEFINITION ( 'draft international standard', 'automotive_design', 1998, #183 ) ;
#1632 = AXIS2_PLACEMENT_3D ( 'NONE', #263, #971, #567 ) ;
#1633 = AXIS2_PLACEMENT_3D ( 'NONE', #1053, #330, #626 ) ;
#1634 = ORIENTED_EDGE ( 'NONE', *, *, #250, .F. ) ;
#1635 = AXIS2_PLACEMENT_3D ( 'NONE', #79, #88, #1102 ) ;
#1636 = CARTESIAN_POINT ( 'NONE',  ( 10.97774704738296414, 6.541875344230194678, 1.245696239814100270 ) ) ;
#1637 = DIRECTION ( 'NONE',  ( -1.000000000000000000, -3.589083053745111407E-15, 0.000000000000000000 ) ) ;
#1638 = EDGE_CURVE ( 'NONE', #25, #643, #1327, .T. ) ;
#1639 = VERTEX_POINT ( 'NONE', #52 ) ;
#1640 = CARTESIAN_POINT ( 'NONE',  ( -6.938893903907228378E-15, 11.77794549146836367, 0.000000000000000000 ) ) ;
#1641 = LINE ( 'NONE', #1209, #867 ) ;
#1642 = ORIENTED_EDGE ( 'NONE', *, *, #726, .T. ) ;
#1643 = FACE_OUTER_BOUND ( 'NONE', #1883, .T. ) ;
#1644 = DIRECTION ( 'NONE',  ( -1.000000000000000000, 0.000000000000000000, 0.000000000000000000 ) ) ;
#1645 = ORIENTED_EDGE ( 'NONE', *, *, #1520, .T. ) ;
#1646 = FACE_OUTER_BOUND ( 'NONE', #360, .T. ) ;
#1647 = FACE_OUTER_BOUND ( 'NONE', #244, .T. ) ;
#1648 = EDGE_CURVE ( 'NONE', #331, #1157, #1236, .T. ) ;
#1649 = LINE ( 'NONE', #1773, #656 ) ;
#1650 = ORIENTED_EDGE ( 'NONE', *, *, #850, .T. ) ;
#1651 = CARTESIAN_POINT ( 'NONE',  ( -1.599999999999996092, -10.96965511460289200, 6.000000000000000000 ) ) ;
#1652 =( BOUNDED_CURVE ( )  B_SPLINE_CURVE ( 3, ( #1706, #992, #1129, #548 ),
 .UNSPECIFIED., .F., .F. ) 
 B_SPLINE_CURVE_WITH_KNOTS ( ( 4, 4 ),
 ( 5.759586531581287083, 6.283185307179585344 ),
 .UNSPECIFIED. ) 
 CURVE ( )  GEOMETRIC_REPRESENTATION_ITEM ( )  RATIONAL_B_SPLINE_CURVE ( ( 1.000000000000000000, 0.9772838841927120601, 0.9772838841927120601, 1.000000000000000000 ) ) 
 REPRESENTATION_ITEM ( '' )  );
#1653 = CARTESIAN_POINT ( 'NONE',  ( -0.1765567128029252308, -12.77794549146836900, 1.245696239814101824 ) ) ;
#1654 = ORIENTED_EDGE ( 'NONE', *, *, #1283, .T. ) ;
#1655 = AXIS2_PLACEMENT_3D ( 'NONE', #510, #1091, #1246 ) ;
#1656 = ADVANCED_FACE ( 'NONE', ( #1410 ), #1092, .F. ) ;
#1657 = AXIS2_PLACEMENT_3D ( 'NONE', #980, #403, #113 ) ;
#1658 = FACE_OUTER_BOUND ( 'NONE', #782, .T. ) ;
#1659 = ORIENTED_EDGE ( 'NONE', *, *, #297, .T. ) ;
#1660 = CARTESIAN_POINT ( 'NONE',  ( 6.342582709040200939E-15, -11.89341554530629352, 6.000000000000000000 ) ) ;
#1661 = VECTOR ( 'NONE', #796, 1000.000000000000000 ) ;
#1662 = ORIENTED_EDGE ( 'NONE', *, *, #527, .F. ) ;
#1663 = EDGE_LOOP ( 'NONE', ( #1517, #1835 ) ) ;
#1664 = DIRECTION ( 'NONE',  ( -1.000000000000000000, 0.000000000000000000, 0.000000000000000000 ) ) ;
#1665 = EDGE_CURVE ( 'NONE', #1198, #351, #520, .T. ) ;
#1666 = DIRECTION ( 'NONE',  ( -1.000000000000000000, 0.000000000000000000, 0.000000000000000000 ) ) ;
#1667 = VERTEX_POINT ( 'NONE', #240 ) ;
#1668 = EDGE_CURVE ( 'NONE', #1705, #1407, #550, .T. ) ;
#1669 = LINE ( 'NONE', #1028, #1386 ) ;
#1670 = ORIENTED_EDGE ( 'NONE', *, *, #1409, .F. ) ;
#1671 = EDGE_CURVE ( 'NONE', #177, #1261, #1391, .T. ) ;
#1672 = DIRECTION ( 'NONE',  ( -1.000000000000000000, 0.000000000000000000, -0.000000000000000000 ) ) ;
#1673 = ORIENTED_EDGE ( 'NONE', *, *, #1086, .F. ) ;
#1674 = ORIENTED_EDGE ( 'NONE', *, *, #839, .F. ) ;
#1675 = CARTESIAN_POINT ( 'NONE',  ( 10.29999999999999716, -4.099186911246341047, 1.500000000000000000 ) ) ;
#1676 = CARTESIAN_POINT ( 'NONE',  ( 0.000000000000000000, 0.000000000000000000, 36.00000000000000000 ) ) ;
#1677 = ORIENTED_EDGE ( 'NONE', *, *, #1033, .F. ) ;
#1678 = FACE_OUTER_BOUND ( 'NONE', #321, .T. ) ;
#1679 = VERTEX_POINT ( 'NONE', #531 ) ;
#1680 = DIRECTION ( 'NONE',  ( 0.000000000000000000, -1.000000000000000000, 0.000000000000000000 ) ) ;
#1681 = VERTEX_POINT ( 'NONE', #70 ) ;
#1682 = ADVANCED_FACE ( 'NONE', ( #1237 ), #721, .T. ) ;
#1683 = AXIS2_PLACEMENT_3D ( 'NONE', #279, #1747, #2 ) ;
#1684 = VERTEX_POINT ( 'NONE', #396 ) ;
#1685 = CARTESIAN_POINT ( 'NONE',  ( 0.000000000000000000, 0.000000000000000000, 19.13737387097278386 ) ) ;
#1686 = VECTOR ( 'NONE', #479, 1000.000000000000000 ) ;
#1687 = DIRECTION ( 'NONE',  ( -1.000000000000000000, 0.000000000000000000, 0.000000000000000000 ) ) ;
#1688 = CARTESIAN_POINT ( 'NONE',  ( -11.04999999999999893, 6.206515393788482271, 1.500000000000000000 ) ) ;
#1689 = AXIS2_PLACEMENT_3D ( 'NONE', #129, #1149, #1592 ) ;
#1690 = AXIS2_PLACEMENT_3D ( 'NONE', #1434, #1595, #566 ) ;
#1691 = DIRECTION ( 'NONE',  ( 0.8660254037844385966, -0.4999999999999999445, 0.000000000000000000 ) ) ;
#1692 = EDGE_LOOP ( 'NONE', ( #1659, #473, #1258, #627 ) ) ;
#1693 = CARTESIAN_POINT ( 'NONE',  ( 0.000000000000000000, 0.000000000000000000, 21.74747741945470736 ) ) ;
#1694 = AXIS2_PLACEMENT_3D ( 'NONE', #1041, #786, #1354 ) ;
#1695 = AXIS2_PLACEMENT_3D ( 'NONE', #1699, #807, #1708 ) ;
#1696 = LINE ( 'NONE', #386, #524 ) ;
#1697 = CARTESIAN_POINT ( 'NONE',  ( -4.099999999999999645, 0.000000000000000000, 33.99999999999998579 ) ) ;
#1698 = ADVANCED_FACE ( 'NONE', ( #1131 ), #826, .T. ) ;
#1699 = CARTESIAN_POINT ( 'NONE',  ( -11.19999999999999396, 6.466323014923805346, 1.500000000000000000 ) ) ;
#1700 = DIRECTION ( 'NONE',  ( -1.000000000000000000, 0.000000000000000000, 0.000000000000000000 ) ) ;
#1701 = ORIENTED_EDGE ( 'NONE', *, *, #282, .T. ) ;
#1702 = DIRECTION ( 'NONE',  ( 0.8660254037844385966, -0.5000000000000001110, 0.000000000000000000 ) ) ;
#1703 = EDGE_CURVE ( 'NONE', #733, #597, #440, .T. ) ;
#1704 = ORIENTED_EDGE ( 'NONE', *, *, #1214, .F. ) ;
#1705 = VERTEX_POINT ( 'NONE', #677 ) ;
#1706 = CARTESIAN_POINT ( 'NONE',  ( -7.463786355260531969E-15, 12.77794549146836545, 1.333974596215568686 ) ) ;
#1707 = DIRECTION ( 'NONE',  ( -0.000000000000000000, -0.000000000000000000, 1.000000000000000000 ) ) ;
#1708 = DIRECTION ( 'NONE',  ( -0.8660254037844382635, -0.5000000000000004441, 0.000000000000000000 ) ) ;
#1709 = EDGE_CURVE ( 'NONE', #793, #1684, #11, .T. ) ;
#1710 = CARTESIAN_POINT ( 'NONE',  ( 0.5000000000000056621, -12.64397089525280826, 0.000000000000000000 ) ) ;
#1711 = ORIENTED_EDGE ( 'NONE', *, *, #1473, .T. ) ;
#1712 = ORIENTED_EDGE ( 'NONE', *, *, #1211, .T. ) ;
#1713 = PLANE ( 'NONE',  #1506 ) ;
#1714 = PLANE ( 'NONE',  #1572 ) ;
#1715 = DIRECTION ( 'NONE',  ( 0.000000000000000000, 0.000000000000000000, -1.000000000000000000 ) ) ;
#1716 = LINE ( 'NONE', #108, #1510 ) ;
#1717 = ORIENTED_EDGE ( 'NONE', *, *, #1615, .T. ) ;
#1718 = EDGE_CURVE ( 'NONE', #517, #1345, #1824, .T. ) ;
#1719 = ORIENTED_EDGE ( 'NONE', *, *, #990, .F. ) ;
#1720 = AXIS2_PLACEMENT_3D ( 'NONE', #1852, #498, #509 ) ;
#1721 = LINE ( 'NONE', #722, #1842 ) ;
#1722 = DIRECTION ( 'NONE',  ( 0.000000000000000000, 0.000000000000000000, 1.000000000000000000 ) ) ;
#1723 = VECTOR ( 'NONE', #973, 1000.000000000000000 ) ;
#1724 = FILL_AREA_STYLE_COLOUR ( '', #780 ) ;
#1725 = DIRECTION ( 'NONE',  ( 0.6546536707079793072, -0.3779644730092195370, 0.6546536707079794182 ) ) ;
#1726 = ORIENTED_EDGE ( 'NONE', *, *, #340, .F. ) ;
#1727 = CARTESIAN_POINT ( 'NONE',  ( -4.099999999999999645, 0.000000000000000000, 21.74747741945470736 ) ) ;
#1728 = ORIENTED_EDGE ( 'NONE', *, *, #1417, .T. ) ;
#1729 = EDGE_CURVE ( 'NONE', #1551, #1679, #1556, .T. ) ;
#1730 = CARTESIAN_POINT ( 'NONE',  ( 8.699999999999999289, -6.870468203356546510, 5.700000000000003730 ) ) ;
#1731 = DIRECTION ( 'NONE',  ( -1.000000000000000000, 0.000000000000000000, 0.000000000000000000 ) ) ;
#1732 = CARTESIAN_POINT ( 'NONE',  ( -10.00000000000000355, 4.099186911246341047, 6.000000000000000000 ) ) ;
#1733 = DIRECTION ( 'NONE',  ( 1.000000000000000000, 0.000000000000000000, 0.000000000000000000 ) ) ;
#1734 = VERTEX_POINT ( 'NONE', #1864 ) ;
#1735 = ORIENTED_EDGE ( 'NONE', *, *, #1454, .F. ) ;
#1736 = CARTESIAN_POINT ( 'NONE',  ( -1.734723475976807094E-15, 8.198373822492685647, 6.000000000000000000 ) ) ;
#1737 = DIRECTION ( 'NONE',  ( -1.000000000000000000, 0.000000000000000000, 0.000000000000000000 ) ) ;
#1738 = EDGE_CURVE ( 'NONE', #1885, #1188, #690, .T. ) ;
#1739 = CARTESIAN_POINT ( 'NONE',  ( 0.000000000000000000, 0.000000000000000000, 19.00000000000000000 ) ) ;
#1740 = CARTESIAN_POINT ( 'NONE',  ( -7.099999999999995204, -4.099186911246345488, 5.700000000000004619 ) ) ;
#1741 = VERTEX_POINT ( 'NONE', #668 ) ;
#1742 = AXIS2_PLACEMENT_3D ( 'NONE', #1828, #204, #820 ) ;
#1743 = DIRECTION ( 'NONE',  ( 0.000000000000000000, 0.000000000000000000, -1.000000000000000000 ) ) ;
#1744 = ORIENTED_EDGE ( 'NONE', *, *, #1729, .T. ) ;
#1745 = ADVANCED_FACE ( 'NONE', ( #227 ), #1841, .T. ) ;
#1746 = VECTOR ( 'NONE', #342, 1000.000000000000000 ) ;
#1747 = DIRECTION ( 'NONE',  ( 0.000000000000000000, 0.000000000000000000, -1.000000000000000000 ) ) ;
#1748 = DIRECTION ( 'NONE',  ( -2.917115725703222401E-16, 1.000000000000000000, 0.000000000000000000 ) ) ;
#1749 = CIRCLE ( 'NONE', #1043, 4.099999999999999645 ) ;
#1750 = EDGE_CURVE ( 'NONE', #622, #1827, #1247, .T. ) ;
#1751 = LINE ( 'NONE', #294, #537 ) ;
#1752 = VECTOR ( 'NONE', #475, 1000.000000000000000 ) ;
#1753 = EDGE_CURVE ( 'NONE', #1089, #491, #657, .T. ) ;
#1754 = MECHANICAL_DESIGN_GEOMETRIC_PRESENTATION_REPRESENTATION (  '', ( #1850 ), #19 ) ;
#1755 = CARTESIAN_POINT ( 'NONE',  ( -1.449999999999999067, -10.70984749346756537, 6.000000000000000000 ) ) ;
#1756 = VERTEX_POINT ( 'NONE', #247 ) ;
#1757 = CARTESIAN_POINT ( 'NONE',  ( 7.099999999999993427, 4.099186911246341936, 6.000000000000000000 ) ) ;
#1758 = DIRECTION ( 'NONE',  ( 1.000000000000000000, 0.000000000000000000, -0.000000000000000000 ) ) ;
#1759 = FACE_OUTER_BOUND ( 'NONE', #930, .T. ) ;
#1760 = EDGE_LOOP ( 'NONE', ( #1553, #354, #576, #1024 ) ) ;
#1761 = CARTESIAN_POINT ( 'NONE',  ( 6.993104012531503599E-15, -12.93264602984762135, 1.200000000000005285 ) ) ;
#1762 =( NAMED_UNIT ( * ) SI_UNIT ( $, .STERADIAN. ) SOLID_ANGLE_UNIT ( ) );
#1763 = FACE_OUTER_BOUND ( 'NONE', #1477, .T. ) ;
#1764 = ORIENTED_EDGE ( 'NONE', *, *, #806, .T. ) ;
#1765 = EDGE_CURVE ( 'NONE', #1005, #36, #1268, .T. ) ;
#1766 = DIRECTION ( 'NONE',  ( 1.000000000000000000, 0.000000000000000000, 0.000000000000000000 ) ) ;
#1767 = ORIENTED_EDGE ( 'NONE', *, *, #710, .F. ) ;
#1768 = DIRECTION ( 'NONE',  ( -0.000000000000000000, 0.000000000000000000, -1.000000000000000000 ) ) ;
#1769 = CARTESIAN_POINT ( 'NONE',  ( 3.372059531467595850, 4.575316894125130508E-16, 36.00000000000000000 ) ) ;
#1770 = ORIENTED_EDGE ( 'NONE', *, *, #1297, .T. ) ;
#1771 = CARTESIAN_POINT ( 'NONE',  ( -7.099999999999997868, 4.099186911246341936, 6.000000000000000000 ) ) ;
#1772 = DIRECTION ( 'NONE',  ( 0.000000000000000000, 0.000000000000000000, -1.000000000000000000 ) ) ;
#1773 = CARTESIAN_POINT ( 'NONE',  ( -11.19999999999999396, -5.888972745734185388, 1.500000000000000000 ) ) ;
#1774 = VERTEX_POINT ( 'NONE', #984 ) ;
#1775 = ADVANCED_FACE ( 'NONE', ( #851 ), #1176, .T. ) ;
#1776 = CARTESIAN_POINT ( 'NONE',  ( 4.099999999999999645, 5.021051876504147385E-16, 21.74747741945470736 ) ) ;
#1777 = CARTESIAN_POINT ( 'NONE',  ( 8.699999999999992184, 6.870468203356545622, 5.700000000000005507 ) ) ;
#1778 = ORIENTED_EDGE ( 'NONE', *, *, #313, .T. ) ;
#1779 = AXIS2_PLACEMENT_3D ( 'NONE', #1038, #623, #1216 ) ;
#1780 = CARTESIAN_POINT ( 'NONE',  ( 3.250000000000000444, 3.980102097228898231E-16, 0.2999999999999981570 ) ) ;
#1781 = AXIS2_PLACEMENT_3D ( 'NONE', #1573, #1300, #1880 ) ;
#1782 = EDGE_CURVE ( 'NONE', #1407, #399, #18, .T. ) ;
#1783 = CONICAL_SURFACE ( 'NONE', #954, 4.099999999999999645, 0.3490658503988619543 ) ;
#1784 = ORIENTED_EDGE ( 'NONE', *, *, #196, .F. ) ;
#1785 = VECTOR ( 'NONE', #1254, 1000.000000000000000 ) ;
#1786 = DIRECTION ( 'NONE',  ( -0.000000000000000000, -0.000000000000000000, -1.000000000000000000 ) ) ;
#1787 = CARTESIAN_POINT ( 'NONE',  ( 1.600000000000007638, -10.96965511460289200, 6.000000000000000000 ) ) ;
#1788 = EDGE_CURVE ( 'NONE', #1774, #778, #1437, .T. ) ;
#1789 = ORIENTED_EDGE ( 'NONE', *, *, #681, .T. ) ;
#1790 = DIRECTION ( 'NONE',  ( 0.000000000000000000, 0.000000000000000000, -1.000000000000000000 ) ) ;
#1791 = CARTESIAN_POINT ( 'NONE',  ( 0.000000000000000000, 0.000000000000000000, 0.000000000000000000 ) ) ;
#1792 = DIRECTION ( 'NONE',  ( 0.000000000000000000, 0.000000000000000000, -1.000000000000000000 ) ) ;
#1793 = ORIENTED_EDGE ( 'NONE', *, *, #672, .F. ) ;
#1794 = DIRECTION ( 'NONE',  ( 0.000000000000000000, 0.000000000000000000, -1.000000000000000000 ) ) ;
#1795 = EDGE_LOOP ( 'NONE', ( #1073, #645, #970, #1364 ) ) ;
#1796 = PLANE ( 'NONE',  #802 ) ;
#1797 = ADVANCED_FACE ( 'NONE', ( #558 ), #1164, .F. ) ;
#1798 = DIRECTION ( 'NONE',  ( -0.3535533905932761733, 0.6123724356957979120, 0.7071067811865434649 ) ) ;
#1799 = CARTESIAN_POINT ( 'NONE',  ( -11.15430376018590053, 6.236070147238168104, 1.245696239814100936 ) ) ;
#1800 = ORIENTED_EDGE ( 'NONE', *, *, #863, .F. ) ;
#1801 = LINE ( 'NONE', #492, #288 ) ;
#1802 = ORIENTED_EDGE ( 'NONE', *, *, #1703, .F. ) ;
#1803 = CARTESIAN_POINT ( 'NONE',  ( -10.00000000000000000, -4.099186911246346376, 6.000000000000000000 ) ) ;
#1804 = ADVANCED_FACE ( 'NONE', ( #5 ), #1010, .T. ) ;
#1805 = ORIENTED_EDGE ( 'NONE', *, *, #104, .T. ) ;
#1806 = ORIENTED_EDGE ( 'NONE', *, *, #1497, .T. ) ;
#1807 = DIRECTION ( 'NONE',  ( -0.8660254037844403729, 0.000000000000000000, -0.4999999999999971134 ) ) ;
#1808 = EDGE_CURVE ( 'NONE', #757, #1288, #1751, .T. ) ;
#1809 = VECTOR ( 'NONE', #972, 1000.000000000000114 ) ;
#1810 = CARTESIAN_POINT ( 'NONE',  ( 10.89999999999999858, -6.293117934166925664, 1.500000000000000000 ) ) ;
#1811 = ORIENTED_EDGE ( 'NONE', *, *, #774, .F. ) ;
#1812 = VECTOR ( 'NONE', #394, 1000.000000000000114 ) ;
#1813 = EDGE_CURVE ( 'NONE', #419, #1418, #266, .T. ) ;
#1814 = TOROIDAL_SURFACE ( 'NONE', #1512, 7.049999999999999822, 2.000000000000000000 ) ;
#1815 = DIRECTION ( 'NONE',  ( 0.000000000000000000, 0.000000000000000000, -1.000000000000000000 ) ) ;
#1816 = ORIENTED_EDGE ( 'NONE', *, *, #1262, .T. ) ;
#1817 = AXIS2_PLACEMENT_3D ( 'NONE', #1240, #368, #701 ) ;
#1818 = MANIFOLD_SOLID_BREP ( 'Fillet3', #557 ) ;
#1819 = CARTESIAN_POINT ( 'NONE',  ( 0.000000000000000000, 0.000000000000000000, 6.000000000000000000 ) ) ;
#1820 = AXIS2_PLACEMENT_3D ( 'NONE', #861, #136, #144 ) ;
#1821 = EDGE_LOOP ( 'NONE', ( #1838, #1569 ) ) ;
#1822 = EDGE_LOOP ( 'NONE', ( #1851, #99, #897, #1784 ) ) ;
#1823 = DIRECTION ( 'NONE',  ( 0.000000000000000000, 0.000000000000000000, -1.000000000000000000 ) ) ;
#1824 = LINE ( 'NONE', #944, #1602 ) ;
#1825 = ORIENTED_EDGE ( 'NONE', *, *, #282, .F. ) ;
#1826 = CARTESIAN_POINT ( 'NONE',  ( -11.19999999999999396, -6.065529458537117335, 1.200000000000005729 ) ) ;
#1827 = VERTEX_POINT ( 'NONE', #274 ) ;
#1828 = CARTESIAN_POINT ( 'NONE',  ( 0.000000000000000000, 0.000000000000000000, 6.000000000000000000 ) ) ;
#1829 = ORIENTED_EDGE ( 'NONE', *, *, #442, .F. ) ;
#1830 = ORIENTED_EDGE ( 'NONE', *, *, #1502, .T. ) ;
#1831 = FACE_OUTER_BOUND ( 'NONE', #1249, .T. ) ;
#1832 = CARTESIAN_POINT ( 'NONE',  ( 0.000000000000000000, 0.000000000000000000, 36.00000000000000000 ) ) ;
#1833 = VERTEX_POINT ( 'NONE', #283 ) ;
#1834 = CARTESIAN_POINT ( 'NONE',  ( 10.97774704738296769, -6.541875344230198230, 1.245696239814098938 ) ) ;
#1835 = ORIENTED_EDGE ( 'NONE', *, *, #420, .T. ) ;
#1836 = ADVANCED_FACE ( 'NONE', ( #994 ), #1468, .T. ) ;
#1837 = CARTESIAN_POINT ( 'NONE',  ( 1.599999999999999423, 10.96965511460288845, 5.700000000000004619 ) ) ;
#1838 = ORIENTED_EDGE ( 'NONE', *, *, #960, .T. ) ;
#1839 = CARTESIAN_POINT ( 'NONE',  ( 10.69999999999999396, -6.754998149518621986, 0.000000000000000000 ) ) ;
#1840 = FACE_BOUND ( 'NONE', #614, .T. ) ;
#1841 = PLANE ( 'NONE',  #1695 ) ;
#1842 = VECTOR ( 'NONE', #1280, 1000.000000000000000 ) ;
#1843 = EDGE_CURVE ( 'NONE', #1756, #1551, #1584, .T. ) ;
#1844 = AXIS2_PLACEMENT_3D ( 'NONE', #1034, #1786, #168 ) ;
#1845 = DIRECTION ( 'NONE',  ( -1.000000000000000000, 0.000000000000000000, 0.000000000000000000 ) ) ;
#1846 = ORIENTED_EDGE ( 'NONE', *, *, #1853, .F. ) ;
#1847 = VECTOR ( 'NONE', #1124, 1000.000000000000000 ) ;
#1848 = CARTESIAN_POINT ( 'NONE',  ( -7.099999999999997868, 4.099186911246341936, 1.499999999999999556 ) ) ;
#1849 = VERTEX_POINT ( 'NONE', #1002 ) ;
#1850 = STYLED_ITEM ( 'NONE', ( #1610 ), #1818 ) ;
#1851 = ORIENTED_EDGE ( 'NONE', *, *, #161, .F. ) ;
#1852 = CARTESIAN_POINT ( 'NONE',  ( -3.794707603699265519E-15, 11.89341554530628819, 6.000000000000000000 ) ) ;
#1853 = EDGE_CURVE ( 'NONE', #1288, #1827, #504, .T. ) ;
#1854 = DIRECTION ( 'NONE',  ( -0.000000000000000000, -0.000000000000000000, -1.000000000000000000 ) ) ;
#1855 = CYLINDRICAL_SURFACE ( 'NONE', #1421, 3.199999999999999734 ) ;
#1856 = ORIENTED_EDGE ( 'NONE', *, *, #297, .F. ) ;
#1857 = PRODUCT_RELATED_PRODUCT_CATEGORY ( 'part', '', ( #1396 ) ) ;
#1858 = CARTESIAN_POINT ( 'NONE',  ( -10.69999999999999574, 6.754998149518617545, 1.200000000000005285 ) ) ;
#1859 = ORIENTED_EDGE ( 'NONE', *, *, #104, .F. ) ;
#1860 = CARTESIAN_POINT ( 'NONE',  ( -8.699999999999999289, 6.870468203356545622, 5.700000000000004619 ) ) ;
#1861 = LINE ( 'NONE', #1138, #1541 ) ;
#1862 = EDGE_CURVE ( 'NONE', #1833, #25, #1321, .T. ) ;
#1863 = FACE_OUTER_BOUND ( 'NONE', #1076, .T. ) ;
#1864 = CARTESIAN_POINT ( 'NONE',  ( 1.600000000000005418, -10.96965511460289200, 1.500000000000000000 ) ) ;
#1865 = DIRECTION ( 'NONE',  ( -1.000000000000000000, 0.000000000000000000, 0.000000000000000000 ) ) ;
#1866 = ORIENTED_EDGE ( 'NONE', *, *, #1469, .T. ) ;
#1867 = ORIENTED_EDGE ( 'NONE', *, *, #1547, .F. ) ;
#1868 = ADVANCED_FACE ( 'NONE', ( #1647 ), #27, .T. ) ;
#1869 = DIRECTION ( 'NONE',  ( 0.6546536707079771977, -0.3779644730092267535, -0.6546536707079771977 ) ) ;
#1870 = CARTESIAN_POINT ( 'NONE',  ( -10.00000000000000355, 4.099186911246341047, 6.000000000000000000 ) ) ;
#1871 = SURFACE_SIDE_STYLE ('',( #1881 ) ) ;
#1872 = DIRECTION ( 'NONE',  ( -0.000000000000000000, -0.000000000000000000, 1.000000000000000000 ) ) ;
#1873 = ORIENTED_EDGE ( 'NONE', *, *, #1226, .F. ) ;
#1874 = AXIS2_PLACEMENT_3D ( 'NONE', #822, #252, #1079 ) ;
#1875 = AXIS2_PLACEMENT_3D ( 'NONE', #445, #1500, #616 ) ;
#1876 = CARTESIAN_POINT ( 'NONE',  ( 7.099999999999997868, -4.099186911246342824, 6.000000000000000000 ) ) ;
#1877 = ORIENTED_EDGE ( 'NONE', *, *, #592, .T. ) ;
#1878 = CIRCLE ( 'NONE', #1449, 3.200000000000000178 ) ;
#1879 = AXIS2_PLACEMENT_3D ( 'NONE', #199, #1792, #1666 ) ;
#1880 = DIRECTION ( 'NONE',  ( 0.8660254037844382635, 0.5000000000000006661, 0.000000000000000000 ) ) ;
#1881 = SURFACE_STYLE_FILL_AREA ( #441 ) ;
#1882 = CARTESIAN_POINT ( 'NONE',  ( -10.85290259849600680, 6.666719793117152015, 1.200000000000004396 ) ) ;
#1883 = EDGE_LOOP ( 'NONE', ( #1228, #1562, #455, #1210 ) ) ;
#1884 = ADVANCED_FACE ( 'NONE', ( #336 ), #450, .T. ) ;
#1885 = VERTEX_POINT ( 'NONE', #641 ) ;
#1886 = DIRECTION ( 'NONE',  ( -1.000000000000000000, 0.000000000000000000, 0.000000000000000000 ) ) ;
#1887 = LINE ( 'NONE', #706, #691 ) ;
#1888 = DIRECTION ( 'NONE',  ( 0.000000000000000000, 0.000000000000000000, -1.000000000000000000 ) ) ;
#1889 = LINE ( 'NONE', #275, #1361 ) ;
#1890 = ORIENTED_EDGE ( 'NONE', *, *, #1668, .F. ) ;
#1891 = ORIENTED_EDGE ( 'NONE', *, *, #562, .F. ) ;
ENDSEC;
END-ISO-10303-21;
