ISO-10303-21;
HEADER;
FILE_DESCRIPTION (( 'STEP AP214' ),
    '1' );
FILE_NAME ('hexholder_v2_21.2mm.STEP',
    '2026-08-06T00:15:40',
    ( '' ),
    ( '' ),
    'SwSTEP 2.0',
    'SolidWorks 2025',
    '' );
FILE_SCHEMA (( 'AUTOMOTIVE_DESIGN' ));
ENDSEC;

DATA;
#1 = AXIS2_PLACEMENT_3D ( 'NONE', #1190, #629, #789 ) ;
#2 = FACE_OUTER_BOUND ( 'NONE', #1243, .T. ) ;
#3 = AXIS2_PLACEMENT_3D ( 'NONE', #472, #163, #1621 ) ;
#4 = CARTESIAN_POINT ( 'NONE',  ( 11.49999999999999467, 6.062177826491070398, 0.000000000000000000 ) ) ;
#5 = CARTESIAN_POINT ( 'NONE',  ( -9.000000000000001776, 7.043673284113430633, 6.000000000000000000 ) ) ;
#6 = FACE_OUTER_BOUND ( 'NONE', #243, .T. ) ;
#7 = ADVANCED_FACE ( 'NONE', ( #24 ), #473, .T. ) ;
#8 = ORIENTED_EDGE ( 'NONE', *, *, #263, .T. ) ;
#9 = DIRECTION ( 'NONE',  ( -0.000000000000000000, -0.000000000000000000, -1.000000000000000000 ) ) ;
#10 = EDGE_LOOP ( 'NONE', ( #310, #467, #599, #808 ) ) ;
#11 = FACE_OUTER_BOUND ( 'NONE', #993, .T. ) ;
#12 = DIRECTION ( 'NONE',  ( -1.000000000000000000, -2.834555846673885644E-16, 0.000000000000000000 ) ) ;
#13 = PLANE ( 'NONE',  #829 ) ;
#14 = DIRECTION ( 'NONE',  ( -1.000000000000000000, 0.000000000000000000, 0.000000000000000000 ) ) ;
#15 = VERTEX_POINT ( 'NONE', #166 ) ;
#16 = FACE_OUTER_BOUND ( 'NONE', #1323, .T. ) ;
#17 = EDGE_CURVE ( 'NONE', #725, #838, #1448, .T. ) ;
#18 = ADVANCED_FACE ( 'NONE', ( #16 ), #1276, .T. ) ;
#19 = VERTEX_POINT ( 'NONE', #1890 ) ;
#20 = EDGE_CURVE ( 'NONE', #971, #512, #1318, .T. ) ;
#21 = FACE_OUTER_BOUND ( 'NONE', #676, .T. ) ;
#22 = CARTESIAN_POINT ( 'NONE',  ( 10.99999999999999645, 6.928203230275508773, 1.199999999999999734 ) ) ;
#23 = DIRECTION ( 'NONE',  ( 0.000000000000000000, 0.000000000000000000, -1.000000000000000000 ) ) ;
#24 = FACE_OUTER_BOUND ( 'NONE', #445, .T. ) ;
#25 = CLOSED_SHELL ( 'NONE', ( #1524, #1451, #1302, #115, #844, #1234, #1538, #1868, #1020, #247, #1157, #1485, #1430, #670, #1563, #661, #996, #1787, #81, #1237, #584, #40, #1125, #351, #1017, #901, #1345, #361, #7, #1754, #985, #739, #1056, #1703, #1762, #108, #1039, #161, #1570, #961, #565, #963, #751, #18, #1211, #870, #1500, #562, #1719, #1262, #380, #1619, #1333, #106, #1043, #425, #1689, #457, #1343, #504, #160, #1856, #728, #1366, #436 ) ) ;
#26 = ORIENTED_EDGE ( 'NONE', *, *, #479, .T. ) ;
#27 = AXIS2_PLACEMENT_3D ( 'NONE', #254, #548, #540 ) ;
#28 = VECTOR ( 'NONE', #239, 1000.000000000000114 ) ;
#29 = EDGE_CURVE ( 'NONE', #1814, #561, #181, .T. ) ;
#30 = CARTESIAN_POINT ( 'NONE',  ( 7.399999999999995026, 4.272391992003230499, 6.000000000000000000 ) ) ;
#31 = VECTOR ( 'NONE', #1614, 1000.000000000000000 ) ;
#32 = VECTOR ( 'NONE', #665, 999.9999999999998863 ) ;
#33 = DIRECTION ( 'NONE',  ( -0.000000000000000000, -0.000000000000000000, 1.000000000000000000 ) ) ;
#34 = CARTESIAN_POINT ( 'NONE',  ( 0.000000000000000000, 0.000000000000000000, 33.99999999999995737 ) ) ;
#35 = CYLINDRICAL_SURFACE ( 'NONE', #1394, 1.000000000000000000 ) ;
#36 = ORIENTED_EDGE ( 'NONE', *, *, #1736, .T. ) ;
#37 = DIRECTION ( 'NONE',  ( -0.000000000000000000, -0.000000000000000000, 1.000000000000000000 ) ) ;
#38 = CARTESIAN_POINT ( 'NONE',  ( 11.27774704738296840, -6.715080424987086793, 1.245696239814092943 ) ) ;
#39 = EDGE_CURVE ( 'NONE', #658, #383, #1307, .T. ) ;
#40 = ADVANCED_FACE ( 'NONE', ( #1026 ), #301, .T. ) ;
#41 = CARTESIAN_POINT ( 'NONE',  ( -1.449999999999998179, -11.05625765498134605, 6.000000000000000000 ) ) ;
#42 = CYLINDRICAL_SURFACE ( 'NONE', #1375, 3.200000000000000622 ) ;
#43 = DIRECTION ( 'NONE',  ( -0.000000000000000000, -0.000000000000000000, -1.000000000000000000 ) ) ;
#44 = ORIENTED_EDGE ( 'NONE', *, *, #924, .F. ) ;
#45 = ORIENTED_EDGE ( 'NONE', *, *, #1774, .T. ) ;
#46 = LINE ( 'NONE', #636, #1779 ) ;
#47 = PLANE ( 'NONE',  #713 ) ;
#48 = ORIENTED_EDGE ( 'NONE', *, *, #601, .T. ) ;
#49 = CARTESIAN_POINT ( 'NONE',  ( -3.469446951953614189E-15, 12.12435565298214080, 0.000000000000000000 ) ) ;
#50 = CARTESIAN_POINT ( 'NONE',  ( 0.000000000000000000, 0.000000000000000000, 17.00000000000000000 ) ) ;
#51 = EDGE_CURVE ( 'NONE', #275, #1656, #1049, .T. ) ;
#52 = CARTESIAN_POINT ( 'NONE',  ( 1.450000000000016387, -11.05625765498134250, 6.000000000000000000 ) ) ;
#53 = VERTEX_POINT ( 'NONE', #1035 ) ;
#54 = ORIENTED_EDGE ( 'NONE', *, *, #1248, .T. ) ;
#55 = DIRECTION ( 'NONE',  ( 0.000000000000000000, -1.000000000000000000, 0.000000000000000000 ) ) ;
#56 = VECTOR ( 'NONE', #43, 1000.000000000000000 ) ;
#57 = CARTESIAN_POINT ( 'NONE',  ( -7.399999999999999467, 4.272391992003227834, 5.700000000000005507 ) ) ;
#58 = CIRCLE ( 'NONE', #1891, 3.200000000000000178 ) ;
#59 = VERTEX_POINT ( 'NONE', #1612 ) ;
#60 = AXIS2_PLACEMENT_3D ( 'NONE', #112, #1258, #373 ) ;
#61 = DIRECTION ( 'NONE',  ( 0.000000000000000000, 0.000000000000000000, -1.000000000000000000 ) ) ;
#62 = LINE ( 'NONE', #1679, #1497 ) ;
#63 = VECTOR ( 'NONE', #1281, 1000.000000000000227 ) ;
#64 = CARTESIAN_POINT ( 'NONE',  ( -11.45430376018590124, -6.409275227995060220, 1.245696239814093831 ) ) ;
#65 = VECTOR ( 'NONE', #1593, 1000.000000000000000 ) ;
#66 = EDGE_CURVE ( 'NONE', #464, #866, #1674, .T. ) ;
#67 = AXIS2_PLACEMENT_3D ( 'NONE', #673, #547, #1728 ) ;
#68 = ORIENTED_EDGE ( 'NONE', *, *, #1279, .F. ) ;
#69 = ORIENTED_EDGE ( 'NONE', *, *, #1179, .T. ) ;
#70 = CARTESIAN_POINT ( 'NONE',  ( 11.36602540378443393, 6.562177826491071286, 1.333974596215558694 ) ) ;
#71 = DIRECTION ( 'NONE',  ( 4.196248604251587695E-15, -0.7559289460184568377, 0.6546536707079744222 ) ) ;
#72 = ORIENTED_EDGE ( 'NONE', *, *, #848, .F. ) ;
#73 = LINE ( 'NONE', #1828, #1771 ) ;
#74 = DIRECTION ( 'NONE',  ( -1.000000000000000000, 0.000000000000000000, 0.000000000000000000 ) ) ;
#75 = LINE ( 'NONE', #1212, #56 ) ;
#76 = ADVANCED_BREP_SHAPE_REPRESENTATION ( 'hexholder_v2_21.2mm', ( #1353, #1260 ), #1591 ) ;
#77 = ORIENTED_EDGE ( 'NONE', *, *, #1105, .F. ) ;
#78 = ORIENTED_EDGE ( 'NONE', *, *, #1651, .F. ) ;
#79 = PLANE ( 'NONE',  #286 ) ;
#80 = ORIENTED_EDGE ( 'NONE', *, *, #530, .F. ) ;
#81 = ADVANCED_FACE ( 'NONE', ( #1631 ), #753, .F. ) ;
#82 = DIRECTION ( 'NONE',  ( 0.8660254037844385966, -0.5000000000000001110, 0.000000000000000000 ) ) ;
#83 = CARTESIAN_POINT ( 'NONE',  ( 8.999999999999994671, 7.043673284113432409, 1.500000000000000000 ) ) ;
#84 = DIRECTION ( 'NONE',  ( -1.000000000000000000, 0.000000000000000000, 0.000000000000000000 ) ) ;
#85 = CARTESIAN_POINT ( 'NONE',  ( -3.250000000000000444, 0.000000000000000000, 17.03604719043194748 ) ) ;
#86 = VERTEX_POINT ( 'NONE', #906 ) ;
#87 = ORIENTED_EDGE ( 'NONE', *, *, #623, .F. ) ;
#88 = FACE_OUTER_BOUND ( 'NONE', #732, .T. ) ;
#89 = FACE_OUTER_BOUND ( 'NONE', #893, .T. ) ;
#90 = AXIS2_PLACEMENT_3D ( 'NONE', #465, #311, #894 ) ;
#91 = EDGE_CURVE ( 'NONE', #561, #1814, #461, .T. ) ;
#92 = CARTESIAN_POINT ( 'NONE',  ( 1.450000000000016387, -11.05625765498134250, 6.000000000000000000 ) ) ;
#93 = VECTOR ( 'NONE', #1445, 1000.000000000000000 ) ;
#94 = CARTESIAN_POINT ( 'NONE',  ( -11.49999999999999645, 6.238734539294001458, 1.199999999999999289 ) ) ;
#95 = AXIS2_PLACEMENT_3D ( 'NONE', #1608, #12, #1311 ) ;
#96 = CARTESIAN_POINT ( 'NONE',  ( 1.450000000000001288, 11.05625765498134427, 6.000000000000000000 ) ) ;
#97 = AXIS2_PLACEMENT_3D ( 'NONE', #350, #1053, #55 ) ;
#98 = ORIENTED_EDGE ( 'NONE', *, *, #1796, .F. ) ;
#99 = VECTOR ( 'NONE', #960, 1000.000000000000000 ) ;
#100 = ORIENTED_EDGE ( 'NONE', *, *, #551, .F. ) ;
#101 = LINE ( 'NONE', #1824, #532 ) ;
#102 = ORIENTED_EDGE ( 'NONE', *, *, #687, .T. ) ;
#103 = DIRECTION ( 'NONE',  ( -1.000000000000000000, 0.000000000000000000, 0.000000000000000000 ) ) ;
#104 = DIRECTION ( 'NONE',  ( -0.8660254037844385966, 0.5000000000000001110, 0.000000000000000000 ) ) ;
#105 = EDGE_CURVE ( 'NONE', #294, #1398, #1882, .T. ) ;
#106 = ADVANCED_FACE ( 'NONE', ( #1331 ), #1298, .T. ) ;
#107 = CARTESIAN_POINT ( 'NONE',  ( -4.336808689942017736E-15, 12.23982570682006710, 6.000000000000000000 ) ) ;
#108 = ADVANCED_FACE ( 'NONE', ( #1019 ), #1648, .T. ) ;
#109 = ORIENTED_EDGE ( 'NONE', *, *, #1415, .F. ) ;
#110 = ORIENTED_EDGE ( 'NONE', *, *, #470, .F. ) ;
#111 = CARTESIAN_POINT ( 'NONE',  ( 2.099999999999999645, 2.571758278209440971E-16, 17.70000000000000995 ) ) ;
#112 = CARTESIAN_POINT ( 'NONE',  ( 0.000000000000000000, 0.000000000000000000, 17.00000000000000000 ) ) ;
#113 = DIRECTION ( 'NONE',  ( 0.000000000000000000, 0.000000000000000000, -1.000000000000000000 ) ) ;
#114 = CARTESIAN_POINT ( 'NONE',  ( -9.000000000000001776, 7.043673284113430633, 5.700000000000005507 ) ) ;
#115 = ADVANCED_FACE ( 'NONE', ( #381 ), #524, .T. ) ;
#116 = ORIENTED_EDGE ( 'NONE', *, *, #403, .F. ) ;
#117 = ORIENTED_EDGE ( 'NONE', *, *, #1597, .T. ) ;
#118 = DIRECTION ( 'NONE',  ( 0.000000000000000000, 0.000000000000000000, -1.000000000000000000 ) ) ;
#119 = PRODUCT ( 'hexholder_v2_21.2mm', 'hexholder_v2_21.2mm', '', ( #1123 ) ) ;
#120 = LINE ( 'NONE', #959, #1110 ) ;
#121 = APPLICATION_PROTOCOL_DEFINITION ( 'draft international standard', 'automotive_design', 1998, #1027 ) ;
#122 = AXIS2_PLACEMENT_3D ( 'NONE', #1698, #1275, #837 ) ;
#123 = DIRECTION ( 'NONE',  ( 0.000000000000000000, 0.000000000000000000, -1.000000000000000000 ) ) ;
#124 = VECTOR ( 'NONE', #1695, 999.9999999999998863 ) ;
#125 = ORIENTED_EDGE ( 'NONE', *, *, #585, .F. ) ;
#126 = ORIENTED_EDGE ( 'NONE', *, *, #1665, .F. ) ;
#127 = VECTOR ( 'NONE', #1163, 1000.000000000000114 ) ;
#128 = EDGE_CURVE ( 'NONE', #512, #53, #1231, .T. ) ;
#129 = VECTOR ( 'NONE', #1459, 999.9999999999998863 ) ;
#130 = ORIENTED_EDGE ( 'NONE', *, *, #362, .T. ) ;
#131 = CARTESIAN_POINT ( 'NONE',  ( 0.000000000000000000, 0.000000000000000000, 17.03604719043194748 ) ) ;
#132 = PLANE ( 'NONE',  #95 ) ;
#133 = VERTEX_POINT ( 'NONE', #643 ) ;
#134 = ORIENTED_EDGE ( 'NONE', *, *, #1651, .T. ) ;
#135 = VERTEX_POINT ( 'NONE', #666 ) ;
#136 = EDGE_CURVE ( 'NONE', #1849, #1800, #1769, .T. ) ;
#137 = LINE ( 'NONE', #860, #1589 ) ;
#138 = EDGE_CURVE ( 'NONE', #383, #331, #1635, .T. ) ;
#139 = LINE ( 'NONE', #604, #188 ) ;
#140 = FACE_OUTER_BOUND ( 'NONE', #999, .T. ) ;
#141 = DIRECTION ( 'NONE',  ( 0.000000000000000000, 0.000000000000000000, 1.000000000000000000 ) ) ;
#142 = ORIENTED_EDGE ( 'NONE', *, *, #503, .F. ) ;
#143 = VERTEX_POINT ( 'NONE', #1789 ) ;
#144 = ORIENTED_EDGE ( 'NONE', *, *, #29, .F. ) ;
#145 = DIRECTION ( 'NONE',  ( -1.000000000000000000, 0.000000000000000000, 0.000000000000000000 ) ) ;
#146 = LINE ( 'NONE', #736, #1166 ) ;
#147 = EDGE_CURVE ( 'NONE', #1723, #1213, #1810, .T. ) ;
#148 = CARTESIAN_POINT ( 'NONE',  ( 11.00000000000000000, -6.928203230275510549, 1.199999999999998401 ) ) ;
#149 = CARTESIAN_POINT ( 'NONE',  ( 11.49999999999999467, -6.062177826491074839, 1.500000000000000000 ) ) ;
#150 = VECTOR ( 'NONE', #1495, 1000.000000000000000 ) ;
#151 = ORIENTED_EDGE ( 'NONE', *, *, #1639, .T. ) ;
#152 = VERTEX_POINT ( 'NONE', #1242 ) ;
#153 = VECTOR ( 'NONE', #388, 1000.000000000000000 ) ;
#154 = ORIENTED_EDGE ( 'NONE', *, *, #91, .T. ) ;
#155 = AXIS2_PLACEMENT_3D ( 'NONE', #387, #1122, #1696 ) ;
#156 = DIRECTION ( 'NONE',  ( -0.000000000000000000, -0.000000000000000000, -1.000000000000000000 ) ) ;
#157 = VECTOR ( 'NONE', #1588, 1000.000000000000000 ) ;
#158 = AXIS2_PLACEMENT_3D ( 'NONE', #1547, #1390, #1272 ) ;
#159 = LINE ( 'NONE', #441, #1491 ) ;
#160 = ADVANCED_FACE ( 'NONE', ( #1504 ), #35, .T. ) ;
#161 = ADVANCED_FACE ( 'NONE', ( #948 ), #511, .T. ) ;
#162 = CARTESIAN_POINT ( 'NONE',  ( -5.049999999999999822, 0.000000000000000000, 19.00000000000000000 ) ) ;
#163 = DIRECTION ( 'NONE',  ( 0.000000000000000000, 0.000000000000000000, -1.000000000000000000 ) ) ;
#164 = ORIENTED_EDGE ( 'NONE', *, *, #305, .F. ) ;
#165 = EDGE_CURVE ( 'NONE', #1567, #152, #1096, .T. ) ;
#166 = CARTESIAN_POINT ( 'NONE',  ( 1.600000000000008971, -11.31606527611666735, 1.500000000000000000 ) ) ;
#167 = EDGE_LOOP ( 'NONE', ( #932, #69, #570, #265 ) ) ;
#168 = FILL_AREA_STYLE_COLOUR ( '', #1050 ) ;
#169 = ORIENTED_EDGE ( 'NONE', *, *, #1488, .T. ) ;
#170 = DIRECTION ( 'NONE',  ( 0.000000000000000000, 0.000000000000000000, -1.000000000000000000 ) ) ;
#171 = DIRECTION ( 'NONE',  ( 0.000000000000000000, -1.000000000000000000, 0.000000000000000000 ) ) ;
#172 = CARTESIAN_POINT ( 'NONE',  ( 11.49999999999999467, -6.639528095680699238, 1.199999999999998401 ) ) ;
#173 = ORIENTED_EDGE ( 'NONE', *, *, #1294, .T. ) ;
#174 = CARTESIAN_POINT ( 'NONE',  ( 0.000000000000000000, 0.000000000000000000, 33.99999999999999289 ) ) ;
#175 = EDGE_CURVE ( 'NONE', #716, #1402, #202, .T. ) ;
#176 = ORIENTED_EDGE ( 'NONE', *, *, #1596, .T. ) ;
#177 = DIRECTION ( 'NONE',  ( -0.8660254037844382635, -0.5000000000000005551, 0.000000000000000000 ) ) ;
#178 = CARTESIAN_POINT ( 'NONE',  ( -11.27774704738296485, -6.715080424987085905, 1.245696239814091166 ) ) ;
#179 = CARTESIAN_POINT ( 'NONE',  ( 0.000000000000000000, 0.000000000000000000, 0.000000000000000000 ) ) ;
#180 = CARTESIAN_POINT ( 'NONE',  ( 0.000000000000000000, 0.000000000000000000, 0.3000000000000120348 ) ) ;
#181 = CIRCLE ( 'NONE', #917, 3.250000000000000444 ) ;
#182 = VERTEX_POINT ( 'NONE', #785 ) ;
#183 = CIRCLE ( 'NONE', #919, 2.900000000000010125 ) ;
#184 = EDGE_CURVE ( 'NONE', #1560, #972, #1861, .T. ) ;
#185 = EDGE_CURVE ( 'NONE', #1411, #1800, #75, .T. ) ;
#186 = CARTESIAN_POINT ( 'NONE',  ( 11.49999999999999467, -6.639528095680699238, 0.000000000000000000 ) ) ;
#187 = VERTEX_POINT ( 'NONE', #633 ) ;
#188 = VECTOR ( 'NONE', #1452, 1000.000000000000000 ) ;
#189 = FACE_BOUND ( 'NONE', #453, .T. ) ;
#190 = VECTOR ( 'NONE', #609, 999.9999999999998863 ) ;
#191 = AXIS2_PLACEMENT_3D ( 'NONE', #606, #23, #1184 ) ;
#192 = LINE ( 'NONE', #775, #1863 ) ;
#193 = DIRECTION ( 'NONE',  ( -0.000000000000000000, 1.000000000000000000, 0.000000000000000000 ) ) ;
#194 = DIRECTION ( 'NONE',  ( 0.000000000000000000, 0.000000000000000000, -1.000000000000000000 ) ) ;
#195 = EDGE_LOOP ( 'NONE', ( #100, #1556, #1822, #762 ) ) ;
#196 = DIRECTION ( 'NONE',  ( 0.000000000000000000, 0.000000000000000000, -1.000000000000000000 ) ) ;
#197 = DIRECTION ( 'NONE',  ( -0.7071067811865536790, -2.004333660835097673E-16, 0.7071067811865414665 ) ) ;
#198 = EDGE_CURVE ( 'NONE', #734, #955, #486, .T. ) ;
#199 = DIRECTION ( 'NONE',  ( 0.000000000000000000, 0.000000000000000000, -1.000000000000000000 ) ) ;
#200 = LINE ( 'NONE', #1820, #619 ) ;
#201 =( BOUNDED_CURVE ( )  B_SPLINE_CURVE ( 3, ( #794, #1368, #64, #1525 ),
 .UNSPECIFIED., .F., .T. ) 
 B_SPLINE_CURVE_WITH_KNOTS ( ( 4, 4 ),
 ( 0.000000000000000000, 0.5235987755982964842 ),
 .UNSPECIFIED. ) 
 CURVE ( )  GEOMETRIC_REPRESENTATION_ITEM ( )  RATIONAL_B_SPLINE_CURVE ( ( 1.000000000000000000, 0.9772838841927123932, 0.9772838841927123932, 1.000000000000000000 ) ) 
 REPRESENTATION_ITEM ( '' )  );
#202 = LINE ( 'NONE', #367, #1581 ) ;
#203 = ORIENTED_EDGE ( 'NONE', *, *, #51, .F. ) ;
#204 = EDGE_LOOP ( 'NONE', ( #1088, #400, #701, #982, #348 ) ) ;
#205 = CARTESIAN_POINT ( 'NONE',  ( -4.336808689942017736E-15, 13.27905619136139315, 0.000000000000000000 ) ) ;
#206 = CARTESIAN_POINT ( 'NONE',  ( 3.372059531467588744, 4.575316894125126564E-16, 36.00000000000000000 ) ) ;
#207 = ORIENTED_EDGE ( 'NONE', *, *, #1796, .T. ) ;
#208 = CARTESIAN_POINT ( 'NONE',  ( -11.15290259849600929, 6.839924873874038802, 1.199999999999998179 ) ) ;
#209 = EDGE_CURVE ( 'NONE', #266, #1814, #1087, .T. ) ;
#210 = DIRECTION ( 'NONE',  ( -0.000000000000000000, -0.000000000000000000, 1.000000000000000000 ) ) ;
#211 = CARTESIAN_POINT ( 'NONE',  ( 7.399999999999999467, -4.272391992003232275, 6.000000000000000000 ) ) ;
#212 = ORIENTED_EDGE ( 'NONE', *, *, #687, .F. ) ;
#213 = VERTEX_POINT ( 'NONE', #356 ) ;
#214 = CARTESIAN_POINT ( 'NONE',  ( 0.000000000000000000, 0.000000000000000000, 8.000000000000000000 ) ) ;
#215 = ORIENTED_EDGE ( 'NONE', *, *, #1170, .F. ) ;
#216 = CARTESIAN_POINT ( 'NONE',  ( -10.30000000000001137, 4.272391992003226946, 6.000000000000000000 ) ) ;
#217 = AXIS2_PLACEMENT_3D ( 'NONE', #1636, #61, #624 ) ;
#218 = ORIENTED_EDGE ( 'NONE', *, *, #1775, .T. ) ;
#219 = CIRCLE ( 'NONE', #493, 2.900000000000010569 ) ;
#220 = CARTESIAN_POINT ( 'NONE',  ( 3.372059531467588744, 4.129581911746106235E-16, 36.00000000000000000 ) ) ;
#221 = DIRECTION ( 'NONE',  ( 0.000000000000000000, 0.000000000000000000, -1.000000000000000000 ) ) ;
#222 = PRESENTATION_LAYER_ASSIGNMENT (  '', '', ( #833 ) ) ;
#223 = EDGE_CURVE ( 'NONE', #1818, #258, #201, .T. ) ;
#224 = EDGE_CURVE ( 'NONE', #1265, #133, #795, .T. ) ;
#225 = DIRECTION ( 'NONE',  ( -1.000000000000000000, 0.000000000000000000, 0.000000000000000000 ) ) ;
#226 = TOROIDAL_SURFACE ( 'NONE', #1340, 7.049999999999999822, 2.000000000000000000 ) ;
#227 = EDGE_LOOP ( 'NONE', ( #520, #474, #1770, #1850 ) ) ;
#228 = ORIENTED_EDGE ( 'NONE', *, *, #1406, .T. ) ;
#229 = DIRECTION ( 'NONE',  ( -0.8660254037844385966, 0.5000000000000001110, 0.000000000000000000 ) ) ;
#230 = ORIENTED_EDGE ( 'NONE', *, *, #147, .F. ) ;
#231 = DIRECTION ( 'NONE',  ( -0.3535533905932710108, -0.6123724356957894743, 0.7071067811865532349 ) ) ;
#232 = CARTESIAN_POINT ( 'NONE',  ( -3.550000000000011369, 0.000000000000000000, 0.000000000000000000 ) ) ;
#233 = FACE_OUTER_BOUND ( 'NONE', #1455, .T. ) ;
#234 = CARTESIAN_POINT ( 'NONE',  ( -11.36602540378443393, -6.562177826491072175, 1.333974596215559139 ) ) ;
#235 = EDGE_LOOP ( 'NONE', ( #244, #1102, #1177, #324, #809 ) ) ;
#236 = ORIENTED_EDGE ( 'NONE', *, *, #271, .T. ) ;
#237 = LINE ( 'NONE', #1410, #382 ) ;
#238 = EDGE_CURVE ( 'NONE', #743, #716, #402, .T. ) ;
#239 = DIRECTION ( 'NONE',  ( -0.8660254037844387076, 0.4999999999999998890, 0.000000000000000000 ) ) ;
#240 = CARTESIAN_POINT ( 'NONE',  ( -4.336808689942017736E-15, 13.27905619136139315, 1.500000000000000000 ) ) ;
#241 = SHAPE_DEFINITION_REPRESENTATION ( #1627, #76 ) ;
#242 = CARTESIAN_POINT ( 'NONE',  ( -0.1765567128029345012, 13.12435565298214257, 1.245696239814094497 ) ) ;
#243 = EDGE_LOOP ( 'NONE', ( #1670, #1864, #706, #1534 ) ) ;
#244 = ORIENTED_EDGE ( 'NONE', *, *, #304, .F. ) ;
#245 = CARTESIAN_POINT ( 'NONE',  ( -8.999999999999998224, -7.043673284113436850, 6.000000000000000000 ) ) ;
#246 = ORIENTED_EDGE ( 'NONE', *, *, #165, .T. ) ;
#247 = ADVANCED_FACE ( 'NONE', ( #1722 ), #1422, .T. ) ;
#248 = EDGE_CURVE ( 'NONE', #143, #1411, #1042, .T. ) ;
#249 = CARTESIAN_POINT ( 'NONE',  ( 9.000000000000001776, -7.043673284113434185, 5.700000000000005507 ) ) ;
#250 = AXIS2_PLACEMENT_3D ( 'NONE', #1514, #1830, #519 ) ;
#251 = DIRECTION ( 'NONE',  ( -0.8660254037844382635, -0.5000000000000005551, 0.000000000000000000 ) ) ;
#252 = AXIS2_PLACEMENT_3D ( 'NONE', #107, #558, #1134 ) ;
#253 = AXIS2_PLACEMENT_3D ( 'NONE', #1518, #1481, #177 ) ;
#254 = CARTESIAN_POINT ( 'NONE',  ( 7.399999999999999467, -4.272391992003232275, 5.700000000000005507 ) ) ;
#255 = AXIS2_PLACEMENT_3D ( 'NONE', #268, #296, #564 ) ;
#256 = ORIENTED_EDGE ( 'NONE', *, *, #1150, .F. ) ;
#257 = CIRCLE ( 'NONE', #1286, 3.199999999999999734 ) ;
#258 = VERTEX_POINT ( 'NONE', #234 ) ;
#259 = CARTESIAN_POINT ( 'NONE',  ( -0.4999999999999918954, -12.99038105676658716, 0.000000000000000000 ) ) ;
#260 = VERTEX_POINT ( 'NONE', #96 ) ;
#261 = LINE ( 'NONE', #1121, #954 ) ;
#262 = DIRECTION ( 'NONE',  ( 0.000000000000000000, 0.000000000000000000, 1.000000000000000000 ) ) ;
#263 = EDGE_CURVE ( 'NONE', #1574, #1566, #1365, .T. ) ;
#264 = CARTESIAN_POINT ( 'NONE',  ( 0.000000000000000000, 0.000000000000000000, 36.00000000000000000 ) ) ;
#265 = ORIENTED_EDGE ( 'NONE', *, *, #856, .F. ) ;
#266 = VERTEX_POINT ( 'NONE', #85 ) ;
#267 = ORIENTED_EDGE ( 'NONE', *, *, #1797, .F. ) ;
#268 = CARTESIAN_POINT ( 'NONE',  ( 10.59999999999999964, -6.119912853410032660, 5.700000000000005507 ) ) ;
#269 = PLANE ( 'NONE',  #312 ) ;
#270 = DIRECTION ( 'NONE',  ( -1.000000000000000000, -1.224646799147352961E-16, 0.000000000000000000 ) ) ;
#271 = EDGE_CURVE ( 'NONE', #143, #1849, #1708, .T. ) ;
#272 = DIRECTION ( 'NONE',  ( -1.000000000000000000, 0.000000000000000000, 0.000000000000000000 ) ) ;
#273 = ORIENTED_EDGE ( 'NONE', *, *, #574, .F. ) ;
#274 = VERTEX_POINT ( 'NONE', #114 ) ;
#275 = VERTEX_POINT ( 'NONE', #408 ) ;
#276 = CARTESIAN_POINT ( 'NONE',  ( 0.000000000000000000, 0.000000000000000000, 36.00000000000000000 ) ) ;
#277 = DIRECTION ( 'NONE',  ( -0.8660254037844387076, 0.4999999999999998890, 0.000000000000000000 ) ) ;
#278 = AXIS2_PLACEMENT_3D ( 'NONE', #336, #1681, #1205 ) ;
#279 = VECTOR ( 'NONE', #1329, 1000.000000000000114 ) ;
#280 = CARTESIAN_POINT ( 'NONE',  ( 9.807181237445678561E-15, -13.12435565298214790, 1.333974596215558472 ) ) ;
#281 = AXIS2_PLACEMENT_3D ( 'NONE', #538, #1705, #1103 ) ;
#282 = ORIENTED_EDGE ( 'NONE', *, *, #1715, .F. ) ;
#283 = ORIENTED_EDGE ( 'NONE', *, *, #1201, .F. ) ;
#284 = VECTOR ( 'NONE', #1694, 999.9999999999998863 ) ;
#285 = EDGE_CURVE ( 'NONE', #1656, #1467, #680, .T. ) ;
#286 = AXIS2_PLACEMENT_3D ( 'NONE', #677, #1129, #229 ) ;
#287 = ORIENTED_EDGE ( 'NONE', *, *, #304, .T. ) ;
#288 = FACE_OUTER_BOUND ( 'NONE', #1790, .T. ) ;
#289 = DIRECTION ( 'NONE',  ( -0.000000000000000000, -0.000000000000000000, 1.000000000000000000 ) ) ;
#290 = CARTESIAN_POINT ( 'NONE',  ( 2.099999999999999645, 2.571758278209440971E-16, 36.00000000000000000 ) ) ;
#291 = DIRECTION ( 'NONE',  ( -0.000000000000000000, -0.000000000000000000, 1.000000000000000000 ) ) ;
#292 = EDGE_LOOP ( 'NONE', ( #1228, #871 ) ) ;
#293 = DIRECTION ( 'NONE',  ( 0.000000000000000000, 0.000000000000000000, -1.000000000000000000 ) ) ;
#294 = VERTEX_POINT ( 'NONE', #1395 ) ;
#295 = EDGE_CURVE ( 'NONE', #1006, #1873, #798, .T. ) ;
#296 = DIRECTION ( 'NONE',  ( 0.3535533905932772836, -0.6123724356957996884, 0.7071067811865412445 ) ) ;
#297 = LINE ( 'NONE', #1727, #1557 ) ;
#298 = DIRECTION ( 'NONE',  ( 0.7071067811865526798, 3.006500491252642441E-16, 0.7071067811865424657 ) ) ;
#299 = CARTESIAN_POINT ( 'NONE',  ( 0.000000000000000000, 0.000000000000000000, 33.99999999999999289 ) ) ;
#300 = ORIENTED_EDGE ( 'NONE', *, *, #403, .T. ) ;
#301 = PLANE ( 'NONE',  #1250 ) ;
#302 = ORIENTED_EDGE ( 'NONE', *, *, #585, .T. ) ;
#303 = LINE ( 'NONE', #747, #63 ) ;
#304 = EDGE_CURVE ( 'NONE', #876, #743, #596, .T. ) ;
#305 = EDGE_CURVE ( 'NONE', #1671, #535, #1553, .T. ) ;
#306 = DIRECTION ( 'NONE',  ( -0.000000000000000000, -0.000000000000000000, 1.000000000000000000 ) ) ;
#307 = EDGE_CURVE ( 'NONE', #1185, #1402, #417, .T. ) ;
#308 = CARTESIAN_POINT ( 'NONE',  ( 10.59999999999999432, 6.119912853410032660, 5.700000000000005507 ) ) ;
#309 = CARTESIAN_POINT ( 'NONE',  ( -7.399999999999996803, -4.272391992003233163, 6.000000000000000000 ) ) ;
#310 = ORIENTED_EDGE ( 'NONE', *, *, #1825, .T. ) ;
#311 = DIRECTION ( 'NONE',  ( -0.000000000000000000, -0.000000000000000000, 1.000000000000000000 ) ) ;
#312 = AXIS2_PLACEMENT_3D ( 'NONE', #240, #1261, #1687 ) ;
#313 = EDGE_LOOP ( 'NONE', ( #1700, #357, #1252, #1380 ) ) ;
#314 = CIRCLE ( 'NONE', #1432, 1.000000000000000888 ) ;
#315 = PLANE ( 'NONE',  #1434 ) ;
#316 = AXIS2_PLACEMENT_3D ( 'NONE', #1360, #1188, #468 ) ;
#317 = ORIENTED_EDGE ( 'NONE', *, *, #832, .T. ) ;
#318 = CONICAL_SURFACE ( 'NONE', #1316, 2.900000000000010125, 0.7853981633974401744 ) ;
#319 = LINE ( 'NONE', #1151, #1012 ) ;
#320 = CARTESIAN_POINT ( 'NONE',  ( 10.49999999999999467, 6.062177826491070398, 1.500000000000000000 ) ) ;
#321 = DIRECTION ( 'NONE',  ( 0.000000000000000000, 0.000000000000000000, -1.000000000000000000 ) ) ;
#322 = ORIENTED_EDGE ( 'NONE', *, *, #1607, .T. ) ;
#323 = DIRECTION ( 'NONE',  ( -0.8660254037844383745, -0.5000000000000004441, 0.000000000000000000 ) ) ;
#324 = ORIENTED_EDGE ( 'NONE', *, *, #175, .F. ) ;
#325 = DIRECTION ( 'NONE',  ( 0.000000000000000000, 0.000000000000000000, -1.000000000000000000 ) ) ;
#326 = DIRECTION ( 'NONE',  ( -1.000000000000000000, 0.000000000000000000, -0.000000000000000000 ) ) ;
#327 = DIRECTION ( 'NONE',  ( -1.000000000000000000, 0.000000000000000000, 0.000000000000000000 ) ) ;
#328 = CYLINDRICAL_SURFACE ( 'NONE', #1197, 3.200000000000000178 ) ;
#329 = EDGE_CURVE ( 'NONE', #1873, #950, #1124, .T. ) ;
#330 = EDGE_LOOP ( 'NONE', ( #458, #1000, #1857, #992 ) ) ;
#331 = VERTEX_POINT ( 'NONE', #1263 ) ;
#332 = EDGE_LOOP ( 'NONE', ( #1136, #1206, #1595, #164, #1784 ) ) ;
#333 = DIRECTION ( 'NONE',  ( -0.3420201433256649937, 0.000000000000000000, -0.9396926207859097602 ) ) ;
#334 = CARTESIAN_POINT ( 'NONE',  ( -11.36602540378443393, 6.562177826491067734, 1.333974596215558472 ) ) ;
#335 = FACE_OUTER_BOUND ( 'NONE', #1767, .T. ) ;
#336 = CARTESIAN_POINT ( 'NONE',  ( 8.673617379884035472E-15, -8.544783984006462774, 6.000000000000000000 ) ) ;
#337 = EDGE_CURVE ( 'NONE', #490, #1077, #1709, .T. ) ;
#338 = AXIS2_PLACEMENT_3D ( 'NONE', #180, #1624, #1478 ) ;
#339 = ORIENTED_EDGE ( 'NONE', *, *, #238, .T. ) ;
#340 = AXIS2_PLACEMENT_3D ( 'NONE', #1314, #723, #1296 ) ;
#341 = CARTESIAN_POINT ( 'NONE',  ( 9.000000000000001776, -7.043673284113434185, 6.000000000000000000 ) ) ;
#342 = VECTOR ( 'NONE', #1543, 1000.000000000000000 ) ;
#343 = DIRECTION ( 'NONE',  ( 0.000000000000000000, 0.000000000000000000, -1.000000000000000000 ) ) ;
#344 = VECTOR ( 'NONE', #1207, 1000.000000000000114 ) ;
#345 = AXIS2_PLACEMENT_3D ( 'NONE', #1536, #814, #1219 ) ;
#346 = DIRECTION ( 'NONE',  ( 0.8660254037844387076, -0.4999999999999998890, 0.000000000000000000 ) ) ;
#347 = CYLINDRICAL_SURFACE ( 'NONE', #652, 5.049999999999999822 ) ;
#348 = ORIENTED_EDGE ( 'NONE', *, *, #832, .F. ) ;
#349 = ORIENTED_EDGE ( 'NONE', *, *, #696, .F. ) ;
#350 = CARTESIAN_POINT ( 'NONE',  ( -11.49999999999999645, -6.639528095680699238, 1.199999999999998401 ) ) ;
#351 = ADVANCED_FACE ( 'NONE', ( #1287 ), #1565, .T. ) ;
#352 = CARTESIAN_POINT ( 'NONE',  ( -11.49999999999999645, 6.639528095680693909, 1.199999999999998401 ) ) ;
#353 = ORIENTED_EDGE ( 'NONE', *, *, #1839, .T. ) ;
#354 = PLANE ( 'NONE',  #583 ) ;
#355 = LINE ( 'NONE', #1204, #412 ) ;
#356 = CARTESIAN_POINT ( 'NONE',  ( -11.19999999999999218, -6.466323014923806234, 1.500000000000000000 ) ) ;
#357 = ORIENTED_EDGE ( 'NONE', *, *, #913, .T. ) ;
#358 = EDGE_LOOP ( 'NONE', ( #300, #392, #849, #1438 ) ) ;
#359 = DIRECTION ( 'NONE',  ( -0.000000000000000000, -0.000000000000000000, 1.000000000000000000 ) ) ;
#360 = LINE ( 'NONE', #942, #1777 ) ;
#361 = ADVANCED_FACE ( 'NONE', ( #424 ), #855, .T. ) ;
#362 = EDGE_CURVE ( 'NONE', #1187, #59, #1862, .T. ) ;
#363 = VERTEX_POINT ( 'NONE', #714 ) ;
#364 = CARTESIAN_POINT ( 'NONE',  ( -11.49999999999999645, 6.639528095680693909, 1.199999999999998401 ) ) ;
#365 = CARTESIAN_POINT ( 'NONE',  ( 1.600000000000011857, -11.31606527611666557, 5.700000000000005507 ) ) ;
#366 = EDGE_CURVE ( 'NONE', #1532, #1040, #1879, .T. ) ;
#367 = CARTESIAN_POINT ( 'NONE',  ( -0.5000000000000038858, 12.99038105676658006, 1.500000000000000000 ) ) ;
#368 = ORIENTED_EDGE ( 'NONE', *, *, #138, .F. ) ;
#369 = ORIENTED_EDGE ( 'NONE', *, *, #905, .T. ) ;
#370 = CARTESIAN_POINT ( 'NONE',  ( 4.099999999999999645, 5.021051876504147385E-16, 21.74747741945470736 ) ) ;
#371 = VECTOR ( 'NONE', #500, 1000.000000000000114 ) ;
#372 = AXIS2_PLACEMENT_3D ( 'NONE', #49, #1355, #791 ) ;
#373 = DIRECTION ( 'NONE',  ( -1.000000000000000000, 0.000000000000000000, 0.000000000000000000 ) ) ;
#374 = VECTOR ( 'NONE', #1301, 1000.000000000000227 ) ;
#375 = ORIENTED_EDGE ( 'NONE', *, *, #185, .F. ) ;
#376 = VECTOR ( 'NONE', #37, 1000.000000000000000 ) ;
#377 = DIRECTION ( 'NONE',  ( 0.000000000000000000, 0.000000000000000000, -1.000000000000000000 ) ) ;
#378 = LINE ( 'NONE', #1668, #99 ) ;
#379 = AXIS2_PLACEMENT_3D ( 'NONE', #1880, #1266, #1530 ) ;
#380 = ADVANCED_FACE ( 'NONE', ( #1303 ), #471, .T. ) ;
#381 = FACE_OUTER_BOUND ( 'NONE', #1799, .T. ) ;
#382 = VECTOR ( 'NONE', #359, 1000.000000000000000 ) ;
#383 = VERTEX_POINT ( 'NONE', #280 ) ;
#384 = ORIENTED_EDGE ( 'NONE', *, *, #761, .T. ) ;
#385 = PLANE ( 'NONE',  #863 ) ;
#386 = DIRECTION ( 'NONE',  ( -1.000000000000000000, 0.000000000000000000, 0.000000000000000000 ) ) ;
#387 = CARTESIAN_POINT ( 'NONE',  ( -7.399999999999996803, -4.272391992003233163, 1.499999999999999556 ) ) ;
#388 = DIRECTION ( 'NONE',  ( -0.000000000000000000, -0.000000000000000000, 1.000000000000000000 ) ) ;
#389 = EDGE_CURVE ( 'NONE', #1710, #1516, #874, .T. ) ;
#390 = EDGE_CURVE ( 'NONE', #571, #274, #1175, .T. ) ;
#391 = ORIENTED_EDGE ( 'NONE', *, *, #631, .F. ) ;
#392 = ORIENTED_EDGE ( 'NONE', *, *, #1126, .F. ) ;
#393 = CARTESIAN_POINT ( 'NONE',  ( -11.49999999999999645, 6.639528095680693909, 1.500000000000000000 ) ) ;
#394 = EDGE_LOOP ( 'NONE', ( #126, #1079 ) ) ;
#395 = DIRECTION ( 'NONE',  ( 1.000000000000000000, 4.251833770010828712E-16, -0.000000000000000000 ) ) ;
#396 = PLANE ( 'NONE',  #1192 ) ;
#397 = DIRECTION ( 'NONE',  ( -1.224646799147353207E-16, 1.000000000000000000, 0.000000000000000000 ) ) ;
#398 = CARTESIAN_POINT ( 'NONE',  ( -1.120301164588931158E-15, 13.12435565298213902, 1.333974596215561137 ) ) ;
#399 = VERTEX_POINT ( 'NONE', #148 ) ;
#400 = ORIENTED_EDGE ( 'NONE', *, *, #807, .F. ) ;
#401 = DIRECTION ( 'NONE',  ( 0.000000000000000000, 0.000000000000000000, -1.000000000000000000 ) ) ;
#402 =( BOUNDED_CURVE ( )  B_SPLINE_CURVE ( 3, ( #398, #242, #815, #1005 ),
 .UNSPECIFIED., .F., .T. ) 
 B_SPLINE_CURVE_WITH_KNOTS ( ( 4, 4 ),
 ( 5.759586531581284419, 6.283185307179586232 ),
 .UNSPECIFIED. ) 
 CURVE ( )  GEOMETRIC_REPRESENTATION_ITEM ( )  RATIONAL_B_SPLINE_CURVE ( ( 1.000000000000000000, 0.9772838841927118381, 0.9772838841927118381, 1.000000000000000000 ) ) 
 REPRESENTATION_ITEM ( '' )  );
#403 = EDGE_CURVE ( 'NONE', #1308, #1439, #1437, .T. ) ;
#404 = PLANE ( 'NONE',  #495 ) ;
#405 = DIRECTION ( 'NONE',  ( -0.3535533905932687904, -0.6123724356957900294, -0.7071067811865539010 ) ) ;
#406 = VECTOR ( 'NONE', #890, 1000.000000000000000 ) ;
#407 = AXIS2_PLACEMENT_3D ( 'NONE', #526, #1542, #82 ) ;
#408 = CARTESIAN_POINT ( 'NONE',  ( -2.099999999999999645, 0.000000000000000000, 33.99999999999999289 ) ) ;
#409 = ORIENTED_EDGE ( 'NONE', *, *, #506, .T. ) ;
#410 = CIRCLE ( 'NONE', #592, 2.099999999999999645 ) ;
#411 = ORIENTED_EDGE ( 'NONE', *, *, #285, .F. ) ;
#412 = VECTOR ( 'NONE', #1503, 1000.000000000000000 ) ;
#413 = LINE ( 'NONE', #515, #129 ) ;
#414 = EDGE_CURVE ( 'NONE', #1439, #742, #1183, .T. ) ;
#415 = CARTESIAN_POINT ( 'NONE',  ( -8.850000000000004974, 6.783865662978109334, 6.000000000000000000 ) ) ;
#416 = FACE_OUTER_BOUND ( 'NONE', #1244, .T. ) ;
#417 = LINE ( 'NONE', #1854, #525 ) ;
#418 = EDGE_LOOP ( 'NONE', ( #1008, #1154, #154, #1130 ) ) ;
#419 = ORIENTED_EDGE ( 'NONE', *, *, #1081, .T. ) ;
#420 = VERTEX_POINT ( 'NONE', #738 ) ;
#421 = PLANE ( 'NONE',  #97 ) ;
#422 = CARTESIAN_POINT ( 'NONE',  ( 11.15290259849600929, 6.839924873874042355, 1.199999999999999956 ) ) ;
#423 = DIRECTION ( 'NONE',  ( -1.000000000000000000, 0.000000000000000000, 0.000000000000000000 ) ) ;
#424 = FACE_OUTER_BOUND ( 'NONE', #292, .T. ) ;
#425 = ADVANCED_FACE ( 'NONE', ( #140 ), #13, .T. ) ;
#426 = ORIENTED_EDGE ( 'NONE', *, *, #366, .F. ) ;
#427 = ORIENTED_EDGE ( 'NONE', *, *, #307, .F. ) ;
#428 = ORIENTED_EDGE ( 'NONE', *, *, #1139, .F. ) ;
#429 = DIRECTION ( 'NONE',  ( 0.000000000000000000, 0.000000000000000000, -1.000000000000000000 ) ) ;
#430 = CARTESIAN_POINT ( 'NONE',  ( 8.673617379884035472E-15, -8.544783984006462774, 6.000000000000000000 ) ) ;
#431 = VECTOR ( 'NONE', #1178, 1000.000000000000000 ) ;
#432 = VECTOR ( 'NONE', #1645, 1000.000000000000114 ) ;
#433 = CARTESIAN_POINT ( 'NONE',  ( 11.49999999999999467, 6.639528095680695685, 0.000000000000000000 ) ) ;
#434 = DIRECTION ( 'NONE',  ( -0.000000000000000000, -0.000000000000000000, 1.000000000000000000 ) ) ;
#435 = VECTOR ( 'NONE', #405, 1000.000000000000000 ) ;
#436 = ADVANCED_FACE ( 'NONE', ( #1193 ), #1336, .F. ) ;
#437 = ORIENTED_EDGE ( 'NONE', *, *, #1737, .F. ) ;
#438 = DIRECTION ( 'NONE',  ( -0.8660254037844383745, -0.5000000000000004441, 0.000000000000000000 ) ) ;
#439 = CIRCLE ( 'NONE', #1082, 2.900000000000010125 ) ;
#440 = ORIENTED_EDGE ( 'NONE', *, *, #1004, .F. ) ;
#441 = CARTESIAN_POINT ( 'NONE',  ( -5.299999999999998934, -9.179869280115051211, 1.500000000000000000 ) ) ;
#442 = APPLICATION_CONTEXT ( 'automotive_design' ) ;
#443 = FACE_OUTER_BOUND ( 'NONE', #204, .T. ) ;
#444 = DIRECTION ( 'NONE',  ( -1.000000000000000000, 0.000000000000000000, 0.000000000000000000 ) ) ;
#445 = EDGE_LOOP ( 'NONE', ( #1519, #1843, #1147, #1408 ) ) ;
#446 = DIRECTION ( 'NONE',  ( 2.834555846673885644E-16, -1.000000000000000000, 0.000000000000000000 ) ) ;
#447 = EDGE_LOOP ( 'NONE', ( #1034, #411, #369, #975 ) ) ;
#448 = CARTESIAN_POINT ( 'NONE',  ( 11.49999999999999822, -6.238734539294006787, 1.199999999999997957 ) ) ;
#449 =( BOUNDED_CURVE ( )  B_SPLINE_CURVE ( 3, ( #1310, #1037, #448, #721 ),
 .UNSPECIFIED., .F., .F. ) 
 B_SPLINE_CURVE_WITH_KNOTS ( ( 4, 4 ),
 ( 5.759586531581287083, 6.283185307179586232 ),
 .UNSPECIFIED. ) 
 CURVE ( )  GEOMETRIC_REPRESENTATION_ITEM ( )  RATIONAL_B_SPLINE_CURVE ( ( 1.000000000000000000, 0.9772838841927120601, 0.9772838841927120601, 1.000000000000000000 ) ) 
 REPRESENTATION_ITEM ( '' )  );
#450 = CARTESIAN_POINT ( 'NONE',  ( 5.300000000000007816, -9.179869280115049435, 1.500000000000000000 ) ) ;
#451 = FACE_OUTER_BOUND ( 'NONE', #1349, .T. ) ;
#452 = CARTESIAN_POINT ( 'NONE',  ( -11.49999999999999645, 6.062177826491069510, 1.199999999999998401 ) ) ;
#453 = EDGE_LOOP ( 'NONE', ( #1128, #786 ) ) ;
#454 = CARTESIAN_POINT ( 'NONE',  ( -0.1765567128029236765, -13.12435565298214613, 1.245696239814091166 ) ) ;
#455 = ORIENTED_EDGE ( 'NONE', *, *, #848, .T. ) ;
#456 = CARTESIAN_POINT ( 'NONE',  ( 11.36602540378443393, 6.562177826491071286, 1.333974596215558694 ) ) ;
#457 = ADVANCED_FACE ( 'NONE', ( #451 ), #586, .T. ) ;
#458 = ORIENTED_EDGE ( 'NONE', *, *, #760, .F. ) ;
#459 = DIRECTION ( 'NONE',  ( -0.3535533905932767840, -0.6123724356957999104, 0.7071067811865414665 ) ) ;
#460 = DIRECTION ( 'NONE',  ( 0.000000000000000000, 0.000000000000000000, -1.000000000000000000 ) ) ;
#461 = CIRCLE ( 'NONE', #338, 3.250000000000000444 ) ;
#462 = CARTESIAN_POINT ( 'NONE',  ( -7.399999999999996803, -4.272391992003233163, 5.700000000000005507 ) ) ;
#463 = CONICAL_SURFACE ( 'NONE', #217, 2.900000000000010569, 0.7853981633974396193 ) ;
#464 = VERTEX_POINT ( 'NONE', #605 ) ;
#465 = CARTESIAN_POINT ( 'NONE',  ( 0.000000000000000000, 0.000000000000000000, 0.000000000000000000 ) ) ;
#466 = VECTOR ( 'NONE', #1032, 1000.000000000000114 ) ;
#467 = ORIENTED_EDGE ( 'NONE', *, *, #820, .T. ) ;
#468 = DIRECTION ( 'NONE',  ( -1.000000000000000000, 0.000000000000000000, 0.000000000000000000 ) ) ;
#469 = CARTESIAN_POINT ( 'NONE',  ( 1.600000000000011191, -11.31606527611666557, 5.700000000000005507 ) ) ;
#470 = EDGE_CURVE ( 'NONE', #481, #1467, #1780, .T. ) ;
#471 = PLANE ( 'NONE',  #709 ) ;
#472 = CARTESIAN_POINT ( 'NONE',  ( 7.399999999999999467, -4.272391992003232275, 6.000000000000000000 ) ) ;
#473 = CYLINDRICAL_SURFACE ( 'NONE', #1458, 4.099999999999999645 ) ;
#474 = ORIENTED_EDGE ( 'NONE', *, *, #1415, .T. ) ;
#475 = DIRECTION ( 'NONE',  ( 0.000000000000000000, 0.000000000000000000, -1.000000000000000000 ) ) ;
#476 = EDGE_CURVE ( 'NONE', #135, #1332, #1464, .T. ) ;
#477 = CARTESIAN_POINT ( 'NONE',  ( -11.15290259849600929, -6.839924873874046796, 1.199999999999996847 ) ) ;
#478 = DIRECTION ( 'NONE',  ( -1.000000000000000000, 0.000000000000000000, 0.000000000000000000 ) ) ;
#479 = EDGE_CURVE ( 'NONE', #816, #726, #1738, .T. ) ;
#480 = CARTESIAN_POINT ( 'NONE',  ( 10.59999999999999787, 4.506943796211478080E-15, 1.500000000000000000 ) ) ;
#481 = VERTEX_POINT ( 'NONE', #749 ) ;
#482 = SURFACE_SIDE_STYLE ('',( #1080 ) ) ;
#483 = CARTESIAN_POINT ( 'NONE',  ( -7.399999999999996803, -4.272391992003233163, 6.000000000000000000 ) ) ;
#484 = CARTESIAN_POINT ( 'NONE',  ( -9.000000000000003553, 7.043673284113428856, 1.500000000000000000 ) ) ;
#485 = DIRECTION ( 'NONE',  ( 1.000000000000000000, 0.000000000000000000, 0.000000000000000000 ) ) ;
#486 = LINE ( 'NONE', #52, #371 ) ;
#487 = AXIS2_PLACEMENT_3D ( 'NONE', #1798, #1379, #1075 ) ;
#488 = EDGE_CURVE ( 'NONE', #363, #1516, #183, .T. ) ;
#489 = VERTEX_POINT ( 'NONE', #22 ) ;
#490 = VERTEX_POINT ( 'NONE', #902 ) ;
#491 = CIRCLE ( 'NONE', #1554, 2.000000000000000000 ) ;
#492 = CARTESIAN_POINT ( 'NONE',  ( -10.49999999999999467, 6.062177826491069510, 0.000000000000000000 ) ) ;
#493 = AXIS2_PLACEMENT_3D ( 'NONE', #430, #1165, #1436 ) ;
#494 = CARTESIAN_POINT ( 'NONE',  ( -4.099999999999999645, 0.000000000000000000, 21.74747741945470736 ) ) ;
#495 = AXIS2_PLACEMENT_3D ( 'NONE', #1392, #395, #1835 ) ;
#496 = VECTOR ( 'NONE', #1230, 1000.000000000000000 ) ;
#497 = ORIENTED_EDGE ( 'NONE', *, *, #128, .T. ) ;
#498 = DIRECTION ( 'NONE',  ( 0.000000000000000000, 0.000000000000000000, -1.000000000000000000 ) ) ;
#499 = CARTESIAN_POINT ( 'NONE',  ( -3.250000000000000444, 0.000000000000000000, 0.3000000000000120348 ) ) ;
#500 = DIRECTION ( 'NONE',  ( 0.3535533905932706222, -0.6123724356957895854, -0.7071067811865533459 ) ) ;
#501 = ORIENTED_EDGE ( 'NONE', *, *, #136, .T. ) ;
#502 = ORIENTED_EDGE ( 'NONE', *, *, #329, .T. ) ;
#503 = EDGE_CURVE ( 'NONE', #331, #1505, #1167, .T. ) ;
#504 = ADVANCED_FACE ( 'NONE', ( #443 ), #1023, .T. ) ;
#505 = LINE ( 'NONE', #1215, #31 ) ;
#506 = EDGE_CURVE ( 'NONE', #258, #1613, #1699, .T. ) ;
#507 = CARTESIAN_POINT ( 'NONE',  ( -1.600000000000003864, 11.31606527611666557, 1.500000000000000000 ) ) ;
#508 = EDGE_LOOP ( 'NONE', ( #1418, #1441, #1119, #391 ) ) ;
#509 = FACE_OUTER_BOUND ( 'NONE', #1373, .T. ) ;
#510 = LINE ( 'NONE', #1522, #622 ) ;
#511 = CYLINDRICAL_SURFACE ( 'NONE', #487, 3.200000000000000622 ) ;
#512 = VERTEX_POINT ( 'NONE', #1474 ) ;
#513 = ORIENTED_EDGE ( 'NONE', *, *, #1248, .F. ) ;
#514 = CARTESIAN_POINT ( 'NONE',  ( 11.34999999999999254, -6.379720474545365505, 1.500000000000000000 ) ) ;
#515 = CARTESIAN_POINT ( 'NONE',  ( 8.557428662982502574E-15, -13.27905619136140025, 1.199999999999998401 ) ) ;
#516 = ORIENTED_EDGE ( 'NONE', *, *, #506, .F. ) ;
#517 = DIRECTION ( 'NONE',  ( -1.000000000000000000, 0.000000000000000000, 0.000000000000000000 ) ) ;
#518 = CARTESIAN_POINT ( 'NONE',  ( -11.36602540378443393, 6.562177826491067734, 1.333974596215558472 ) ) ;
#519 = DIRECTION ( 'NONE',  ( -1.000000000000000000, 0.000000000000000000, 0.000000000000000000 ) ) ;
#520 = ORIENTED_EDGE ( 'NONE', *, *, #1370, .F. ) ;
#521 =( BOUNDED_CURVE ( )  B_SPLINE_CURVE ( 3, ( #518, #1386, #94, #1721 ),
 .UNSPECIFIED., .F., .F. ) 
 B_SPLINE_CURVE_WITH_KNOTS ( ( 4, 4 ),
 ( 5.759586531581288860, 6.283185307179586232 ),
 .UNSPECIFIED. ) 
 CURVE ( )  GEOMETRIC_REPRESENTATION_ITEM ( )  RATIONAL_B_SPLINE_CURVE ( ( 1.000000000000000000, 0.9772838841927123932, 0.9772838841927123932, 1.000000000000000000 ) ) 
 REPRESENTATION_ITEM ( '' )  );
#522 = ORIENTED_EDGE ( 'NONE', *, *, #1665, .T. ) ;
#523 = CARTESIAN_POINT ( 'NONE',  ( 0.000000000000000000, 0.000000000000000000, 36.00000000000000000 ) ) ;
#524 = CONICAL_SURFACE ( 'NONE', #250, 4.099999999999999645, 0.3490658503988619543 ) ;
#525 = VECTOR ( 'NONE', #533, 1000.000000000000114 ) ;
#526 = CARTESIAN_POINT ( 'NONE',  ( 8.673617379884035472E-15, -13.27905619136140025, 1.199999999999998401 ) ) ;
#527 = AXIS2_PLACEMENT_3D ( 'NONE', #1413, #113, #685 ) ;
#528 = VECTOR ( 'NONE', #1846, 999.9999999999998863 ) ;
#529 = DIRECTION ( 'NONE',  ( -0.7071067811865464625, 0.000000000000000000, -0.7071067811865486830 ) ) ;
#530 = EDGE_CURVE ( 'NONE', #1332, #59, #1220, .T. ) ;
#531 = EDGE_CURVE ( 'NONE', #187, #593, #1060, .T. ) ;
#532 = VECTOR ( 'NONE', #1685, 1000.000000000000000 ) ;
#533 = DIRECTION ( 'NONE',  ( 0.8660254037844383745, 0.5000000000000004441, 0.000000000000000000 ) ) ;
#534 = ORIENTED_EDGE ( 'NONE', *, *, #223, .T. ) ;
#535 = VERTEX_POINT ( 'NONE', #1667 ) ;
#536 = DIRECTION ( 'NONE',  ( -1.000000000000000000, 0.000000000000000000, 0.000000000000000000 ) ) ;
#537 = CARTESIAN_POINT ( 'NONE',  ( -10.99999999999999645, 6.928203230275506996, 0.000000000000000000 ) ) ;
#538 = CARTESIAN_POINT ( 'NONE',  ( 0.000000000000000000, 0.000000000000000000, 21.74747741945470736 ) ) ;
#539 = PRODUCT_RELATED_PRODUCT_CATEGORY ( 'part', '', ( #119 ) ) ;
#540 = DIRECTION ( 'NONE',  ( -1.000000000000000000, 0.000000000000000000, 0.000000000000000000 ) ) ;
#541 = EDGE_CURVE ( 'NONE', #1308, #950, #58, .T. ) ;
#542 = ORIENTED_EDGE ( 'NONE', *, *, #705, .T. ) ;
#543 = ORIENTED_EDGE ( 'NONE', *, *, #198, .F. ) ;
#544 = CARTESIAN_POINT ( 'NONE',  ( 0.000000000000000000, 0.000000000000000000, 0.000000000000000000 ) ) ;
#545 = DIRECTION ( 'NONE',  ( -1.000000000000000000, 0.000000000000000000, 0.000000000000000000 ) ) ;
#546 = CARTESIAN_POINT ( 'NONE',  ( -8.850000000000003197, -6.783865662978114663, 6.000000000000000000 ) ) ;
#547 = DIRECTION ( 'NONE',  ( 0.000000000000000000, 0.000000000000000000, -1.000000000000000000 ) ) ;
#548 = DIRECTION ( 'NONE',  ( 0.000000000000000000, 0.000000000000000000, -1.000000000000000000 ) ) ;
#549 = ORIENTED_EDGE ( 'NONE', *, *, #1678, .T. ) ;
#550 = ORIENTED_EDGE ( 'NONE', *, *, #209, .T. ) ;
#551 = EDGE_CURVE ( 'NONE', #972, #143, #630, .T. ) ;
#552 = ORIENTED_EDGE ( 'NONE', *, *, #641, .T. ) ;
#553 = PLANE ( 'NONE',  #407 ) ;
#554 = AXIS2_PLACEMENT_3D ( 'NONE', #1387, #272, #823 ) ;
#555 = CARTESIAN_POINT ( 'NONE',  ( -0.4999999999999917843, -12.99038105676658716, 1.199999999999999734 ) ) ;
#556 = AXIS2_PLACEMENT_3D ( 'NONE', #730, #575, #1886 ) ;
#557 =( LENGTH_UNIT ( ) NAMED_UNIT ( * ) SI_UNIT ( .MILLI., .METRE. ) );
#558 = DIRECTION ( 'NONE',  ( 0.5000000000000001110, 0.8660254037844385966, -0.000000000000000000 ) ) ;
#559 = ORIENTED_EDGE ( 'NONE', *, *, #1607, .F. ) ;
#560 = CIRCLE ( 'NONE', #1622, 5.049999999999999822 ) ;
#561 = VERTEX_POINT ( 'NONE', #1628 ) ;
#562 = ADVANCED_FACE ( 'NONE', ( #1209 ), #463, .T. ) ;
#563 = EDGE_CURVE ( 'NONE', #734, #1265, #73, .T. ) ;
#564 = DIRECTION ( 'NONE',  ( 0.8660254037844382635, 0.5000000000000005551, 0.000000000000000000 ) ) ;
#565 = ADVANCED_FACE ( 'NONE', ( #509 ), #1191, .T. ) ;
#566 = CARTESIAN_POINT ( 'NONE',  ( 10.99999999999999645, 6.928203230275508773, 1.199999999999999734 ) ) ;
#567 = CARTESIAN_POINT ( 'NONE',  ( 0.000000000000000000, 0.000000000000000000, 17.70000000000000995 ) ) ;
#568 = DIRECTION ( 'NONE',  ( -1.000000000000000000, 0.000000000000000000, 0.000000000000000000 ) ) ;
#569 = ORIENTED_EDGE ( 'NONE', *, *, #1222, .T. ) ;
#570 = ORIENTED_EDGE ( 'NONE', *, *, #1101, .T. ) ;
#571 = VERTEX_POINT ( 'NONE', #484 ) ;
#572 = CARTESIAN_POINT ( 'NONE',  ( -3.469446951953614189E-15, 8.544783984006462774, 6.000000000000000000 ) ) ;
#573 = DIRECTION ( 'NONE',  ( 0.000000000000000000, 0.000000000000000000, -1.000000000000000000 ) ) ;
#574 = EDGE_CURVE ( 'NONE', #593, #1398, #1229, .T. ) ;
#575 = DIRECTION ( 'NONE',  ( 0.000000000000000000, 0.000000000000000000, -1.000000000000000000 ) ) ;
#576 = CARTESIAN_POINT ( 'NONE',  ( -11.49999999999999645, -6.062177826491074839, 0.000000000000000000 ) ) ;
#577 = UNCERTAINTY_MEASURE_WITH_UNIT (LENGTH_MEASURE( 1.000000000000000082E-05 ), #557, 'distance_accuracy_value', 'NONE');
#578 = ORIENTED_EDGE ( 'NONE', *, *, #1066, .T. ) ;
#579 = CARTESIAN_POINT ( 'NONE',  ( -11.49999999999999645, 6.639528095680693909, 1.199999999999998401 ) ) ;
#580 = VERTEX_POINT ( 'NONE', #1085 ) ;
#581 = FACE_OUTER_BOUND ( 'NONE', #1199, .T. ) ;
#582 = CARTESIAN_POINT ( 'NONE',  ( 11.36602540378443393, 6.562177826491071286, 1.333974596215558694 ) ) ;
#583 = AXIS2_PLACEMENT_3D ( 'NONE', #664, #910, #1203 ) ;
#584 = ADVANCED_FACE ( 'NONE', ( #1511 ), #354, .T. ) ;
#585 = EDGE_CURVE ( 'NONE', #1813, #1332, #491, .T. ) ;
#586 = PLANE ( 'NONE',  #340 ) ;
#587 = DIRECTION ( 'NONE',  ( 0.000000000000000000, 0.000000000000000000, -1.000000000000000000 ) ) ;
#588 = VECTOR ( 'NONE', #1002, 999.9999999999998863 ) ;
#589 = VERTEX_POINT ( 'NONE', #1786 ) ;
#590 = ORIENTED_EDGE ( 'NONE', *, *, #880, .F. ) ;
#591 = CONICAL_SURFACE ( 'NONE', #923, 2.900000000000010569, 0.7853981633974396193 ) ;
#592 = AXIS2_PLACEMENT_3D ( 'NONE', #299, #141, #883 ) ;
#593 = VERTEX_POINT ( 'NONE', #334 ) ;
#594 = FACE_OUTER_BOUND ( 'NONE', #358, .T. ) ;
#595 = DIRECTION ( 'NONE',  ( -1.000000000000000000, 0.000000000000000000, 0.000000000000000000 ) ) ;
#596 =( BOUNDED_CURVE ( )  B_SPLINE_CURVE ( 3, ( #1841, #1872, #689, #1407 ),
 .UNSPECIFIED., .F., .F. ) 
 B_SPLINE_CURVE_WITH_KNOTS ( ( 4, 4 ),
 ( 5.258380536554699660E-15, 0.5235987755982969283 ),
 .UNSPECIFIED. ) 
 CURVE ( )  GEOMETRIC_REPRESENTATION_ITEM ( )  RATIONAL_B_SPLINE_CURVE ( ( 1.000000000000000000, 0.9772838841927127262, 0.9772838841927127262, 1.000000000000000000 ) ) 
 REPRESENTATION_ITEM ( '' )  );
#597 = CARTESIAN_POINT ( 'NONE',  ( -1.600000000000005862, 11.31606527611666557, 5.700000000000003730 ) ) ;
#598 = DIRECTION ( 'NONE',  ( 0.000000000000000000, 0.000000000000000000, -1.000000000000000000 ) ) ;
#599 = ORIENTED_EDGE ( 'NONE', *, *, #1391, .F. ) ;
#600 = DIRECTION ( 'NONE',  ( 0.8660254037844382635, 0.5000000000000005551, 0.000000000000000000 ) ) ;
#601 = EDGE_CURVE ( 'NONE', #1516, #260, #916, .T. ) ;
#602 = EDGE_LOOP ( 'NONE', ( #797, #1246 ) ) ;
#603 = CARTESIAN_POINT ( 'NONE',  ( 7.399999999999999467, -4.272391992003232275, 1.499999999999999556 ) ) ;
#604 = CARTESIAN_POINT ( 'NONE',  ( 10.99999999999999289, 6.928203230275510549, 1.500000000000000000 ) ) ;
#605 = CARTESIAN_POINT ( 'NONE',  ( 3.550000000000011369, 4.347496136973118171E-16, 0.000000000000000000 ) ) ;
#606 = CARTESIAN_POINT ( 'NONE',  ( 8.673617379884035472E-15, -8.544783984006462774, 1.499999999999999556 ) ) ;
#607 = EDGE_LOOP ( 'NONE', ( #1350, #353, #80, #125 ) ) ;
#608 = ORIENTED_EDGE ( 'NONE', *, *, #1652, .T. ) ;
#609 = DIRECTION ( 'NONE',  ( -0.7071067811865435759, 0.000000000000000000, 0.7071067811865515695 ) ) ;
#610 = CARTESIAN_POINT ( 'NONE',  ( 11.00000000000000000, -6.928203230275510549, 1.199999999999998401 ) ) ;
#611 = CARTESIAN_POINT ( 'NONE',  ( -8.850000000000004974, 6.783865662978108446, 6.000000000000000000 ) ) ;
#612 = LINE ( 'NONE', #1781, #926 ) ;
#613 = AXIS2_PLACEMENT_3D ( 'NONE', #320, #1601, #1045 ) ;
#614 = CARTESIAN_POINT ( 'NONE',  ( 0.000000000000000000, 0.000000000000000000, 36.00000000000000000 ) ) ;
#615 = VECTOR ( 'NONE', #1361, 1000.000000000000000 ) ;
#616 = ORIENTED_EDGE ( 'NONE', *, *, #29, .T. ) ;
#617 = AXIS2_PLACEMENT_3D ( 'NONE', #492, #1507, #826 ) ;
#618 = DIRECTION ( 'NONE',  ( 0.000000000000000000, 0.000000000000000000, -1.000000000000000000 ) ) ;
#619 = VECTOR ( 'NONE', #939, 1000.000000000000000 ) ;
#620 = AXIS2_PLACEMENT_3D ( 'NONE', #1133, #712, #423 ) ;
#621 = CYLINDRICAL_SURFACE ( 'NONE', #741, 3.250000000000000444 ) ;
#622 = VECTOR ( 'NONE', #805, 999.9999999999998863 ) ;
#623 = EDGE_CURVE ( 'NONE', #274, #742, #192, .T. ) ;
#624 = DIRECTION ( 'NONE',  ( -1.000000000000000000, 0.000000000000000000, 0.000000000000000000 ) ) ;
#625 = CARTESIAN_POINT ( 'NONE',  ( 8.999999999999994671, 7.043673284113434185, 5.700000000000006395 ) ) ;
#626 = CARTESIAN_POINT ( 'NONE',  ( -3.469446951953614189E-15, 12.12435565298214080, 1.500000000000000000 ) ) ;
#627 = ORIENTED_EDGE ( 'NONE', *, *, #974, .F. ) ;
#628 = LINE ( 'NONE', #205, #1867 ) ;
#629 = DIRECTION ( 'NONE',  ( 0.000000000000000000, 0.000000000000000000, -1.000000000000000000 ) ) ;
#630 = LINE ( 'NONE', #220, #432 ) ;
#631 = EDGE_CURVE ( 'NONE', #769, #725, #1346, .T. ) ;
#632 = LINE ( 'NONE', #1347, #496 ) ;
#633 = CARTESIAN_POINT ( 'NONE',  ( -10.99999999999999822, 6.928203230275505220, 1.199999999999998401 ) ) ;
#634 = ORIENTED_EDGE ( 'NONE', *, *, #390, .F. ) ;
#635 = EDGE_LOOP ( 'NONE', ( #1575, #176, #559, #1470 ) ) ;
#636 = CARTESIAN_POINT ( 'NONE',  ( 10.99999999999999645, -6.928203230275511437, 1.500000000000000000 ) ) ;
#637 = PLANE ( 'NONE',  #253 ) ;
#638 = ORIENTED_EDGE ( 'NONE', *, *, #1202, .F. ) ;
#639 = CARTESIAN_POINT ( 'NONE',  ( -11.36602540378443393, 6.562177826491067734, 1.333974596215558472 ) ) ;
#640 = CARTESIAN_POINT ( 'NONE',  ( 7.399999999999995026, 4.272391992003230499, 6.000000000000000000 ) ) ;
#641 = EDGE_CURVE ( 'NONE', #1613, #1574, #929, .T. ) ;
#642 = EDGE_CURVE ( 'NONE', #1402, #1025, #1460, .T. ) ;
#643 = CARTESIAN_POINT ( 'NONE',  ( 10.30000000000000959, -4.272391992003230499, 6.000000000000000000 ) ) ;
#644 = EDGE_CURVE ( 'NONE', #1560, #1411, #654, .T. ) ;
#645 = ORIENTED_EDGE ( 'NONE', *, *, #1597, .F. ) ;
#646 = VERTEX_POINT ( 'NONE', #1860 ) ;
#647 = VECTOR ( 'NONE', #1094, 1000.000000000000114 ) ;
#648 = FACE_OUTER_BOUND ( 'NONE', #1539, .T. ) ;
#649 = AXIS2_PLACEMENT_3D ( 'NONE', #483, #1642, #1227 ) ;
#650 = CYLINDRICAL_SURFACE ( 'NONE', #649, 3.199999999999999734 ) ;
#651 = AXIS2_PLACEMENT_3D ( 'NONE', #276, #156, #852 ) ;
#652 = AXIS2_PLACEMENT_3D ( 'NONE', #1646, #1512, #74 ) ;
#653 = ORIENTED_EDGE ( 'NONE', *, *, #641, .F. ) ;
#654 = LINE ( 'NONE', #1819, #647 ) ;
#655 = LINE ( 'NONE', #365, #32 ) ;
#656 = CIRCLE ( 'NONE', #1146, 2.000000000000000000 ) ;
#657 = DIRECTION ( 'NONE',  ( 0.000000000000000000, 0.000000000000000000, 1.000000000000000000 ) ) ;
#658 = VERTEX_POINT ( 'NONE', #555 ) ;
#659 = ORIENTED_EDGE ( 'NONE', *, *, #1573, .F. ) ;
#660 = FACE_OUTER_BOUND ( 'NONE', #979, .T. ) ;
#661 = ADVANCED_FACE ( 'NONE', ( #1720, #1676 ), #1420, .F. ) ;
#662 = CARTESIAN_POINT ( 'NONE',  ( 0.000000000000000000, 0.000000000000000000, 36.00000000000000000 ) ) ;
#663 = ORIENTED_EDGE ( 'NONE', *, *, #1425, .T. ) ;
#664 = CARTESIAN_POINT ( 'NONE',  ( 7.806255641895631925E-15, -12.23982570682007065, 6.000000000000000000 ) ) ;
#665 = DIRECTION ( 'NONE',  ( -0.8660254037844383745, -0.5000000000000006661, 0.000000000000000000 ) ) ;
#666 = CARTESIAN_POINT ( 'NONE',  ( -5.049999999999999822, 0.000000000000000000, 19.13737387097278386 ) ) ;
#667 = ORIENTED_EDGE ( 'NONE', *, *, #1630, .F. ) ;
#668 = ORIENTED_EDGE ( 'NONE', *, *, #1596, .F. ) ;
#669 = CARTESIAN_POINT ( 'NONE',  ( 8.850000000000001421, 6.783865662978113775, 6.000000000000000000 ) ) ;
#670 = ADVANCED_FACE ( 'NONE', ( #989 ), #269, .T. ) ;
#671 = DIRECTION ( 'NONE',  ( 0.000000000000000000, 0.000000000000000000, -1.000000000000000000 ) ) ;
#672 = FACE_OUTER_BOUND ( 'NONE', #941, .T. ) ;
#673 = CARTESIAN_POINT ( 'NONE',  ( 6.938893903907228378E-15, -12.12435565298214968, 1.500000000000000000 ) ) ;
#674 = CARTESIAN_POINT ( 'NONE',  ( 0.000000000000000000, 0.000000000000000000, 17.70000000000000995 ) ) ;
#675 = ORIENTED_EDGE ( 'NONE', *, *, #531, .T. ) ;
#676 = EDGE_LOOP ( 'NONE', ( #1377, #267, #1733, #1604 ) ) ;
#677 = CARTESIAN_POINT ( 'NONE',  ( -4.336808689942017736E-15, 12.23982570682006710, 5.700000000000005507 ) ) ;
#678 = VECTOR ( 'NONE', #1306, 1000.000000000000114 ) ;
#679 = VERTEX_POINT ( 'NONE', #83 ) ;
#680 = CIRCLE ( 'NONE', #1138, 2.099999999999999645 ) ;
#681 = LINE ( 'NONE', #1384, #528 ) ;
#682 = AXIS2_PLACEMENT_3D ( 'NONE', #1182, #573, #899 ) ;
#683 = EDGE_CURVE ( 'NONE', #1505, #1447, #1044, .T. ) ;
#684 = CIRCLE ( 'NONE', #988, 2.900000000000011013 ) ;
#685 = DIRECTION ( 'NONE',  ( -1.000000000000000000, 0.000000000000000000, 0.000000000000000000 ) ) ;
#686 =( NAMED_UNIT ( * ) SI_UNIT ( $, .STERADIAN. ) SOLID_ANGLE_UNIT ( ) );
#687 = EDGE_CURVE ( 'NONE', #658, #1613, #1115, .T. ) ;
#688 = CIRCLE ( 'NONE', #1531, 5.049999999999999822 ) ;
#689 = CARTESIAN_POINT ( 'NONE',  ( 0.1765567128029284505, 13.12435565298214080, 1.245696239814094275 ) ) ;
#690 = EDGE_LOOP ( 'NONE', ( #998, #780, #1428, #1875 ) ) ;
#691 = ORIENTED_EDGE ( 'NONE', *, *, #337, .F. ) ;
#692 = DIRECTION ( 'NONE',  ( -0.8660254037844383745, -0.5000000000000004441, 0.000000000000000000 ) ) ;
#693 = ORIENTED_EDGE ( 'NONE', *, *, #900, .T. ) ;
#694 = DIRECTION ( 'NONE',  ( 0.000000000000000000, 0.000000000000000000, 1.000000000000000000 ) ) ;
#695 = CARTESIAN_POINT ( 'NONE',  ( -8.850000000000003197, -6.783865662978114663, 6.000000000000000000 ) ) ;
#696 = EDGE_CURVE ( 'NONE', #1813, #1084, #1429, .T. ) ;
#697 = CARTESIAN_POINT ( 'NONE',  ( -10.49999999999999467, -6.062177826491074839, 0.000000000000000000 ) ) ;
#698 = ORIENTED_EDGE ( 'NONE', *, *, #1442, .T. ) ;
#699 = EDGE_LOOP ( 'NONE', ( #914, #1127, #1153, #668 ) ) ;
#700 = CYLINDRICAL_SURFACE ( 'NONE', #772, 4.099999999999999645 ) ;
#701 = ORIENTED_EDGE ( 'NONE', *, *, #1091, .F. ) ;
#702 = LINE ( 'NONE', #1376, #892 ) ;
#703 = DIRECTION ( 'NONE',  ( -1.000000000000000000, 0.000000000000000000, 0.000000000000000000 ) ) ;
#704 = DIRECTION ( 'NONE',  ( -0.000000000000000000, -0.000000000000000000, -1.000000000000000000 ) ) ;
#705 = EDGE_CURVE ( 'NONE', #86, #182, #1047, .T. ) ;
#706 = ORIENTED_EDGE ( 'NONE', *, *, #329, .F. ) ;
#707 = ORIENTED_EDGE ( 'NONE', *, *, #1797, .T. ) ;
#708 = CARTESIAN_POINT ( 'NONE',  ( 0.000000000000000000, 0.000000000000000000, 17.00000000000000000 ) ) ;
#709 = AXIS2_PLACEMENT_3D ( 'NONE', #308, #298, #1592 ) ;
#710 = CARTESIAN_POINT ( 'NONE',  ( 6.938893903907228378E-15, -12.12435565298214968, 0.000000000000000000 ) ) ;
#711 = VECTOR ( 'NONE', #1444, 999.9999999999998863 ) ;
#712 = DIRECTION ( 'NONE',  ( -0.000000000000000000, -0.000000000000000000, -1.000000000000000000 ) ) ;
#713 = AXIS2_PLACEMENT_3D ( 'NONE', #1352, #197, #1664 ) ;
#714 = CARTESIAN_POINT ( 'NONE',  ( 10.30000000000000604, 4.272391992003232275, 6.000000000000000000 ) ) ;
#715 = VECTOR ( 'NONE', #196, 1000.000000000000000 ) ;
#716 = VERTEX_POINT ( 'NONE', #822 ) ;
#717 = VECTOR ( 'NONE', #1046, 1000.000000000000000 ) ;
#718 = ORIENTED_EDGE ( 'NONE', *, *, #1004, .T. ) ;
#719 = ORIENTED_EDGE ( 'NONE', *, *, #366, .T. ) ;
#720 = EDGE_CURVE ( 'NONE', #646, #363, #968, .T. ) ;
#721 = CARTESIAN_POINT ( 'NONE',  ( 11.49999999999999467, -6.062177826491074839, 1.199999999999998401 ) ) ;
#722 = LINE ( 'NONE', #1041, #1840 ) ;
#723 = DIRECTION ( 'NONE',  ( 0.7071067811865454633, -0.000000000000000000, 0.7071067811865495711 ) ) ;
#724 = ORIENTED_EDGE ( 'NONE', *, *, #1509, .T. ) ;
#725 = VERTEX_POINT ( 'NONE', #1284 ) ;
#726 = VERTEX_POINT ( 'NONE', #1393 ) ;
#727 = CARTESIAN_POINT ( 'NONE',  ( 8.850000000000004974, -6.783865662978112887, 6.000000000000000000 ) ) ;
#728 = ADVANCED_FACE ( 'NONE', ( #1385 ), #1274, .T. ) ;
#729 = CARTESIAN_POINT ( 'NONE',  ( -3.312435565298239570, 0.000000000000000000, 17.00000000000000000 ) ) ;
#730 = CARTESIAN_POINT ( 'NONE',  ( 0.000000000000000000, 0.000000000000000000, 8.000000000000000000 ) ) ;
#731 = DIRECTION ( 'NONE',  ( -1.000000000000000000, 0.000000000000000000, 0.000000000000000000 ) ) ;
#732 = EDGE_LOOP ( 'NONE', ( #218, #117, #933, #1326 ) ) ;
#733 = ORIENTED_EDGE ( 'NONE', *, *, #623, .T. ) ;
#734 = VERTEX_POINT ( 'NONE', #92 ) ;
#735 = CARTESIAN_POINT ( 'NONE',  ( 0.000000000000000000, 0.000000000000000000, 19.00000000000000000 ) ) ;
#736 = CARTESIAN_POINT ( 'NONE',  ( -11.49999999999999645, -6.062177826491074839, 1.500000000000000000 ) ) ;
#737 = VECTOR ( 'NONE', #1071, 999.9999999999998863 ) ;
#738 = CARTESIAN_POINT ( 'NONE',  ( 10.99999999999999645, -6.928203230275511437, 0.000000000000000000 ) ) ;
#739 = ADVANCED_FACE ( 'NONE', ( #672 ), #1587, .T. ) ;
#740 = CARTESIAN_POINT ( 'NONE',  ( 7.399999999999995026, 4.272391992003230499, 5.700000000000005507 ) ) ;
#741 = AXIS2_PLACEMENT_3D ( 'NONE', #1216, #1655, #774 ) ;
#742 = VERTEX_POINT ( 'NONE', #415 ) ;
#743 = VERTEX_POINT ( 'NONE', #1249 ) ;
#744 = AXIS2_PLACEMENT_3D ( 'NONE', #1550, #1859, #1716 ) ;
#745 = VECTOR ( 'NONE', #1851, 1000.000000000000114 ) ;
#746 = ORIENTED_EDGE ( 'NONE', *, *, #1159, .F. ) ;
#747 = CARTESIAN_POINT ( 'NONE',  ( 3.312435565298239570, 4.056563612424342157E-16, 17.00000000000000000 ) ) ;
#748 = CARTESIAN_POINT ( 'NONE',  ( -10.59999999999999964, 4.272391992003226946, 1.500000000000000000 ) ) ;
#749 = CARTESIAN_POINT ( 'NONE',  ( 2.099999999999999645, 2.571758278209440971E-16, 33.99999999999999289 ) ) ;
#750 = DIRECTION ( 'NONE',  ( 0.000000000000000000, 0.000000000000000000, -1.000000000000000000 ) ) ;
#751 = ADVANCED_FACE ( 'NONE', ( #995 ), #396, .T. ) ;
#752 = ORIENTED_EDGE ( 'NONE', *, *, #39, .F. ) ;
#753 = PLANE ( 'NONE',  #827 ) ;
#754 = LINE ( 'NONE', #341, #376 ) ;
#755 = LINE ( 'NONE', #729, #374 ) ;
#756 = CARTESIAN_POINT ( 'NONE',  ( 8.999999999999994671, 7.043673284113434185, 5.700000000000006395 ) ) ;
#757 = DIRECTION ( 'NONE',  ( 0.8660254037844381525, 0.5000000000000006661, 0.000000000000000000 ) ) ;
#758 = ORIENTED_EDGE ( 'NONE', *, *, #683, .T. ) ;
#759 = DIRECTION ( 'NONE',  ( -1.000000000000000000, 0.000000000000000000, 0.000000000000000000 ) ) ;
#760 = EDGE_CURVE ( 'NONE', #1566, #535, #120, .T. ) ;
#761 = EDGE_CURVE ( 'NONE', #1814, #866, #1837, .T. ) ;
#762 = ORIENTED_EDGE ( 'NONE', *, *, #248, .F. ) ;
#763 = FACE_BOUND ( 'NONE', #602, .T. ) ;
#764 = EDGE_CURVE ( 'NONE', #133, #363, #1268, .T. ) ;
#765 = LINE ( 'NONE', #1803, #831 ) ;
#766 = DIRECTION ( 'NONE',  ( -0.000000000000000000, -0.000000000000000000, -1.000000000000000000 ) ) ;
#767 = VECTOR ( 'NONE', #1158, 1000.000000000000000 ) ;
#768 = CARTESIAN_POINT ( 'NONE',  ( 11.49999999999999467, -6.639528095680699238, 1.199999999999998401 ) ) ;
#769 = VERTEX_POINT ( 'NONE', #695 ) ;
#770 = VECTOR ( 'NONE', #840, 1000.000000000000000 ) ;
#771 = CARTESIAN_POINT ( 'NONE',  ( 10.59999999999999964, -4.272391992003230499, 5.700000000000005507 ) ) ;
#772 = AXIS2_PLACEMENT_3D ( 'NONE', #523, #1255, #1111 ) ;
#773 = EDGE_CURVE ( 'NONE', #769, #19, #1853, .T. ) ;
#774 = DIRECTION ( 'NONE',  ( -1.000000000000000000, 0.000000000000000000, 0.000000000000000000 ) ) ;
#775 = CARTESIAN_POINT ( 'NONE',  ( -9.000000000000001776, 7.043673284113430633, 5.700000000000005507 ) ) ;
#776 = DIRECTION ( 'NONE',  ( 0.000000000000000000, 0.000000000000000000, -1.000000000000000000 ) ) ;
#777 = CARTESIAN_POINT ( 'NONE',  ( 0.5000000000000078826, -12.99038105676658716, 1.199999999999998401 ) ) ;
#778 =( BOUNDED_CURVE ( )  B_SPLINE_CURVE ( 3, ( #1869, #1181, #1763, #456 ),
 .UNSPECIFIED., .F., .F. ) 
 B_SPLINE_CURVE_WITH_KNOTS ( ( 4, 4 ),
 ( 8.673617379884041389E-16, 0.5235987755982998149 ),
 .UNSPECIFIED. ) 
 CURVE ( )  GEOMETRIC_REPRESENTATION_ITEM ( )  RATIONAL_B_SPLINE_CURVE ( ( 1.000000000000000000, 0.9772838841927120601, 0.9772838841927120601, 1.000000000000000000 ) ) 
 REPRESENTATION_ITEM ( '' )  );
#779 = ORIENTED_EDGE ( 'NONE', *, *, #165, .F. ) ;
#780 = ORIENTED_EDGE ( 'NONE', *, *, #764, .F. ) ;
#781 = PRESENTATION_STYLE_ASSIGNMENT (( #1069 ) ) ;
#782 = LINE ( 'NONE', #494, #800 ) ;
#783 = DIRECTION ( 'NONE',  ( 0.6546536707079779749, -0.3779644730092308058, 0.6546536707079743111 ) ) ;
#784 = CARTESIAN_POINT ( 'NONE',  ( -4.099999999999999645, 0.000000000000000000, 21.74747741945470736 ) ) ;
#785 = CARTESIAN_POINT ( 'NONE',  ( -10.59999999999999609, -4.272391992003234051, 1.500000000000000000 ) ) ;
#786 = ORIENTED_EDGE ( 'NONE', *, *, #66, .T. ) ;
#787 = ORIENTED_EDGE ( 'NONE', *, *, #1573, .T. ) ;
#788 = CYLINDRICAL_SURFACE ( 'NONE', #316, 1.000000000000000888 ) ;
#789 = DIRECTION ( 'NONE',  ( -1.000000000000000000, 0.000000000000000000, 0.000000000000000000 ) ) ;
#790 = ORIENTED_EDGE ( 'NONE', *, *, #1116, .T. ) ;
#791 = DIRECTION ( 'NONE',  ( -1.000000000000000000, 0.000000000000000000, 0.000000000000000000 ) ) ;
#792 = DIRECTION ( 'NONE',  ( 0.000000000000000000, 0.000000000000000000, -1.000000000000000000 ) ) ;
#793 = EDGE_CURVE ( 'NONE', #580, #266, #1644, .T. ) ;
#794 = CARTESIAN_POINT ( 'NONE',  ( -11.49999999999999645, -6.062177826491074839, 1.199999999999998401 ) ) ;
#795 = CIRCLE ( 'NONE', #1426, 2.900000000000011013 ) ;
#796 = ORIENTED_EDGE ( 'NONE', *, *, #945, .F. ) ;
#797 = ORIENTED_EDGE ( 'NONE', *, *, #696, .T. ) ;
#798 = CIRCLE ( 'NONE', #122, 3.200000000000000178 ) ;
#799 = CARTESIAN_POINT ( 'NONE',  ( 11.49999999999999467, 6.639528095680695685, 1.500000000000000000 ) ) ;
#800 = VECTOR ( 'NONE', #333, 1000.000000000000000 ) ;
#801 = CARTESIAN_POINT ( 'NONE',  ( 1.908195823574487804E-14, 9.485040136686720302, 4.485714285714251126 ) ) ;
#802 = VECTOR ( 'NONE', #1788, 1000.000000000000000 ) ;
#803 = EDGE_LOOP ( 'NONE', ( #1760, #36, #228, #824 ) ) ;
#804 = DIRECTION ( 'NONE',  ( -0.000000000000000000, -1.000000000000000000, -0.000000000000000000 ) ) ;
#805 = DIRECTION ( 'NONE',  ( 0.8660254037844387076, -0.5000000000000001110, 0.000000000000000000 ) ) ;
#806 = DIRECTION ( 'NONE',  ( -0.000000000000000000, -0.000000000000000000, 1.000000000000000000 ) ) ;
#807 = EDGE_CURVE ( 'NONE', #816, #589, #722, .T. ) ;
#808 = ORIENTED_EDGE ( 'NONE', *, *, #1816, .T. ) ;
#809 = ORIENTED_EDGE ( 'NONE', *, *, #238, .F. ) ;
#810 = DIRECTION ( 'NONE',  ( 1.000000000000000000, 0.000000000000000000, -0.000000000000000000 ) ) ;
#811 = EDGE_LOOP ( 'NONE', ( #440, #144, #384, #1108 ) ) ;
#812 = CARTESIAN_POINT ( 'NONE',  ( 0.000000000000000000, 0.000000000000000000, 0.000000000000000000 ) ) ;
#813 = CARTESIAN_POINT ( 'NONE',  ( 0.000000000000000000, 0.000000000000000000, 6.000000000000000000 ) ) ;
#814 = DIRECTION ( 'NONE',  ( -0.000000000000000000, -0.000000000000000000, 1.000000000000000000 ) ) ;
#815 = CARTESIAN_POINT ( 'NONE',  ( -0.3470974015039903215, 13.07865941316804559, 1.199999999999999289 ) ) ;
#816 = VERTEX_POINT ( 'NONE', #4 ) ;
#817 = EDGE_CURVE ( 'NONE', #1710, #679, #319, .T. ) ;
#818 = DIRECTION ( 'NONE',  ( -0.000000000000000000, 0.000000000000000000, -1.000000000000000000 ) ) ;
#819 = VERTEX_POINT ( 'NONE', #1295 ) ;
#820 = EDGE_CURVE ( 'NONE', #489, #1506, #139, .T. ) ;
#821 = CARTESIAN_POINT ( 'NONE',  ( 7.049999999999999822, 8.633759933988839975E-16, 6.000000000000000000 ) ) ;
#822 = CARTESIAN_POINT ( 'NONE',  ( -0.5000000000000045519, 12.99038105676658006, 1.199999999999998401 ) ) ;
#823 = DIRECTION ( 'NONE',  ( 0.000000000000000000, 0.000000000000000000, 1.000000000000000000 ) ) ;
#824 = ORIENTED_EDGE ( 'NONE', *, *, #869, .F. ) ;
#825 = ORIENTED_EDGE ( 'NONE', *, *, #1382, .T. ) ;
#826 = DIRECTION ( 'NONE',  ( -1.000000000000000000, 0.000000000000000000, 0.000000000000000000 ) ) ;
#827 = AXIS2_PLACEMENT_3D ( 'NONE', #174, #1742, #1058 ) ;
#828 = ORIENTED_EDGE ( 'NONE', *, *, #1038, .F. ) ;
#829 = AXIS2_PLACEMENT_3D ( 'NONE', #1765, #1750, #1758 ) ;
#830 = CARTESIAN_POINT ( 'NONE',  ( -1.600000000000005862, 11.31606527611666557, 6.000000000000000000 ) ) ;
#831 = VECTOR ( 'NONE', #1054, 1000.000000000000000 ) ;
#832 = EDGE_CURVE ( 'NONE', #1532, #489, #1423, .T. ) ;
#833 = STYLED_ITEM ( 'NONE', ( #781 ), #1353 ) ;
#834 = CARTESIAN_POINT ( 'NONE',  ( 10.30000000000000604, 4.272391992003232275, 6.000000000000000000 ) ) ;
#835 = DIRECTION ( 'NONE',  ( 0.000000000000000000, 0.000000000000000000, -1.000000000000000000 ) ) ;
#836 = AXIS2_PLACEMENT_3D ( 'NONE', #34, #221, #485 ) ;
#837 = DIRECTION ( 'NONE',  ( -1.000000000000000000, 0.000000000000000000, 0.000000000000000000 ) ) ;
#838 = VERTEX_POINT ( 'NONE', #1878 ) ;
#839 = ORIENTED_EDGE ( 'NONE', *, *, #476, .F. ) ;
#840 = DIRECTION ( 'NONE',  ( 0.3420201433256649937, 4.188538737676946159E-17, -0.9396926207859097602 ) ) ;
#841 = ORIENTED_EDGE ( 'NONE', *, *, #285, .T. ) ;
#842 = LINE ( 'NONE', #801, #1680 ) ;
#843 = CARTESIAN_POINT ( 'NONE',  ( -11.49999999999999645, -6.639528095680698350, 1.199999999999999734 ) ) ;
#844 = ADVANCED_FACE ( 'NONE', ( #1870 ), #921, .T. ) ;
#845 = CYLINDRICAL_SURFACE ( 'NONE', #620, 2.099999999999999645 ) ;
#846 = EDGE_CURVE ( 'NONE', #1358, #857, #297, .T. ) ;
#847 = DIRECTION ( 'NONE',  ( 0.000000000000000000, 0.000000000000000000, 1.000000000000000000 ) ) ;
#848 = EDGE_CURVE ( 'NONE', #1398, #213, #1011, .T. ) ;
#849 = ORIENTED_EDGE ( 'NONE', *, *, #1066, .F. ) ;
#850 = EDGE_LOOP ( 'NONE', ( #1431, #707, #1540, #627 ) ) ;
#851 = ORIENTED_EDGE ( 'NONE', *, *, #1424, .F. ) ;
#852 = DIRECTION ( 'NONE',  ( -1.000000000000000000, 0.000000000000000000, 0.000000000000000000 ) ) ;
#853 =( BOUNDED_CURVE ( )  B_SPLINE_CURVE ( 3, ( #610, #1328, #38, #1508 ),
 .UNSPECIFIED., .F., .T. ) 
 B_SPLINE_CURVE_WITH_KNOTS ( ( 4, 4 ),
 ( 4.067059189427626599E-15, 0.5235987755982979275 ),
 .UNSPECIFIED. ) 
 CURVE ( )  GEOMETRIC_REPRESENTATION_ITEM ( )  RATIONAL_B_SPLINE_CURVE ( ( 1.000000000000000000, 0.9772838841927127262, 0.9772838841927127262, 1.000000000000000000 ) ) 
 REPRESENTATION_ITEM ( '' )  );
#854 = CARTESIAN_POINT ( 'NONE',  ( -10.59999999999999964, 6.119912853410029108, 5.700000000000005507 ) ) ;
#855 = PLANE ( 'NONE',  #1521 ) ;
#856 = EDGE_CURVE ( 'NONE', #571, #1006, #1757, .T. ) ;
#857 = VERTEX_POINT ( 'NONE', #748 ) ;
#858 = ORIENTED_EDGE ( 'NONE', *, *, #263, .F. ) ;
#859 = VECTOR ( 'NONE', #323, 1000.000000000000114 ) ;
#860 = CARTESIAN_POINT ( 'NONE',  ( 8.850000000000004974, -6.783865662978112887, 6.000000000000000000 ) ) ;
#861 = VECTOR ( 'NONE', #1572, 1000.000000000000000 ) ;
#862 = CARTESIAN_POINT ( 'NONE',  ( 11.27774704738296840, 6.715080424987085017, 1.245696239814095163 ) ) ;
#863 = AXIS2_PLACEMENT_3D ( 'NONE', #799, #810, #818 ) ;
#864 = DIRECTION ( 'NONE',  ( -0.000000000000000000, -0.000000000000000000, 1.000000000000000000 ) ) ;
#865 = CIRCLE ( 'NONE', #191, 3.200000000000000178 ) ;
#866 = VERTEX_POINT ( 'NONE', #1617 ) ;
#867 = PRODUCT_DEFINITION_FORMATION_WITH_SPECIFIED_SOURCE ( 'ANY', '', #119, .NOT_KNOWN. ) ;
#868 = ORIENTED_EDGE ( 'NONE', *, *, #1091, .T. ) ;
#869 = EDGE_CURVE ( 'NONE', #1889, #15, #1156, .T. ) ;
#870 = ADVANCED_FACE ( 'NONE', ( #1031 ), #1885, .T. ) ;
#871 = ORIENTED_EDGE ( 'NONE', *, *, #1139, .T. ) ;
#872 = DIRECTION ( 'NONE',  ( -0.000000000000000000, -0.000000000000000000, -1.000000000000000000 ) ) ;
#873 = DIRECTION ( 'NONE',  ( 0.000000000000000000, -1.000000000000000000, 0.000000000000000000 ) ) ;
#874 = LINE ( 'NONE', #756, #93 ) ;
#875 = DIRECTION ( 'NONE',  ( -1.000000000000000000, 0.000000000000000000, 0.000000000000000000 ) ) ;
#876 = VERTEX_POINT ( 'NONE', #1735 ) ;
#877 = DIRECTION ( 'NONE',  ( -1.000000000000000000, 0.000000000000000000, 0.000000000000000000 ) ) ;
#878 = ORIENTED_EDGE ( 'NONE', *, *, #900, .F. ) ;
#879 = CARTESIAN_POINT ( 'NONE',  ( -0.1500000000000059897, 13.01924857022605941, 1.500000000000000000 ) ) ;
#880 = EDGE_CURVE ( 'NONE', #1148, #86, #159, .T. ) ;
#881 = CARTESIAN_POINT ( 'NONE',  ( 8.673617379884035472E-15, -8.544783984006462774, 5.700000000000005507 ) ) ;
#882 = DIRECTION ( 'NONE',  ( -0.000000000000000000, -0.000000000000000000, 1.000000000000000000 ) ) ;
#883 = DIRECTION ( 'NONE',  ( 1.000000000000000000, 0.000000000000000000, 0.000000000000000000 ) ) ;
#884 = ORIENTED_EDGE ( 'NONE', *, *, #880, .T. ) ;
#885 = DIRECTION ( 'NONE',  ( 0.5000000000000006661, -0.8660254037844383745, 0.000000000000000000 ) ) ;
#886 = EDGE_LOOP ( 'NONE', ( #283, #1623, #230, #1858, #1052, #1180 ) ) ;
#887 = CARTESIAN_POINT ( 'NONE',  ( 0.000000000000000000, 0.000000000000000000, 6.000000000000000000 ) ) ;
#888 = LINE ( 'NONE', #1461, #1076 ) ;
#889 = AXIS2_PLACEMENT_3D ( 'NONE', #1132, #977, #1143 ) ;
#890 = DIRECTION ( 'NONE',  ( -0.000000000000000000, -0.000000000000000000, -1.000000000000000000 ) ) ;
#891 = CARTESIAN_POINT ( 'NONE',  ( 0.000000000000000000, 0.000000000000000000, 33.99999999999999289 ) ) ;
#892 = VECTOR ( 'NONE', #231, 1000.000000000000000 ) ;
#893 = EDGE_LOOP ( 'NONE', ( #437, #922, #102, #552 ) ) ;
#894 = DIRECTION ( 'NONE',  ( -1.000000000000000000, 0.000000000000000000, 0.000000000000000000 ) ) ;
#895 = CIRCLE ( 'NONE', #1312, 5.049999999999999822 ) ;
#896 = CONICAL_SURFACE ( 'NONE', #3, 2.900000000000011013, 0.7853981633974389531 ) ;
#897 = DIRECTION ( 'NONE',  ( 0.8660254037844385966, -0.5000000000000001110, 0.000000000000000000 ) ) ;
#898 = ORIENTED_EDGE ( 'NONE', *, *, #1391, .T. ) ;
#899 = DIRECTION ( 'NONE',  ( -1.000000000000000000, 0.000000000000000000, 0.000000000000000000 ) ) ;
#900 = EDGE_CURVE ( 'NONE', #725, #734, #219, .T. ) ;
#901 = ADVANCED_FACE ( 'NONE', ( #1748 ), #132, .T. ) ;
#902 = CARTESIAN_POINT ( 'NONE',  ( 10.59999999999999964, -4.272391992003230499, 5.700000000000005507 ) ) ;
#903 = CARTESIAN_POINT ( 'NONE',  ( 0.000000000000000000, 0.000000000000000000, 8.000000000000000000 ) ) ;
#904 = ORIENTED_EDGE ( 'NONE', *, *, #1029, .T. ) ;
#905 = EDGE_CURVE ( 'NONE', #1656, #266, #755, .T. ) ;
#906 = CARTESIAN_POINT ( 'NONE',  ( -8.999999999999998224, -7.043673284113436850, 1.500000000000000000 ) ) ;
#907 = ORIENTED_EDGE ( 'NONE', *, *, #817, .T. ) ;
#908 =( NAMED_UNIT ( * ) SI_UNIT ( $, .STERADIAN. ) SOLID_ANGLE_UNIT ( ) );
#909 = DIRECTION ( 'NONE',  ( 0.7071067811865464625, 8.659560562354921765E-17, -0.7071067811865486830 ) ) ;
#910 = DIRECTION ( 'NONE',  ( -0.4999999999999998890, -0.8660254037844387076, 0.000000000000000000 ) ) ;
#911 = LINE ( 'NONE', #1015, #1259 ) ;
#912 = CARTESIAN_POINT ( 'NONE',  ( -0.4999999999999917843, -12.99038105676658716, 1.199999999999999734 ) ) ;
#913 = EDGE_CURVE ( 'NONE', #955, #838, #1462, .T. ) ;
#914 = ORIENTED_EDGE ( 'NONE', *, *, #389, .T. ) ;
#915 =( NAMED_UNIT ( * ) PLANE_ANGLE_UNIT ( ) SI_UNIT ( $, .RADIAN. ) );
#916 = LINE ( 'NONE', #1492, #737 ) ;
#917 = AXIS2_PLACEMENT_3D ( 'NONE', #1768, #9, #1172 ) ;
#918 = DIRECTION ( 'NONE',  ( 0.000000000000000000, 0.000000000000000000, -1.000000000000000000 ) ) ;
#919 = AXIS2_PLACEMENT_3D ( 'NONE', #1321, #882, #1014 ) ;
#920 = CARTESIAN_POINT ( 'NONE',  ( 0.1765567128029415789, -13.12435565298214790, 1.245696239814092943 ) ) ;
#921 = CONICAL_SURFACE ( 'NONE', #682, 3.372059531467588744, 0.3490658503988626205 ) ;
#922 = ORIENTED_EDGE ( 'NONE', *, *, #1778, .T. ) ;
#923 = AXIS2_PLACEMENT_3D ( 'NONE', #572, #1001, #1433 ) ;
#924 = EDGE_CURVE ( 'NONE', #1566, #1818, #146, .T. ) ;
#925 = CARTESIAN_POINT ( 'NONE',  ( -0.5000000000000022204, 12.99038105676658184, 0.000000000000000000 ) ) ;
#926 = VECTOR ( 'NONE', #1483, 1000.000000000000000 ) ;
#927 = AXIS2_PLACEMENT_3D ( 'NONE', #1688, #835, #84 ) ;
#928 = DIRECTION ( 'NONE',  ( -1.000000000000000000, 0.000000000000000000, 0.000000000000000000 ) ) ;
#929 = LINE ( 'NONE', #1502, #983 ) ;
#930 = CYLINDRICAL_SURFACE ( 'NONE', #1468, 3.250000000000000444 ) ;
#931 = DIRECTION ( 'NONE',  ( -0.000000000000000000, -0.000000000000000000, 1.000000000000000000 ) ) ;
#932 = ORIENTED_EDGE ( 'NONE', *, *, #390, .T. ) ;
#933 = ORIENTED_EDGE ( 'NONE', *, *, #479, .F. ) ;
#934 = DIRECTION ( 'NONE',  ( -0.000000000000000000, -0.000000000000000000, 1.000000000000000000 ) ) ;
#935 = DIRECTION ( 'NONE',  ( 0.000000000000000000, 0.000000000000000000, -1.000000000000000000 ) ) ;
#936 = EDGE_CURVE ( 'NONE', #580, #561, #888, .T. ) ;
#937 = ORIENTED_EDGE ( 'NONE', *, *, #1549, .F. ) ;
#938 = DIRECTION ( 'NONE',  ( 0.3535533905932727872, -0.6123724356957879200, 0.7071067811865537900 ) ) ;
#939 = DIRECTION ( 'NONE',  ( 0.000000000000000000, -1.000000000000000000, 0.000000000000000000 ) ) ;
#940 = ORIENTED_EDGE ( 'NONE', *, *, #295, .T. ) ;
#941 = EDGE_LOOP ( 'NONE', ( #1048, #282, #1666, #638 ) ) ;
#942 = CARTESIAN_POINT ( 'NONE',  ( 3.550000000000011369, 4.347496136973118171E-16, 0.000000000000000000 ) ) ;
#943 = ORIENTED_EDGE ( 'NONE', *, *, #936, .F. ) ;
#944 = CARTESIAN_POINT ( 'NONE',  ( -11.27774704738296840, 6.715080424987079688, 1.245696239814092943 ) ) ;
#945 = EDGE_CURVE ( 'NONE', #1800, #135, #782, .T. ) ;
#946 = CARTESIAN_POINT ( 'NONE',  ( -7.049999999999999822, 0.000000000000000000, 6.000000000000000000 ) ) ;
#947 = VECTOR ( 'NONE', #1339, 1000.000000000000000 ) ;
#948 = FACE_OUTER_BOUND ( 'NONE', #1059, .T. ) ;
#949 = VECTOR ( 'NONE', #1117, 1000.000000000000000 ) ;
#950 = VERTEX_POINT ( 'NONE', #1785 ) ;
#951 = ORIENTED_EDGE ( 'NONE', *, *, #1877, .F. ) ;
#952 = CONICAL_SURFACE ( 'NONE', #1, 3.372059531467588744, 0.3490658503988626205 ) ;
#953 = FACE_OUTER_BOUND ( 'NONE', #227, .T. ) ;
#954 = VECTOR ( 'NONE', #1273, 1000.000000000000000 ) ;
#955 = VERTEX_POINT ( 'NONE', #469 ) ;
#956 = CARTESIAN_POINT ( 'NONE',  ( -3.469446951953614189E-15, 8.544783984006462774, 6.000000000000000000 ) ) ;
#957 = CIRCLE ( 'NONE', #617, 1.000000000000000888 ) ;
#958 = ORIENTED_EDGE ( 'NONE', *, *, #1424, .T. ) ;
#959 = CARTESIAN_POINT ( 'NONE',  ( -11.49999999999999645, -6.639528095680699238, 0.000000000000000000 ) ) ;
#960 = DIRECTION ( 'NONE',  ( -0.000000000000000000, -0.000000000000000000, 1.000000000000000000 ) ) ;
#961 = ADVANCED_FACE ( 'NONE', ( #1501 ), #1634, .T. ) ;
#962 = DIRECTION ( 'NONE',  ( -0.7071067811865414665, 0.000000000000000000, -0.7071067811865536790 ) ) ;
#963 = ADVANCED_FACE ( 'NONE', ( #21 ), #47, .T. ) ;
#964 = ORIENTED_EDGE ( 'NONE', *, *, #642, .T. ) ;
#965 = EDGE_LOOP ( 'NONE', ( #246, #173, #1305, #608, #884, #542, #1823, #1089, #1576, #940, #134, #549 ) ) ;
#966 = LINE ( 'NONE', #1558, #745 ) ;
#967 = LINE ( 'NONE', #1403, #124 ) ;
#968 = LINE ( 'NONE', #1569, #342 ) ;
#969 = DIRECTION ( 'NONE',  ( 1.000000000000000000, 0.000000000000000000, 0.000000000000000000 ) ) ;
#970 = DIRECTION ( 'NONE',  ( -1.000000000000000000, 1.794541526872552154E-15, 0.000000000000000000 ) ) ;
#971 = VERTEX_POINT ( 'NONE', #216 ) ;
#972 = VERTEX_POINT ( 'NONE', #206 ) ;
#973 = DIRECTION ( 'NONE',  ( -0.5000000000000004441, 0.8660254037844383745, 0.000000000000000000 ) ) ;
#974 = EDGE_CURVE ( 'NONE', #182, #857, #765, .T. ) ;
#975 = ORIENTED_EDGE ( 'NONE', *, *, #793, .F. ) ;
#976 = DIRECTION ( 'NONE',  ( -0.000000000000000000, -0.000000000000000000, 1.000000000000000000 ) ) ;
#977 = DIRECTION ( 'NONE',  ( 0.000000000000000000, 0.000000000000000000, -1.000000000000000000 ) ) ;
#978 = CARTESIAN_POINT ( 'NONE',  ( 0.000000000000000000, 0.000000000000000000, 33.99999999999995737 ) ) ;
#979 = EDGE_LOOP ( 'NONE', ( #578, #1007, #1831, #851 ) ) ;
#980 = ORIENTED_EDGE ( 'NONE', *, *, #1774, .F. ) ;
#981 = LINE ( 'NONE', #370, #770 ) ;
#982 = ORIENTED_EDGE ( 'NONE', *, *, #820, .F. ) ;
#983 = VECTOR ( 'NONE', #199, 1000.000000000000000 ) ;
#984 = EDGE_CURVE ( 'NONE', #399, #1213, #853, .T. ) ;
#985 = ADVANCED_FACE ( 'NONE', ( #1489 ), #952, .T. ) ;
#986 = DIRECTION ( 'NONE',  ( -0.000000000000000000, -0.000000000000000000, 1.000000000000000000 ) ) ;
#987 = AXIS2_PLACEMENT_3D ( 'NONE', #57, #475, #1208 ) ;
#988 = AXIS2_PLACEMENT_3D ( 'NONE', #1704, #986, #1238 ) ;
#989 = FACE_OUTER_BOUND ( 'NONE', #10, .T. ) ;
#990 = AXIS2_PLACEMENT_3D ( 'NONE', #891, #1024, #1759 ) ;
#991 = CARTESIAN_POINT ( 'NONE',  ( 1.599999999999995648, 11.31606527611666557, 6.000000000000000000 ) ) ;
#992 = ORIENTED_EDGE ( 'NONE', *, *, #305, .T. ) ;
#993 = EDGE_LOOP ( 'NONE', ( #828, #534, #746, #72, #273, #1383 ) ) ;
#994 = CARTESIAN_POINT ( 'NONE',  ( -11.49999999999999645, -6.639528095680699238, 1.199999999999998401 ) ) ;
#995 = FACE_OUTER_BOUND ( 'NONE', #1805, .T. ) ;
#996 = ADVANCED_FACE ( 'NONE', ( #189, #1776 ), #1626, .T. ) ;
#997 = CARTESIAN_POINT ( 'NONE',  ( 4.099999999999999645, 5.021051876504147385E-16, 36.00000000000000000 ) ) ;
#998 = ORIENTED_EDGE ( 'NONE', *, *, #720, .T. ) ;
#999 = EDGE_LOOP ( 'NONE', ( #426, #317, #1223, #287, #1479, #68 ) ) ;
#1000 = ORIENTED_EDGE ( 'NONE', *, *, #924, .T. ) ;
#1001 = DIRECTION ( 'NONE',  ( 0.000000000000000000, 0.000000000000000000, -1.000000000000000000 ) ) ;
#1002 = DIRECTION ( 'NONE',  ( -0.8660254037844383745, -0.5000000000000006661, 0.000000000000000000 ) ) ;
#1003 = CARTESIAN_POINT ( 'NONE',  ( 9.000000000000003553, -7.043673284113433297, 1.500000000000000000 ) ) ;
#1004 = EDGE_CURVE ( 'NONE', #561, #464, #360, .T. ) ;
#1005 = CARTESIAN_POINT ( 'NONE',  ( -0.5000000000000045519, 12.99038105676658006, 1.199999999999998401 ) ) ;
#1006 = VERTEX_POINT ( 'NONE', #507 ) ;
#1007 = ORIENTED_EDGE ( 'NONE', *, *, #601, .F. ) ;
#1008 = ORIENTED_EDGE ( 'NONE', *, *, #1292, .T. ) ;
#1009 = DIRECTION ( 'NONE',  ( 0.3535533905932727872, -0.6123724356957879200, -0.7071067811865537900 ) ) ;
#1010 = VECTOR ( 'NONE', #171, 1000.000000000000000 ) ;
#1011 = LINE ( 'NONE', #1578, #1254 ) ;
#1012 = VECTOR ( 'NONE', #170, 1000.000000000000000 ) ;
#1013 = AXIS2_PLACEMENT_3D ( 'NONE', #131, #1450, #1419 ) ;
#1014 = DIRECTION ( 'NONE',  ( -1.000000000000000000, 0.000000000000000000, 0.000000000000000000 ) ) ;
#1015 = CARTESIAN_POINT ( 'NONE',  ( 10.59999999999999432, 4.272391992003232275, 6.000000000000000000 ) ) ;
#1016 = CIRCLE ( 'NONE', #1747, 3.199999999999999734 ) ;
#1017 = ADVANCED_FACE ( 'NONE', ( #1083 ), #637, .T. ) ;
#1018 = ORIENTED_EDGE ( 'NONE', *, *, #1279, .T. ) ;
#1019 = FACE_OUTER_BOUND ( 'NONE', #313, .T. ) ;
#1020 = ADVANCED_FACE ( 'NONE', ( #1335 ), #621, .F. ) ;
#1021 = DIRECTION ( 'NONE',  ( -0.000000000000000000, -0.000000000000000000, -1.000000000000000000 ) ) ;
#1022 = DIRECTION ( 'NONE',  ( 0.000000000000000000, 0.000000000000000000, -1.000000000000000000 ) ) ;
#1023 = CYLINDRICAL_SURFACE ( 'NONE', #613, 1.000000000000000888 ) ;
#1024 = DIRECTION ( 'NONE',  ( 0.000000000000000000, 0.000000000000000000, 1.000000000000000000 ) ) ;
#1025 = VERTEX_POINT ( 'NONE', #1200 ) ;
#1026 = FACE_OUTER_BOUND ( 'NONE', #803, .T. ) ;
#1027 = APPLICATION_CONTEXT ( 'automotive_design' ) ;
#1028 = ORIENTED_EDGE ( 'NONE', *, *, #17, .T. ) ;
#1029 = EDGE_CURVE ( 'NONE', #1358, #274, #1806, .T. ) ;
#1030 = DIRECTION ( 'NONE',  ( -1.000000000000000000, 0.000000000000000000, 0.000000000000000000 ) ) ;
#1031 = FACE_OUTER_BOUND ( 'NONE', #508, .T. ) ;
#1032 = DIRECTION ( 'NONE',  ( 0.3535533905932704557, -0.6123724356957875870, 0.7071067811865552333 ) ) ;
#1033 = CARTESIAN_POINT ( 'NONE',  ( 7.399999999999995026, 4.272391992003230499, 1.499999999999999556 ) ) ;
#1034 = ORIENTED_EDGE ( 'NONE', *, *, #1313, .F. ) ;
#1035 = CARTESIAN_POINT ( 'NONE',  ( -10.59999999999999609, -4.272391992003234051, 5.700000000000005507 ) ) ;
#1036 = ORIENTED_EDGE ( 'NONE', *, *, #1476, .T. ) ;
#1037 = CARTESIAN_POINT ( 'NONE',  ( 11.45430376018589946, -6.409275227995062885, 1.245696239814092721 ) ) ;
#1038 = EDGE_CURVE ( 'NONE', #1818, #1671, #1344, .T. ) ;
#1039 = ADVANCED_FACE ( 'NONE', ( #1792 ), #650, .T. ) ;
#1040 = VERTEX_POINT ( 'NONE', #1817 ) ;
#1041 = CARTESIAN_POINT ( 'NONE',  ( 11.49999999999999467, 6.062177826491070398, 1.500000000000000000 ) ) ;
#1042 = CIRCLE ( 'NONE', #1838, 4.099999999999999645 ) ;
#1043 = ADVANCED_FACE ( 'NONE', ( #1092 ), #553, .T. ) ;
#1044 = CIRCLE ( 'NONE', #1280, 1.000000000000000000 ) ;
#1045 = DIRECTION ( 'NONE',  ( -1.000000000000000000, 0.000000000000000000, 0.000000000000000000 ) ) ;
#1046 = DIRECTION ( 'NONE',  ( 0.8660254037844385966, -0.5000000000000001110, 0.000000000000000000 ) ) ;
#1047 = CIRCLE ( 'NONE', #155, 3.199999999999999734 ) ;
#1048 = ORIENTED_EDGE ( 'NONE', *, *, #1465, .F. ) ;
#1049 = LINE ( 'NONE', #1469, #431 ) ;
#1050 = COLOUR_RGB ( '',0.7921568627450980005, 0.8196078431372548767, 0.9333333333333333481 ) ;
#1051 = AXIS2_PLACEMENT_3D ( 'NONE', #179, #766, #1338 ) ;
#1052 = ORIENTED_EDGE ( 'NONE', *, *, #1549, .T. ) ;
#1053 = DIRECTION ( 'NONE',  ( -0.7071067811865454633, 0.000000000000000000, 0.7071067811865495711 ) ) ;
#1054 = DIRECTION ( 'NONE',  ( -2.834555846673885644E-16, 1.000000000000000000, 0.000000000000000000 ) ) ;
#1055 = CARTESIAN_POINT ( 'NONE',  ( -3.469446951953614189E-15, 8.544783984006462774, 5.700000000000005507 ) ) ;
#1056 = ADVANCED_FACE ( 'NONE', ( #1412 ), #1526, .F. ) ;
#1057 = FACE_OUTER_BOUND ( 'NONE', #811, .T. ) ;
#1058 = DIRECTION ( 'NONE',  ( 1.000000000000000000, 0.000000000000000000, -0.000000000000000000 ) ) ;
#1059 = EDGE_LOOP ( 'NONE', ( #1171, #904, #634, #1257 ) ) ;
#1060 =( BOUNDED_CURVE ( )  B_SPLINE_CURVE ( 3, ( #1807, #208, #944, #639 ),
 .UNSPECIFIED., .F., .F. ) 
 B_SPLINE_CURVE_WITH_KNOTS ( ( 4, 4 ),
 ( 2.764715539838038279E-15, 0.5235987755982998149 ),
 .UNSPECIFIED. ) 
 CURVE ( )  GEOMETRIC_REPRESENTATION_ITEM ( )  RATIONAL_B_SPLINE_CURVE ( ( 1.000000000000000000, 0.9772838841927123932, 0.9772838841927123932, 1.000000000000000000 ) ) 
 REPRESENTATION_ITEM ( '' )  );
#1061 = FILL_AREA_STYLE ('',( #168 ) ) ;
#1062 = EDGE_LOOP ( 'NONE', ( #45, #130, #1486, #839 ) ) ;
#1063 = CARTESIAN_POINT ( 'NONE',  ( 0.000000000000000000, 0.000000000000000000, 0.000000000000000000 ) ) ;
#1064 = DIRECTION ( 'NONE',  ( 0.000000000000000000, 0.000000000000000000, -1.000000000000000000 ) ) ;
#1065 = CARTESIAN_POINT ( 'NONE',  ( 0.000000000000000000, 0.000000000000000000, 19.13737387097278386 ) ) ;
#1066 = EDGE_CURVE ( 'NONE', #950, #260, #702, .T. ) ;
#1067 = DIRECTION ( 'NONE',  ( 0.000000000000000000, 0.000000000000000000, -1.000000000000000000 ) ) ;
#1068 = ORIENTED_EDGE ( 'NONE', *, *, #1714, .F. ) ;
#1069 = SURFACE_STYLE_USAGE ( .BOTH. , #482 ) ;
#1070 = DIRECTION ( 'NONE',  ( 0.000000000000000000, 0.000000000000000000, -1.000000000000000000 ) ) ;
#1071 = DIRECTION ( 'NONE',  ( -0.8660254037844385966, 0.5000000000000002220, 0.000000000000000000 ) ) ;
#1072 = AXIS2_PLACEMENT_3D ( 'NONE', #579, #1162, #438 ) ;
#1073 = LINE ( 'NONE', #1104, #802 ) ;
#1074 = AXIS2_PLACEMENT_3D ( 'NONE', #1378, #33, #1218 ) ;
#1075 = DIRECTION ( 'NONE',  ( -1.000000000000000000, 0.000000000000000000, 0.000000000000000000 ) ) ;
#1076 = VECTOR ( 'NONE', #935, 1000.000000000000000 ) ;
#1077 = VERTEX_POINT ( 'NONE', #249 ) ;
#1078 = CIRCLE ( 'NONE', #1528, 3.200000000000000622 ) ;
#1079 = ORIENTED_EDGE ( 'NONE', *, *, #1654, .F. ) ;
#1080 = SURFACE_STYLE_FILL_AREA ( #1061 ) ;
#1081 = EDGE_CURVE ( 'NONE', #213, #819, #967, .T. ) ;
#1082 = AXIS2_PLACEMENT_3D ( 'NONE', #309, #291, #875 ) ;
#1083 = FACE_OUTER_BOUND ( 'NONE', #167, .T. ) ;
#1084 = VERTEX_POINT ( 'NONE', #821 ) ;
#1085 = CARTESIAN_POINT ( 'NONE',  ( 3.250000000000000444, 3.980102097228898231E-16, 17.03604719043194748 ) ) ;
#1086 = LINE ( 'NONE', #1658, #1845 ) ;
#1087 = LINE ( 'NONE', #1660, #1137 ) ;
#1088 = ORIENTED_EDGE ( 'NONE', *, *, #1325, .F. ) ;
#1089 = ORIENTED_EDGE ( 'NONE', *, *, #1855, .T. ) ;
#1090 = DIRECTION ( 'NONE',  ( -0.000000000000000000, -0.000000000000000000, -1.000000000000000000 ) ) ;
#1091 = EDGE_CURVE ( 'NONE', #1506, #816, #314, .T. ) ;
#1092 = FACE_OUTER_BOUND ( 'NONE', #1510, .T. ) ;
#1093 = ORIENTED_EDGE ( 'NONE', *, *, #198, .T. ) ;
#1094 = DIRECTION ( 'NONE',  ( -0.3420201433256657153, 0.000000000000000000, -0.9396926207859095381 ) ) ;
#1095 = DIRECTION ( 'NONE',  ( -1.000000000000000000, 0.000000000000000000, 0.000000000000000000 ) ) ;
#1096 = LINE ( 'NONE', #480, #150 ) ;
#1097 = ORIENTED_EDGE ( 'NONE', *, *, #1654, .T. ) ;
#1098 = ORIENTED_EDGE ( 'NONE', *, *, #1202, .T. ) ;
#1099 = LINE ( 'NONE', #245, #1496 ) ;
#1100 = FACE_OUTER_BOUND ( 'NONE', #1515, .T. ) ;
#1101 = EDGE_CURVE ( 'NONE', #1308, #1006, #1113, .T. ) ;
#1102 = ORIENTED_EDGE ( 'NONE', *, *, #1816, .F. ) ;
#1103 = DIRECTION ( 'NONE',  ( -1.000000000000000000, 0.000000000000000000, 0.000000000000000000 ) ) ;
#1104 = CARTESIAN_POINT ( 'NONE',  ( -0.4999999999999920064, -12.99038105676658716, 1.500000000000000000 ) ) ;
#1105 = EDGE_CURVE ( 'NONE', #743, #294, #842, .T. ) ;
#1106 = CARTESIAN_POINT ( 'NONE',  ( 0.3470974015039954841, -13.07865941316805092, 1.199999999999998401 ) ) ;
#1107 = VECTOR ( 'NONE', #864, 1000.000000000000000 ) ;
#1108 = ORIENTED_EDGE ( 'NONE', *, *, #66, .F. ) ;
#1109 = ORIENTED_EDGE ( 'NONE', *, *, #913, .F. ) ;
#1110 = VECTOR ( 'NONE', #1535, 1000.000000000000000 ) ;
#1111 = DIRECTION ( 'NONE',  ( -1.000000000000000000, 0.000000000000000000, 0.000000000000000000 ) ) ;
#1112 = CIRCLE ( 'NONE', #1013, 3.250000000000000444 ) ;
#1113 = LINE ( 'NONE', #830, #1369 ) ;
#1114 = CONICAL_SURFACE ( 'NONE', #1225, 3.550000000000011369, 0.7853981633974468357 ) ;
#1115 = LINE ( 'NONE', #843, #1523 ) ;
#1116 = EDGE_CURVE ( 'NONE', #838, #19, #1533, .T. ) ;
#1117 = DIRECTION ( 'NONE',  ( -0.000000000000000000, -0.000000000000000000, -1.000000000000000000 ) ) ;
#1118 = ORIENTED_EDGE ( 'NONE', *, *, #1691, .F. ) ;
#1119 = ORIENTED_EDGE ( 'NONE', *, *, #17, .F. ) ;
#1120 = PLANE ( 'NONE',  #1782 ) ;
#1121 = CARTESIAN_POINT ( 'NONE',  ( 10.59999999999999964, -4.272391992003230499, 5.700000000000005507 ) ) ;
#1122 = DIRECTION ( 'NONE',  ( 0.000000000000000000, 0.000000000000000000, -1.000000000000000000 ) ) ;
#1123 = PRODUCT_CONTEXT ( 'NONE', #442, 'mechanical' ) ;
#1124 = LINE ( 'NONE', #991, #153 ) ;
#1125 = ADVANCED_FACE ( 'NONE', ( #1100 ), #404, .T. ) ;
#1126 = EDGE_CURVE ( 'NONE', #260, #1439, #1401, .T. ) ;
#1127 = ORIENTED_EDGE ( 'NONE', *, *, #488, .F. ) ;
#1128 = ORIENTED_EDGE ( 'NONE', *, *, #1150, .T. ) ;
#1129 = DIRECTION ( 'NONE',  ( 0.3535533905932782273, 0.6123724356958021309, 0.7071067811865389130 ) ) ;
#1130 = ORIENTED_EDGE ( 'NONE', *, *, #209, .F. ) ;
#1131 = DIRECTION ( 'NONE',  ( -0.000000000000000000, -0.000000000000000000, 1.000000000000000000 ) ) ;
#1132 = CARTESIAN_POINT ( 'NONE',  ( 0.000000000000000000, 0.000000000000000000, 1.500000000000000000 ) ) ;
#1133 = CARTESIAN_POINT ( 'NONE',  ( 0.000000000000000000, 0.000000000000000000, 36.00000000000000000 ) ) ;
#1134 = DIRECTION ( 'NONE',  ( -0.8660254037844385966, 0.5000000000000001110, 0.000000000000000000 ) ) ;
#1135 = EDGE_LOOP ( 'NONE', ( #1214, #349, #302, #1640 ) ) ;
#1136 = ORIENTED_EDGE ( 'NONE', *, *, #531, .F. ) ;
#1137 = VECTOR ( 'NONE', #1669, 1000.000000000000000 ) ;
#1138 = AXIS2_PLACEMENT_3D ( 'NONE', #674, #704, #1251 ) ;
#1139 = EDGE_CURVE ( 'NONE', #972, #1560, #1809, .T. ) ;
#1140 = CARTESIAN_POINT ( 'NONE',  ( 10.49999999999999467, 6.062177826491070398, 0.000000000000000000 ) ) ;
#1141 = AXIS2_PLACEMENT_3D ( 'NONE', #30, #343, #928 ) ;
#1142 = AXIS2_PLACEMENT_3D ( 'NONE', #956, #976, #545 ) ;
#1143 = DIRECTION ( 'NONE',  ( -1.000000000000000000, 0.000000000000000000, -0.000000000000000000 ) ) ;
#1144 = CIRCLE ( 'NONE', #345, 4.099999999999999645 ) ;
#1145 = CARTESIAN_POINT ( 'NONE',  ( 5.049999999999999822, 6.184466335694133068E-16, 19.00000000000000000 ) ) ;
#1146 = AXIS2_PLACEMENT_3D ( 'NONE', #1829, #397, #270 ) ;
#1147 = ORIENTED_EDGE ( 'NONE', *, *, #185, .T. ) ;
#1148 = VERTEX_POINT ( 'NONE', #1852 ) ;
#1149 = DIRECTION ( 'NONE',  ( -1.000000000000000000, 0.000000000000000000, 0.000000000000000000 ) ) ;
#1150 = EDGE_CURVE ( 'NONE', #866, #464, #1283, .T. ) ;
#1151 = CARTESIAN_POINT ( 'NONE',  ( 8.999999999999994671, 7.043673284113434185, 6.000000000000000000 ) ) ;
#1152 = DIRECTION ( 'NONE',  ( -0.000000000000000000, -0.000000000000000000, -1.000000000000000000 ) ) ;
#1153 = ORIENTED_EDGE ( 'NONE', *, *, #720, .F. ) ;
#1154 = ORIENTED_EDGE ( 'NONE', *, *, #936, .T. ) ;
#1155 = CARTESIAN_POINT ( 'NONE',  ( -10.99999999999999645, 6.928203230275506996, 1.500000000000000000 ) ) ;
#1156 = LINE ( 'NONE', #450, #588 ) ;
#1157 = ADVANCED_FACE ( 'NONE', ( #89 ), #1247, .T. ) ;
#1158 = DIRECTION ( 'NONE',  ( -0.000000000000000000, -0.000000000000000000, -1.000000000000000000 ) ) ;
#1159 = EDGE_CURVE ( 'NONE', #213, #258, #1673, .T. ) ;
#1160 = CARTESIAN_POINT ( 'NONE',  ( -10.99999999999999645, -6.928203230275511437, 0.000000000000000000 ) ) ;
#1161 = ORIENTED_EDGE ( 'NONE', *, *, #1509, .F. ) ;
#1162 = DIRECTION ( 'NONE',  ( -0.3535533905932723431, 0.6123724356957912507, 0.7071067811865511255 ) ) ;
#1163 = DIRECTION ( 'NONE',  ( -0.8660254037844385966, 0.5000000000000001110, 0.000000000000000000 ) ) ;
#1164 = AXIS2_PLACEMENT_3D ( 'NONE', #1793, #1064, #327 ) ;
#1165 = DIRECTION ( 'NONE',  ( -0.000000000000000000, -0.000000000000000000, 1.000000000000000000 ) ) ;
#1166 = VECTOR ( 'NONE', #306, 1000.000000000000000 ) ;
#1167 = LINE ( 'NONE', #1453, #1615 ) ;
#1168 = LINE ( 'NONE', #1322, #65 ) ;
#1169 = CONICAL_SURFACE ( 'NONE', #1051, 3.550000000000011369, 0.7853981633974468357 ) ;
#1170 = EDGE_CURVE ( 'NONE', #742, #971, #684, .T. ) ;
#1171 = ORIENTED_EDGE ( 'NONE', *, *, #846, .F. ) ;
#1172 = DIRECTION ( 'NONE',  ( -1.000000000000000000, 0.000000000000000000, 0.000000000000000000 ) ) ;
#1173 = ORIENTED_EDGE ( 'NONE', *, *, #136, .F. ) ;
#1174 = CARTESIAN_POINT ( 'NONE',  ( -1.600000000000005862, 11.31606527611666557, 5.700000000000003730 ) ) ;
#1175 = LINE ( 'NONE', #5, #1107 ) ;
#1176 = FACE_OUTER_BOUND ( 'NONE', #1397, .T. ) ;
#1177 = ORIENTED_EDGE ( 'NONE', *, *, #642, .F. ) ;
#1178 = DIRECTION ( 'NONE',  ( -0.000000000000000000, -0.000000000000000000, -1.000000000000000000 ) ) ;
#1179 = EDGE_CURVE ( 'NONE', #274, #1308, #681, .T. ) ;
#1180 = ORIENTED_EDGE ( 'NONE', *, *, #138, .T. ) ;
#1181 = CARTESIAN_POINT ( 'NONE',  ( 11.49999999999999822, 6.238734539294003234, 1.199999999999998179 ) ) ;
#1182 = CARTESIAN_POINT ( 'NONE',  ( 0.000000000000000000, 0.000000000000000000, 36.00000000000000000 ) ) ;
#1183 = LINE ( 'NONE', #611, #279 ) ;
#1184 = DIRECTION ( 'NONE',  ( -1.000000000000000000, 0.000000000000000000, 0.000000000000000000 ) ) ;
#1185 = VERTEX_POINT ( 'NONE', #537 ) ;
#1186 = CARTESIAN_POINT ( 'NONE',  ( -0.3470974015039789973, -13.07865941316805447, 1.199999999999996403 ) ) ;
#1187 = VERTEX_POINT ( 'NONE', #1826 ) ;
#1188 = DIRECTION ( 'NONE',  ( 0.000000000000000000, 0.000000000000000000, -1.000000000000000000 ) ) ;
#1189 = EDGE_CURVE ( 'NONE', #646, #490, #261, .T. ) ;
#1190 = CARTESIAN_POINT ( 'NONE',  ( 0.000000000000000000, 0.000000000000000000, 36.00000000000000000 ) ) ;
#1191 = CONICAL_SURFACE ( 'NONE', #1164, 2.900000000000011013, 0.7853981633974389531 ) ;
#1192 = AXIS2_PLACEMENT_3D ( 'NONE', #854, #1551, #251 ) ;
#1193 = FACE_OUTER_BOUND ( 'NONE', #1135, .T. ) ;
#1194 = DIRECTION ( 'NONE',  ( -1.000000000000000000, 0.000000000000000000, 0.000000000000000000 ) ) ;
#1195 = CONICAL_SURFACE ( 'NONE', #1712, 3.312435565298239570, 1.047197551196600962 ) ;
#1196 = CARTESIAN_POINT ( 'NONE',  ( 9.807181237445678561E-15, -13.12435565298214790, 1.333974596215558472 ) ) ;
#1197 = AXIS2_PLACEMENT_3D ( 'NONE', #1454, #750, #14 ) ;
#1198 = CIRCLE ( 'NONE', #836, 4.099999999999999645 ) ;
#1199 = EDGE_LOOP ( 'NONE', ( #951, #1362, #1741, #1317 ) ) ;
#1200 = CARTESIAN_POINT ( 'NONE',  ( 0.4999999999999964473, 12.99038105676658006, 0.000000000000000000 ) ) ;
#1201 = EDGE_CURVE ( 'NONE', #399, #331, #413, .T. ) ;
#1202 = EDGE_CURVE ( 'NONE', #1187, #135, #895, .T. ) ;
#1203 = DIRECTION ( 'NONE',  ( 0.8660254037844387076, -0.4999999999999998890, 0.000000000000000000 ) ) ;
#1204 = CARTESIAN_POINT ( 'NONE',  ( -10.59999999999999964, 4.272391992003226946, 5.700000000000005507 ) ) ;
#1205 = DIRECTION ( 'NONE',  ( -1.000000000000000000, 0.000000000000000000, 0.000000000000000000 ) ) ;
#1206 = ORIENTED_EDGE ( 'NONE', *, *, #1222, .F. ) ;
#1207 = DIRECTION ( 'NONE',  ( -0.8660254037844381525, -0.5000000000000007772, 0.000000000000000000 ) ) ;
#1208 = DIRECTION ( 'NONE',  ( -1.000000000000000000, 0.000000000000000000, 0.000000000000000000 ) ) ;
#1209 = FACE_OUTER_BOUND ( 'NONE', #1297, .T. ) ;
#1210 = DIRECTION ( 'NONE',  ( 0.000000000000000000, 0.000000000000000000, -1.000000000000000000 ) ) ;
#1211 = ADVANCED_FACE ( 'NONE', ( #594 ), #591, .T. ) ;
#1212 = CARTESIAN_POINT ( 'NONE',  ( -4.099999999999999645, 0.000000000000000000, 36.00000000000000000 ) ) ;
#1213 = VERTEX_POINT ( 'NONE', #1876 ) ;
#1214 = ORIENTED_EDGE ( 'NONE', *, *, #1839, .F. ) ;
#1215 = CARTESIAN_POINT ( 'NONE',  ( 8.999999999999992895, 7.043673284113434185, 5.700000000000006395 ) ) ;
#1216 = CARTESIAN_POINT ( 'NONE',  ( 0.000000000000000000, 0.000000000000000000, 17.00000000000000000 ) ) ;
#1217 = ORIENTED_EDGE ( 'NONE', *, *, #147, .T. ) ;
#1218 = DIRECTION ( 'NONE',  ( -1.000000000000000000, 0.000000000000000000, 0.000000000000000000 ) ) ;
#1219 = DIRECTION ( 'NONE',  ( 1.000000000000000000, 0.000000000000000000, 0.000000000000000000 ) ) ;
#1220 = CIRCLE ( 'NONE', #1074, 5.049999999999999822 ) ;
#1221 = CARTESIAN_POINT ( 'NONE',  ( 9.807181237445678561E-15, -13.12435565298214790, 1.333974596215558472 ) ) ;
#1222 = EDGE_CURVE ( 'NONE', #1185, #187, #1599, .T. ) ;
#1223 = ORIENTED_EDGE ( 'NONE', *, *, #1825, .F. ) ;
#1224 = ORIENTED_EDGE ( 'NONE', *, *, #1159, .T. ) ;
#1225 = AXIS2_PLACEMENT_3D ( 'NONE', #544, #1090, #536 ) ;
#1226 = CIRCLE ( 'NONE', #1749, 2.099999999999999645 ) ;
#1227 = DIRECTION ( 'NONE',  ( -1.000000000000000000, 0.000000000000000000, 0.000000000000000000 ) ) ;
#1228 = ORIENTED_EDGE ( 'NONE', *, *, #184, .T. ) ;
#1229 = LINE ( 'NONE', #364, #1396 ) ;
#1230 = DIRECTION ( 'NONE',  ( -0.8660254037844385966, 0.5000000000000001110, 0.000000000000000000 ) ) ;
#1231 = LINE ( 'NONE', #1537, #1309 ) ;
#1232 = EDGE_LOOP ( 'NONE', ( #1371, #718, #256, #1584 ) ) ;
#1233 = ORIENTED_EDGE ( 'NONE', *, *, #1729, .T. ) ;
#1234 = ADVANCED_FACE ( 'NONE', ( #1577 ), #1734, .T. ) ;
#1235 = EDGE_CURVE ( 'NONE', #1213, #1625, #449, .T. ) ;
#1236 = FACE_OUTER_BOUND ( 'NONE', #607, .T. ) ;
#1237 = ADVANCED_FACE ( 'NONE', ( #2 ), #1443, .F. ) ;
#1238 = DIRECTION ( 'NONE',  ( -1.000000000000000000, 0.000000000000000000, 0.000000000000000000 ) ) ;
#1239 = ORIENTED_EDGE ( 'NONE', *, *, #224, .T. ) ;
#1240 = DIRECTION ( 'NONE',  ( 0.000000000000000000, 0.000000000000000000, -1.000000000000000000 ) ) ;
#1241 = CARTESIAN_POINT ( 'NONE',  ( 7.399999999999999467, -4.272391992003232275, 6.000000000000000000 ) ) ;
#1242 = CARTESIAN_POINT ( 'NONE',  ( 10.59999999999999964, -4.272391992003230499, 1.500000000000000000 ) ) ;
#1243 = EDGE_LOOP ( 'NONE', ( #110, #1097, #1449, #841 ) ) ;
#1244 = EDGE_LOOP ( 'NONE', ( #752, #1440, #1724, #142, #368 ) ) ;
#1245 = DIRECTION ( 'NONE',  ( -1.000000000000000000, 0.000000000000000000, 0.000000000000000000 ) ) ;
#1246 = ORIENTED_EDGE ( 'NONE', *, *, #1269, .T. ) ;
#1247 = PLANE ( 'NONE',  #744 ) ;
#1248 = EDGE_CURVE ( 'NONE', #1265, #1077, #137, .T. ) ;
#1249 = CARTESIAN_POINT ( 'NONE',  ( -1.120301164588931158E-15, 13.12435565298213902, 1.333974596215561137 ) ) ;
#1250 = AXIS2_PLACEMENT_3D ( 'NONE', #1324, #885, #600 ) ;
#1251 = DIRECTION ( 'NONE',  ( 1.000000000000000000, 0.000000000000000000, 0.000000000000000000 ) ) ;
#1252 = ORIENTED_EDGE ( 'NONE', *, *, #1513, .F. ) ;
#1253 = ORIENTED_EDGE ( 'NONE', *, *, #1729, .F. ) ;
#1254 = VECTOR ( 'NONE', #873, 1000.000000000000000 ) ;
#1255 = DIRECTION ( 'NONE',  ( -0.000000000000000000, -0.000000000000000000, -1.000000000000000000 ) ) ;
#1256 = CIRCLE ( 'NONE', #1682, 7.049999999999999822 ) ;
#1257 = ORIENTED_EDGE ( 'NONE', *, *, #1855, .F. ) ;
#1258 = DIRECTION ( 'NONE',  ( -0.000000000000000000, -0.000000000000000000, -1.000000000000000000 ) ) ;
#1259 = VECTOR ( 'NONE', #1304, 1000.000000000000000 ) ;
#1260 = AXIS2_PLACEMENT_3D ( 'NONE', #1571, #1421, #1552 ) ;
#1261 = DIRECTION ( 'NONE',  ( 0.5000000000000001110, 0.8660254037844387076, -0.000000000000000000 ) ) ;
#1262 = ADVANCED_FACE ( 'NONE', ( #288 ), #1606, .T. ) ;
#1263 = CARTESIAN_POINT ( 'NONE',  ( 0.5000000000000078826, -12.99038105676658716, 1.199999999999998401 ) ) ;
#1264 = ORIENTED_EDGE ( 'NONE', *, *, #760, .T. ) ;
#1265 = VERTEX_POINT ( 'NONE', #727 ) ;
#1266 = DIRECTION ( 'NONE',  ( 0.000000000000000000, 0.000000000000000000, -1.000000000000000000 ) ) ;
#1267 = DIRECTION ( 'NONE',  ( 1.000000000000000000, 0.000000000000000000, 0.000000000000000000 ) ) ;
#1268 = LINE ( 'NONE', #834, #1399 ) ;
#1269 = EDGE_CURVE ( 'NONE', #1084, #1813, #1256, .T. ) ;
#1270 = EDGE_LOOP ( 'NONE', ( #1233, #236, #501, #375 ) ) ;
#1271 = ORIENTED_EDGE ( 'NONE', *, *, #1126, .T. ) ;
#1272 = DIRECTION ( 'NONE',  ( 0.8660254037844381525, 0.5000000000000006661, 0.000000000000000000 ) ) ;
#1273 = DIRECTION ( 'NONE',  ( 4.251833770010828712E-16, -1.000000000000000000, 0.000000000000000000 ) ) ;
#1274 = CYLINDRICAL_SURFACE ( 'NONE', #527, 1.000000000000000888 ) ;
#1275 = DIRECTION ( 'NONE',  ( 0.000000000000000000, 0.000000000000000000, -1.000000000000000000 ) ) ;
#1276 = CONICAL_SURFACE ( 'NONE', #1740, 2.900000000000010125, 0.7853981633974389531 ) ;
#1277 = ORIENTED_EDGE ( 'NONE', *, *, #39, .T. ) ;
#1278 = ORIENTED_EDGE ( 'NONE', *, *, #773, .F. ) ;
#1279 = EDGE_CURVE ( 'NONE', #1040, #294, #1884, .T. ) ;
#1280 = AXIS2_PLACEMENT_3D ( 'NONE', #710, #377, #703 ) ;
#1281 = DIRECTION ( 'NONE',  ( 0.8660254037844403729, 1.060575238724908887E-16, -0.4999999999999971134 ) ) ;
#1282 = AXIS2_PLACEMENT_3D ( 'NONE', #1564, #262, #595 ) ;
#1283 = CIRCLE ( 'NONE', #1559, 3.550000000000011369 ) ;
#1284 = CARTESIAN_POINT ( 'NONE',  ( -1.449999999999997957, -11.05625765498134605, 6.000000000000000000 ) ) ;
#1285 = FACE_OUTER_BOUND ( 'NONE', #1650, .T. ) ;
#1286 = AXIS2_PLACEMENT_3D ( 'NONE', #1033, #1330, #731 ) ;
#1287 = FACE_OUTER_BOUND ( 'NONE', #1683, .T. ) ;
#1288 = ORIENTED_EDGE ( 'NONE', *, *, #1294, .F. ) ;
#1289 = ORIENTED_EDGE ( 'NONE', *, *, #223, .F. ) ;
#1290 = ORIENTED_EDGE ( 'NONE', *, *, #362, .F. ) ;
#1291 = EDGE_LOOP ( 'NONE', ( #77, #339, #1498, #675, #1548, #1661 ) ) ;
#1292 = EDGE_CURVE ( 'NONE', #266, #580, #1112, .T. ) ;
#1293 = DIRECTION ( 'NONE',  ( -1.000000000000000000, 0.000000000000000000, 0.000000000000000000 ) ) ;
#1294 = EDGE_CURVE ( 'NONE', #152, #1889, #1078, .T. ) ;
#1295 = CARTESIAN_POINT ( 'NONE',  ( 1.234865074778434596E-14, -12.93264602984761957, 1.500000000000000000 ) ) ;
#1296 = DIRECTION ( 'NONE',  ( 0.000000000000000000, 1.000000000000000000, 0.000000000000000000 ) ) ;
#1297 = EDGE_LOOP ( 'NONE', ( #1028, #1109, #543, #878 ) ) ;
#1298 = PLANE ( 'NONE',  #1072 ) ;
#1299 = ORIENTED_EDGE ( 'NONE', *, *, #488, .T. ) ;
#1300 = DIRECTION ( 'NONE',  ( 0.000000000000000000, 0.000000000000000000, -1.000000000000000000 ) ) ;
#1301 = DIRECTION ( 'NONE',  ( -0.8660254037844403729, 0.000000000000000000, -0.4999999999999971134 ) ) ;
#1302 = ADVANCED_FACE ( 'NONE', ( #581 ), #1195, .F. ) ;
#1303 = FACE_OUTER_BOUND ( 'NONE', #690, .T. ) ;
#1304 = DIRECTION ( 'NONE',  ( -0.000000000000000000, -0.000000000000000000, 1.000000000000000000 ) ) ;
#1305 = ORIENTED_EDGE ( 'NONE', *, *, #869, .T. ) ;
#1306 = DIRECTION ( 'NONE',  ( -0.3535533905932714549, -0.6123724356957893633, -0.7071067811865531239 ) ) ;
#1307 =( BOUNDED_CURVE ( )  B_SPLINE_CURVE ( 3, ( #912, #1186, #454, #1196 ),
 .UNSPECIFIED., .F., .F. ) 
 B_SPLINE_CURVE_WITH_KNOTS ( ( 4, 4 ),
 ( 6.227657278756756204E-16, 0.5235987755983017022 ),
 .UNSPECIFIED. ) 
 CURVE ( )  GEOMETRIC_REPRESENTATION_ITEM ( )  RATIONAL_B_SPLINE_CURVE ( ( 1.000000000000000000, 0.9772838841927119491, 0.9772838841927119491, 1.000000000000000000 ) ) 
 REPRESENTATION_ITEM ( '' )  );
#1308 = VERTEX_POINT ( 'NONE', #1174 ) ;
#1309 = VECTOR ( 'NONE', #962, 1000.000000000000000 ) ;
#1310 = CARTESIAN_POINT ( 'NONE',  ( 11.36602540378443393, -6.562177826491073951, 1.333974596215558472 ) ) ;
#1311 = DIRECTION ( 'NONE',  ( 2.834555846673885644E-16, -1.000000000000000000, 0.000000000000000000 ) ) ;
#1312 = AXIS2_PLACEMENT_3D ( 'NONE', #1756, #429, #1745 ) ;
#1313 = EDGE_CURVE ( 'NONE', #1467, #580, #303, .T. ) ;
#1314 = CARTESIAN_POINT ( 'NONE',  ( 11.49999999999999467, 6.639528095680695685, 1.199999999999998401 ) ) ;
#1315 = CARTESIAN_POINT ( 'NONE',  ( 11.49999999999999467, -6.062177826491074839, 1.199999999999998401 ) ) ;
#1316 = AXIS2_PLACEMENT_3D ( 'NONE', #640, #918, #478 ) ;
#1317 = ORIENTED_EDGE ( 'NONE', *, *, #905, .F. ) ;
#1318 = LINE ( 'NONE', #1753, #1888 ) ;
#1319 = ORIENTED_EDGE ( 'NONE', *, *, #1029, .F. ) ;
#1320 = CARTESIAN_POINT ( 'NONE',  ( -5.300000000000006040, 9.179869280115045882, 1.500000000000000000 ) ) ;
#1321 = CARTESIAN_POINT ( 'NONE',  ( 7.399999999999995026, 4.272391992003230499, 6.000000000000000000 ) ) ;
#1322 = CARTESIAN_POINT ( 'NONE',  ( -10.30000000000001137, 4.272391992003226946, 6.000000000000000000 ) ) ;
#1323 = EDGE_LOOP ( 'NONE', ( #497, #659, #1278, #1865 ) ) ;
#1324 = CARTESIAN_POINT ( 'NONE',  ( 10.59999999999999964, -6.119912853410032660, 6.000000000000000000 ) ) ;
#1325 = EDGE_CURVE ( 'NONE', #589, #1532, #778, .T. ) ;
#1326 = ORIENTED_EDGE ( 'NONE', *, *, #807, .T. ) ;
#1327 = CARTESIAN_POINT ( 'NONE',  ( -10.49999999999999467, 6.062177826491069510, 1.500000000000000000 ) ) ;
#1328 = CARTESIAN_POINT ( 'NONE',  ( 11.15290259849601284, -6.839924873874045019, 1.199999999999997957 ) ) ;
#1329 = DIRECTION ( 'NONE',  ( -0.8660254037844382635, -0.5000000000000006661, 0.000000000000000000 ) ) ;
#1330 = DIRECTION ( 'NONE',  ( 0.000000000000000000, 0.000000000000000000, -1.000000000000000000 ) ) ;
#1331 = FACE_OUTER_BOUND ( 'NONE', #1291, .T. ) ;
#1332 = VERTEX_POINT ( 'NONE', #1726 ) ;
#1333 = ADVANCED_FACE ( 'NONE', ( #11 ), #421, .T. ) ;
#1334 = DIRECTION ( 'NONE',  ( -1.000000000000000000, 0.000000000000000000, -0.000000000000000000 ) ) ;
#1335 = FACE_OUTER_BOUND ( 'NONE', #418, .T. ) ;
#1336 = TOROIDAL_SURFACE ( 'NONE', #556, 7.049999999999999822, 2.000000000000000000 ) ;
#1337 = DIRECTION ( 'NONE',  ( -1.000000000000000000, 0.000000000000000000, 0.000000000000000000 ) ) ;
#1338 = DIRECTION ( 'NONE',  ( -1.000000000000000000, 0.000000000000000000, 0.000000000000000000 ) ) ;
#1339 = DIRECTION ( 'NONE',  ( 0.6546536707079794182, -0.3779644730092259208, -0.6546536707079756434 ) ) ;
#1340 = AXIS2_PLACEMENT_3D ( 'NONE', #214, #401, #1245 ) ;
#1341 = ORIENTED_EDGE ( 'NONE', *, *, #1691, .T. ) ;
#1342 = DIRECTION ( 'NONE',  ( -1.000000000000000000, 0.000000000000000000, 0.000000000000000000 ) ) ;
#1343 = ADVANCED_FACE ( 'NONE', ( #1480 ), #788, .T. ) ;
#1344 = LINE ( 'NONE', #352, #615 ) ;
#1345 = ADVANCED_FACE ( 'NONE', ( #763, #648 ), #315, .F. ) ;
#1346 = LINE ( 'NONE', #41, #1804 ) ;
#1347 = CARTESIAN_POINT ( 'NONE',  ( 8.673617379884035472E-15, -13.27905619136140025, 0.000000000000000000 ) ) ;
#1348 = CARTESIAN_POINT ( 'NONE',  ( 0.000000000000000000, 0.000000000000000000, 36.00000000000000000 ) ) ;
#1349 = EDGE_LOOP ( 'NONE', ( #1217, #1732, #1427, #1529, #719, #98 ) ) ;
#1350 = ORIENTED_EDGE ( 'NONE', *, *, #1269, .F. ) ;
#1351 = LINE ( 'NONE', #186, #344 ) ;
#1352 = CARTESIAN_POINT ( 'NONE',  ( -10.59999999999999609, -6.119912853410036213, 5.700000000000005507 ) ) ;
#1353 = MANIFOLD_SOLID_BREP ( 'Fillet3', #25 ) ;
#1354 = ORIENTED_EDGE ( 'NONE', *, *, #1235, .F. ) ;
#1355 = DIRECTION ( 'NONE',  ( 0.000000000000000000, 0.000000000000000000, -1.000000000000000000 ) ) ;
#1356 = CARTESIAN_POINT ( 'NONE',  ( 11.19999999999999041, -6.466323014923809787, 1.500000000000000000 ) ) ;
#1357 = DIRECTION ( 'NONE',  ( 1.000000000000000000, 0.000000000000000000, 0.000000000000000000 ) ) ;
#1358 = VERTEX_POINT ( 'NONE', #1471 ) ;
#1359 = ORIENTED_EDGE ( 'NONE', *, *, #307, .T. ) ;
#1360 = CARTESIAN_POINT ( 'NONE',  ( 10.49999999999999467, -6.062177826491074839, 1.500000000000000000 ) ) ;
#1361 = DIRECTION ( 'NONE',  ( 0.000000000000000000, 1.000000000000000000, 0.000000000000000000 ) ) ;
#1362 = ORIENTED_EDGE ( 'NONE', *, *, #1313, .T. ) ;
#1363 = CARTESIAN_POINT ( 'NONE',  ( -11.36602540378443393, -6.562177826491072175, 1.333974596215559139 ) ) ;
#1364 = CARTESIAN_POINT ( 'NONE',  ( -11.49999999999999645, -6.062177826491074839, 1.199999999999998401 ) ) ;
#1365 = CIRCLE ( 'NONE', #1585, 1.000000000000000888 ) ;
#1366 = ADVANCED_FACE ( 'NONE', ( #1641 ), #1487, .T. ) ;
#1367 = EDGE_CURVE ( 'NONE', #1889, #1077, #754, .T. ) ;
#1368 = CARTESIAN_POINT ( 'NONE',  ( -11.49999999999999645, -6.238734539294005010, 1.199999999999999289 ) ) ;
#1369 = VECTOR ( 'NONE', #671, 1000.000000000000000 ) ;
#1370 = EDGE_CURVE ( 'NONE', #420, #1505, #1351, .T. ) ;
#1371 = ORIENTED_EDGE ( 'NONE', *, *, #91, .F. ) ;
#1372 = MECHANICAL_DESIGN_GEOMETRIC_PRESENTATION_REPRESENTATION (  '', ( #833 ), #1620 ) ;
#1373 = EDGE_LOOP ( 'NONE', ( #87, #1319, #667, #215 ) ) ;
#1374 = DIRECTION ( 'NONE',  ( 0.000000000000000000, 0.000000000000000000, -1.000000000000000000 ) ) ;
#1375 = AXIS2_PLACEMENT_3D ( 'NONE', #1241, #776, #1794 ) ;
#1376 = CARTESIAN_POINT ( 'NONE',  ( 1.599999999999996092, 11.31606527611666735, 5.700000000000005507 ) ) ;
#1377 = ORIENTED_EDGE ( 'NONE', *, *, #1630, .T. ) ;
#1378 = CARTESIAN_POINT ( 'NONE',  ( 0.000000000000000000, 0.000000000000000000, 8.000000000000000000 ) ) ;
#1379 = DIRECTION ( 'NONE',  ( 0.000000000000000000, 0.000000000000000000, -1.000000000000000000 ) ) ;
#1380 = ORIENTED_EDGE ( 'NONE', *, *, #1652, .F. ) ;
#1381 = FACE_OUTER_BOUND ( 'NONE', #1232, .T. ) ;
#1382 = EDGE_CURVE ( 'NONE', #490, #133, #1801, .T. ) ;
#1383 = ORIENTED_EDGE ( 'NONE', *, *, #1836, .T. ) ;
#1384 = CARTESIAN_POINT ( 'NONE',  ( -1.600000000000004086, 11.31606527611666735, 5.700000000000003730 ) ) ;
#1385 = FACE_OUTER_BOUND ( 'NONE', #1409, .T. ) ;
#1386 = CARTESIAN_POINT ( 'NONE',  ( -11.45430376018590124, 6.409275227995054891, 1.245696239814094053 ) ) ;
#1387 = CARTESIAN_POINT ( 'NONE',  ( -11.49999999999999645, -6.639528095680699238, 1.500000000000000000 ) ) ;
#1388 = ORIENTED_EDGE ( 'NONE', *, *, #1170, .T. ) ;
#1389 = ORIENTED_EDGE ( 'NONE', *, *, #1476, .F. ) ;
#1390 = DIRECTION ( 'NONE',  ( 0.5000000000000007772, -0.8660254037844382635, 0.000000000000000000 ) ) ;
#1391 = EDGE_CURVE ( 'NONE', #1025, #1506, #628, .T. ) ;
#1392 = CARTESIAN_POINT ( 'NONE',  ( 10.59999999999999432, 6.119912853410032660, 6.000000000000000000 ) ) ;
#1393 = CARTESIAN_POINT ( 'NONE',  ( 11.49999999999999467, -6.062177826491074839, 0.000000000000000000 ) ) ;
#1394 = AXIS2_PLACEMENT_3D ( 'NONE', #626, #1067, #225 ) ;
#1395 = CARTESIAN_POINT ( 'NONE',  ( -1.620676249453057711E-15, 12.93264602984761247, 1.500000000000000000 ) ) ;
#1396 = VECTOR ( 'NONE', #783, 1000.000000000000114 ) ;
#1397 = EDGE_LOOP ( 'NONE', ( #54, #691, #825, #1874 ) ) ;
#1398 = VERTEX_POINT ( 'NONE', #1791 ) ;
#1399 = VECTOR ( 'NONE', #1405, 1000.000000000000000 ) ;
#1400 = CARTESIAN_POINT ( 'NONE',  ( -1.450000000000010836, 11.05625765498134250, 6.000000000000000000 ) ) ;
#1401 = CIRCLE ( 'NONE', #1142, 2.900000000000010125 ) ;
#1402 = VERTEX_POINT ( 'NONE', #925 ) ;
#1403 = CARTESIAN_POINT ( 'NONE',  ( 0.1500000000000114297, -13.01924857022606297, 1.500000000000000000 ) ) ;
#1404 = CIRCLE ( 'NONE', #990, 2.099999999999999645 ) ;
#1405 = DIRECTION ( 'NONE',  ( -4.251833770010828712E-16, 1.000000000000000000, 0.000000000000000000 ) ) ;
#1406 = EDGE_CURVE ( 'NONE', #955, #15, #1772, .T. ) ;
#1407 = CARTESIAN_POINT ( 'NONE',  ( -1.120301164588931158E-15, 13.12435565298213902, 1.333974596215561137 ) ) ;
#1408 = ORIENTED_EDGE ( 'NONE', *, *, #1715, .T. ) ;
#1409 = EDGE_LOOP ( 'NONE', ( #1289, #44, #858, #653, #516 ) ) ;
#1410 = CARTESIAN_POINT ( 'NONE',  ( -1.599999999999992983, -11.31606527611666912, 6.000000000000000000 ) ) ;
#1411 = VERTEX_POINT ( 'NONE', #1815 ) ;
#1412 = FACE_OUTER_BOUND ( 'NONE', #447, .T. ) ;
#1413 = CARTESIAN_POINT ( 'NONE',  ( -10.49999999999999467, -6.062177826491074839, 1.500000000000000000 ) ) ;
#1414 = APPLICATION_PROTOCOL_DEFINITION ( 'draft international standard', 'automotive_design', 1998, #442 ) ;
#1415 = EDGE_CURVE ( 'NONE', #420, #399, #46, .T. ) ;
#1416 = DIRECTION ( 'NONE',  ( 1.000000000000000000, 0.000000000000000000, -0.000000000000000000 ) ) ;
#1417 = ORIENTED_EDGE ( 'NONE', *, *, #414, .T. ) ;
#1418 = ORIENTED_EDGE ( 'NONE', *, *, #773, .T. ) ;
#1419 = DIRECTION ( 'NONE',  ( -1.000000000000000000, 0.000000000000000000, 0.000000000000000000 ) ) ;
#1420 = PLANE ( 'NONE',  #889 ) ;
#1421 = DIRECTION ( 'NONE',  ( 0.000000000000000000, 0.000000000000000000, 1.000000000000000000 ) ) ;
#1422 = PLANE ( 'NONE',  #554 ) ;
#1423 =( BOUNDED_CURVE ( )  B_SPLINE_CURVE ( 3, ( #582, #862, #422, #566 ),
 .UNSPECIFIED., .F., .F. ) 
 B_SPLINE_CURVE_WITH_KNOTS ( ( 4, 4 ),
 ( 5.759586531581287971, 6.283185307179585344 ),
 .UNSPECIFIED. ) 
 CURVE ( )  GEOMETRIC_REPRESENTATION_ITEM ( )  RATIONAL_B_SPLINE_CURVE ( ( 1.000000000000000000, 0.9772838841927120601, 0.9772838841927120601, 1.000000000000000000 ) ) 
 REPRESENTATION_ITEM ( '' )  );
#1424 = EDGE_CURVE ( 'NONE', #950, #1710, #505, .T. ) ;
#1425 = EDGE_CURVE ( 'NONE', #535, #1185, #957, .T. ) ;
#1426 = AXIS2_PLACEMENT_3D ( 'NONE', #211, #806, #970 ) ;
#1427 = ORIENTED_EDGE ( 'NONE', *, *, #1775, .F. ) ;
#1428 = ORIENTED_EDGE ( 'NONE', *, *, #1382, .F. ) ;
#1429 = CIRCLE ( 'NONE', #1677, 7.049999999999999822 ) ;
#1430 = ADVANCED_FACE ( 'NONE', ( #88 ), #385, .T. ) ;
#1431 = ORIENTED_EDGE ( 'NONE', *, *, #1714, .T. ) ;
#1432 = AXIS2_PLACEMENT_3D ( 'NONE', #1140, #1568, #103 ) ;
#1433 = DIRECTION ( 'NONE',  ( -1.000000000000000000, 0.000000000000000000, 0.000000000000000000 ) ) ;
#1434 = AXIS2_PLACEMENT_3D ( 'NONE', #1653, #325, #1334 ) ;
#1435 = AXIS2_PLACEMENT_3D ( 'NONE', #462, #598, #1194 ) ;
#1436 = DIRECTION ( 'NONE',  ( -1.000000000000000000, 5.981805089575175490E-16, 0.000000000000000000 ) ) ;
#1437 = LINE ( 'NONE', #597, #466 ) ;
#1438 = ORIENTED_EDGE ( 'NONE', *, *, #541, .F. ) ;
#1439 = VERTEX_POINT ( 'NONE', #1400 ) ;
#1440 = ORIENTED_EDGE ( 'NONE', *, *, #1778, .F. ) ;
#1441 = ORIENTED_EDGE ( 'NONE', *, *, #1116, .F. ) ;
#1442 = EDGE_CURVE ( 'NONE', #819, #1723, #1672, .T. ) ;
#1443 = CYLINDRICAL_SURFACE ( 'NONE', #651, 2.099999999999999645 ) ;
#1444 = DIRECTION ( 'NONE',  ( 0.8660254037844383745, 0.5000000000000006661, 0.000000000000000000 ) ) ;
#1445 = DIRECTION ( 'NONE',  ( -0.3535533905932666254, -0.6123724356957892523, 0.7071067811865556774 ) ) ;
#1446 = CARTESIAN_POINT ( 'NONE',  ( 5.299999999999998934, 9.179869280115045882, 1.500000000000000000 ) ) ;
#1447 = VERTEX_POINT ( 'NONE', #259 ) ;
#1448 = LINE ( 'NONE', #1456, #678 ) ;
#1449 = ORIENTED_EDGE ( 'NONE', *, *, #51, .T. ) ;
#1450 = DIRECTION ( 'NONE',  ( 0.000000000000000000, 0.000000000000000000, 1.000000000000000000 ) ) ;
#1451 = ADVANCED_FACE ( 'NONE', ( #1381 ), #1114, .F. ) ;
#1452 = DIRECTION ( 'NONE',  ( 0.000000000000000000, 0.000000000000000000, -1.000000000000000000 ) ) ;
#1453 = CARTESIAN_POINT ( 'NONE',  ( 0.5000000000000073275, -12.99038105676658716, 1.500000000000000000 ) ) ;
#1454 = CARTESIAN_POINT ( 'NONE',  ( -3.469446951953614189E-15, 8.544783984006462774, 6.000000000000000000 ) ) ;
#1455 = EDGE_LOOP ( 'NONE', ( #1290, #1098, #1586, #1662 ) ) ;
#1456 = CARTESIAN_POINT ( 'NONE',  ( -1.449999999999997957, -11.05625765498134605, 6.000000000000000000 ) ) ;
#1457 = ORIENTED_EDGE ( 'NONE', *, *, #563, .F. ) ;
#1458 = AXIS2_PLACEMENT_3D ( 'NONE', #614, #1761, #877 ) ;
#1459 = DIRECTION ( 'NONE',  ( -0.8660254037844382635, -0.5000000000000007772, 0.000000000000000000 ) ) ;
#1460 = CIRCLE ( 'NONE', #372, 1.000000000000000000 ) ;
#1461 = CARTESIAN_POINT ( 'NONE',  ( 3.250000000000000444, 3.980102097228898231E-16, 17.00000000000000000 ) ) ;
#1462 = CIRCLE ( 'NONE', #1773, 3.200000000000000178 ) ;
#1463 = AXIS2_PLACEMENT_3D ( 'NONE', #662, #694, #1267 ) ;
#1464 = LINE ( 'NONE', #162, #767 ) ;
#1465 = EDGE_CURVE ( 'NONE', #1849, #1187, #981, .T. ) ;
#1466 = DIRECTION ( 'NONE',  ( -1.000000000000000000, 0.000000000000000000, 0.000000000000000000 ) ) ;
#1467 = VERTEX_POINT ( 'NONE', #111 ) ;
#1468 = AXIS2_PLACEMENT_3D ( 'NONE', #50, #792, #1095 ) ;
#1469 = CARTESIAN_POINT ( 'NONE',  ( -2.099999999999999645, 0.000000000000000000, 36.00000000000000000 ) ) ;
#1470 = ORIENTED_EDGE ( 'NONE', *, *, #1678, .F. ) ;
#1471 = CARTESIAN_POINT ( 'NONE',  ( -10.59999999999999964, 4.272391992003226946, 5.700000000000005507 ) ) ;
#1472 = ORIENTED_EDGE ( 'NONE', *, *, #644, .F. ) ;
#1473 = DIRECTION ( 'NONE',  ( 0.8660254037844387076, -0.4999999999999998890, 0.000000000000000000 ) ) ;
#1474 = CARTESIAN_POINT ( 'NONE',  ( -10.30000000000000782, -4.272391992003234051, 6.000000000000000000 ) ) ;
#1475 = PLANE ( 'NONE',  #1562 ) ;
#1476 = EDGE_CURVE ( 'NONE', #726, #420, #1717, .T. ) ;
#1477 = EDGE_LOOP ( 'NONE', ( #1605, #790, #724, #590 ) ) ;
#1478 = DIRECTION ( 'NONE',  ( -1.000000000000000000, 0.000000000000000000, 0.000000000000000000 ) ) ;
#1479 = ORIENTED_EDGE ( 'NONE', *, *, #1105, .T. ) ;
#1480 = FACE_OUTER_BOUND ( 'NONE', #1881, .T. ) ;
#1481 = DIRECTION ( 'NONE',  ( -0.5000000000000006661, 0.8660254037844383745, 0.000000000000000000 ) ) ;
#1482 = CARTESIAN_POINT ( 'NONE',  ( -10.99999999999999645, -6.928203230275511437, 1.199999999999999734 ) ) ;
#1483 = DIRECTION ( 'NONE',  ( 0.000000000000000000, 0.000000000000000000, -1.000000000000000000 ) ) ;
#1484 = CARTESIAN_POINT ( 'NONE',  ( -11.34999999999999432, 6.379720474545358400, 1.500000000000000000 ) ) ;
#1485 = ADVANCED_FACE ( 'NONE', ( #953 ), #1517, .T. ) ;
#1486 = ORIENTED_EDGE ( 'NONE', *, *, #1582, .T. ) ;
#1487 = CYLINDRICAL_SURFACE ( 'NONE', #1746, 1.000000000000000888 ) ;
#1488 = EDGE_CURVE ( 'NONE', #187, #716, #966, .T. ) ;
#1489 = FACE_OUTER_BOUND ( 'NONE', #195, .T. ) ;
#1490 = VECTOR ( 'NONE', #123, 1000.000000000000000 ) ;
#1491 = VECTOR ( 'NONE', #277, 1000.000000000000114 ) ;
#1492 = CARTESIAN_POINT ( 'NONE',  ( 1.450000000000001732, 11.05625765498134427, 6.000000000000000000 ) ) ;
#1493 = FACE_OUTER_BOUND ( 'NONE', #1545, .T. ) ;
#1494 = VECTOR ( 'NONE', #1561, 1000.000000000000114 ) ;
#1495 = DIRECTION ( 'NONE',  ( 4.251833770010828712E-16, -1.000000000000000000, 0.000000000000000000 ) ) ;
#1496 = VECTOR ( 'NONE', #1374, 1000.000000000000000 ) ;
#1497 = VECTOR ( 'NONE', #193, 1000.000000000000000 ) ;
#1498 = ORIENTED_EDGE ( 'NONE', *, *, #1488, .F. ) ;
#1499 = CARTESIAN_POINT ( 'NONE',  ( 1.600000000000011191, -11.31606527611666557, 6.000000000000000000 ) ) ;
#1500 = ADVANCED_FACE ( 'NONE', ( #660 ), #79, .T. ) ;
#1501 = FACE_OUTER_BOUND ( 'NONE', #635, .T. ) ;
#1502 = CARTESIAN_POINT ( 'NONE',  ( -10.99999999999999645, -6.928203230275511437, 1.500000000000000000 ) ) ;
#1503 = DIRECTION ( 'NONE',  ( -2.834555846673885644E-16, 1.000000000000000000, 0.000000000000000000 ) ) ;
#1504 = FACE_OUTER_BOUND ( 'NONE', #235, .T. ) ;
#1505 = VERTEX_POINT ( 'NONE', #1663 ) ;
#1506 = VERTEX_POINT ( 'NONE', #1702 ) ;
#1507 = DIRECTION ( 'NONE',  ( 0.000000000000000000, 0.000000000000000000, -1.000000000000000000 ) ) ;
#1508 = CARTESIAN_POINT ( 'NONE',  ( 11.36602540378443393, -6.562177826491073951, 1.333974596215558472 ) ) ;
#1509 = EDGE_CURVE ( 'NONE', #19, #86, #1099, .T. ) ;
#1510 = EDGE_LOOP ( 'NONE', ( #212, #1277, #937, #1842, #1224, #409 ) ) ;
#1511 = FACE_OUTER_BOUND ( 'NONE', #1477, .T. ) ;
#1512 = DIRECTION ( 'NONE',  ( -0.000000000000000000, -0.000000000000000000, -1.000000000000000000 ) ) ;
#1513 = EDGE_CURVE ( 'NONE', #1148, #838, #237, .T. ) ;
#1514 = CARTESIAN_POINT ( 'NONE',  ( 0.000000000000000000, 0.000000000000000000, 21.74747741945470736 ) ) ;
#1515 = EDGE_LOOP ( 'NONE', ( #322, #1883, #1341, #779 ) ) ;
#1516 = VERTEX_POINT ( 'NONE', #669 ) ;
#1517 = PLANE ( 'NONE',  #158 ) ;
#1518 = CARTESIAN_POINT ( 'NONE',  ( -10.59999999999999964, 6.119912853410029108, 6.000000000000000000 ) ) ;
#1519 = ORIENTED_EDGE ( 'NONE', *, *, #271, .F. ) ;
#1520 = CARTESIAN_POINT ( 'NONE',  ( -7.049999999999999822, 0.000000000000000000, 8.000000000000000000 ) ) ;
#1521 = AXIS2_PLACEMENT_3D ( 'NONE', #264, #847, #1416 ) ;
#1522 = CARTESIAN_POINT ( 'NONE',  ( 11.49999999999999467, 6.639528095680696573, 1.199999999999999734 ) ) ;
#1523 = VECTOR ( 'NONE', #104, 1000.000000000000000 ) ;
#1524 = ADVANCED_FACE ( 'NONE', ( #1236 ), #226, .F. ) ;
#1525 = CARTESIAN_POINT ( 'NONE',  ( -11.36602540378443393, -6.562177826491072175, 1.333974596215559139 ) ) ;
#1526 = CONICAL_SURFACE ( 'NONE', #60, 3.312435565298239570, 1.047197551196600962 ) ;
#1527 = ORIENTED_EDGE ( 'NONE', *, *, #563, .T. ) ;
#1528 = AXIS2_PLACEMENT_3D ( 'NONE', #603, #118, #145 ) ;
#1529 = ORIENTED_EDGE ( 'NONE', *, *, #1325, .T. ) ;
#1530 = DIRECTION ( 'NONE',  ( -1.000000000000000000, 0.000000000000000000, 0.000000000000000000 ) ) ;
#1531 = AXIS2_PLACEMENT_3D ( 'NONE', #903, #434, #444 ) ;
#1532 = VERTEX_POINT ( 'NONE', #70 ) ;
#1533 = LINE ( 'NONE', #1686, #28 ) ;
#1534 = ORIENTED_EDGE ( 'NONE', *, *, #295, .F. ) ;
#1535 = DIRECTION ( 'NONE',  ( 0.000000000000000000, 1.000000000000000000, 0.000000000000000000 ) ) ;
#1536 = CARTESIAN_POINT ( 'NONE',  ( 0.000000000000000000, 0.000000000000000000, 21.74747741945470736 ) ) ;
#1537 = CARTESIAN_POINT ( 'NONE',  ( -10.30000000000000782, -4.272391992003234051, 6.000000000000000000 ) ) ;
#1538 = ADVANCED_FACE ( 'NONE', ( #1833 ), #700, .T. ) ;
#1539 = EDGE_LOOP ( 'NONE', ( #1527, #1239, #1711, #1299, #48, #1271, #1417, #1388, #1632, #151, #1649, #693 ) ) ;
#1540 = ORIENTED_EDGE ( 'NONE', *, *, #846, .T. ) ;
#1541 = CARTESIAN_POINT ( 'NONE',  ( -3.372059531467588744, 0.000000000000000000, 36.00000000000000000 ) ) ;
#1542 = DIRECTION ( 'NONE',  ( -0.3535533905932717880, -0.6123724356957910286, 0.7071067811865515695 ) ) ;
#1543 = DIRECTION ( 'NONE',  ( -0.7071067811865414665, 0.000000000000000000, 0.7071067811865536790 ) ) ;
#1544 = DIRECTION ( 'NONE',  ( 1.000000000000000000, 0.000000000000000000, 0.000000000000000000 ) ) ;
#1545 = EDGE_LOOP ( 'NONE', ( #1118, #1583, #1598, #1288 ) ) ;
#1546 = ORIENTED_EDGE ( 'NONE', *, *, #793, .T. ) ;
#1547 = CARTESIAN_POINT ( 'NONE',  ( 11.49999999999999467, -6.639528095680699238, 1.500000000000000000 ) ) ;
#1548 = ORIENTED_EDGE ( 'NONE', *, *, #574, .T. ) ;
#1549 = EDGE_CURVE ( 'NONE', #819, #383, #101, .T. ) ;
#1550 = CARTESIAN_POINT ( 'NONE',  ( 8.673617379884035472E-15, -13.27905619136140025, 1.500000000000000000 ) ) ;
#1551 = DIRECTION ( 'NONE',  ( -0.3535533905932767840, 0.6123724356957988002, 0.7071067811865423547 ) ) ;
#1552 = DIRECTION ( 'NONE',  ( 1.000000000000000000, 0.000000000000000000, 0.000000000000000000 ) ) ;
#1553 = LINE ( 'NONE', #1848, #1490 ) ;
#1554 = AXIS2_PLACEMENT_3D ( 'NONE', #1520, #804, #1240 ) ;
#1555 = ORIENTED_EDGE ( 'NONE', *, *, #1179, .F. ) ;
#1556 = ORIENTED_EDGE ( 'NONE', *, *, #184, .F. ) ;
#1557 = VECTOR ( 'NONE', #1590, 1000.000000000000000 ) ;
#1558 = CARTESIAN_POINT ( 'NONE',  ( -3.939678152620475716E-15, 13.27905619136139315, 1.199999999999998401 ) ) ;
#1559 = AXIS2_PLACEMENT_3D ( 'NONE', #812, #1131, #386 ) ;
#1560 = VERTEX_POINT ( 'NONE', #1541 ) ;
#1561 = DIRECTION ( 'NONE',  ( -0.6546536707079776418, -0.3779644730092319160, -0.6546536707079739781 ) ) ;
#1562 = AXIS2_PLACEMENT_3D ( 'NONE', #172, #1610, #757 ) ;
#1563 = ADVANCED_FACE ( 'NONE', ( #1844 ), #1120, .T. ) ;
#1564 = CARTESIAN_POINT ( 'NONE',  ( 0.000000000000000000, 0.000000000000000000, 17.03604719043194748 ) ) ;
#1565 = PLANE ( 'NONE',  #252 ) ;
#1566 = VERTEX_POINT ( 'NONE', #576 ) ;
#1567 = VERTEX_POINT ( 'NONE', #1751 ) ;
#1568 = DIRECTION ( 'NONE',  ( 0.000000000000000000, 0.000000000000000000, -1.000000000000000000 ) ) ;
#1569 = CARTESIAN_POINT ( 'NONE',  ( 10.59999999999999432, 4.272391992003232275, 5.700000000000005507 ) ) ;
#1570 = ADVANCED_FACE ( 'NONE', ( #6 ), #328, .T. ) ;
#1571 = CARTESIAN_POINT ( 'NONE',  ( 0.000000000000000000, 0.000000000000000000, 0.000000000000000000 ) ) ;
#1572 = DIRECTION ( 'NONE',  ( -0.000000000000000000, -0.000000000000000000, -1.000000000000000000 ) ) ;
#1573 = EDGE_CURVE ( 'NONE', #19, #53, #1684, .T. ) ;
#1574 = VERTEX_POINT ( 'NONE', #1160 ) ;
#1575 = ORIENTED_EDGE ( 'NONE', *, *, #817, .F. ) ;
#1576 = ORIENTED_EDGE ( 'NONE', *, *, #856, .T. ) ;
#1577 = FACE_OUTER_BOUND ( 'NONE', #1062, .T. ) ;
#1578 = CARTESIAN_POINT ( 'NONE',  ( -11.19999999999999218, -6.639528095680699238, 1.500000000000000000 ) ) ;
#1579 = CYLINDRICAL_SURFACE ( 'NONE', #67, 1.000000000000000000 ) ;
#1580 = DIRECTION ( 'NONE',  ( -0.6546536707079790851, -0.3779644730092270311, 0.6546536707079753103 ) ) ;
#1581 = VECTOR ( 'NONE', #194, 1000.000000000000000 ) ;
#1582 = EDGE_CURVE ( 'NONE', #59, #1332, #688, .T. ) ;
#1583 = ORIENTED_EDGE ( 'NONE', *, *, #337, .T. ) ;
#1584 = ORIENTED_EDGE ( 'NONE', *, *, #761, .F. ) ;
#1585 = AXIS2_PLACEMENT_3D ( 'NONE', #697, #1690, #568 ) ;
#1586 = ORIENTED_EDGE ( 'NONE', *, *, #476, .T. ) ;
#1587 = CONICAL_SURFACE ( 'NONE', #281, 4.099999999999999645, 0.3490658503988619543 ) ;
#1588 = DIRECTION ( 'NONE',  ( -0.000000000000000000, -0.000000000000000000, 1.000000000000000000 ) ) ;
#1589 = VECTOR ( 'NONE', #1009, 1000.000000000000000 ) ;
#1590 = DIRECTION ( 'NONE',  ( 0.000000000000000000, 0.000000000000000000, -1.000000000000000000 ) ) ;
#1591 =( GEOMETRIC_REPRESENTATION_CONTEXT ( 3 ) GLOBAL_UNCERTAINTY_ASSIGNED_CONTEXT ( ( #577 ) ) GLOBAL_UNIT_ASSIGNED_CONTEXT ( ( #557, #1871, #686 ) ) REPRESENTATION_CONTEXT ( 'NONE', 'WORKASPACE' ) );
#1592 = DIRECTION ( 'NONE',  ( -4.251833770010828712E-16, 1.000000000000000000, 0.000000000000000000 ) ) ;
#1593 = DIRECTION ( 'NONE',  ( -0.7071067811865414665, 0.000000000000000000, -0.7071067811865536790 ) ) ;
#1594 = EDGE_LOOP ( 'NONE', ( #26, #1036, #1752, #758, #1701, #8, #1264, #663, #1359, #964, #898, #868 ) ) ;
#1595 = ORIENTED_EDGE ( 'NONE', *, *, #1425, .F. ) ;
#1596 = EDGE_CURVE ( 'NONE', #1710, #646, #1016, .T. ) ;
#1597 = EDGE_CURVE ( 'NONE', #1625, #726, #1739, .T. ) ;
#1598 = ORIENTED_EDGE ( 'NONE', *, *, #1367, .F. ) ;
#1599 = LINE ( 'NONE', #1155, #157 ) ;
#1600 = DIRECTION ( 'NONE',  ( -1.000000000000000000, 0.000000000000000000, 0.000000000000000000 ) ) ;
#1601 = DIRECTION ( 'NONE',  ( 0.000000000000000000, 0.000000000000000000, -1.000000000000000000 ) ) ;
#1602 = CARTESIAN_POINT ( 'NONE',  ( -2.099999999999999645, 0.000000000000000000, 17.70000000000000995 ) ) ;
#1603 = ORIENTED_EDGE ( 'NONE', *, *, #414, .F. ) ;
#1604 = ORIENTED_EDGE ( 'NONE', *, *, #20, .F. ) ;
#1605 = ORIENTED_EDGE ( 'NONE', *, *, #1513, .T. ) ;
#1606 = PLANE ( 'NONE',  #255 ) ;
#1607 = EDGE_CURVE ( 'NONE', #1567, #646, #911, .T. ) ;
#1608 = CARTESIAN_POINT ( 'NONE',  ( -10.59999999999999609, -6.119912853410036213, 6.000000000000000000 ) ) ;
#1609 = CARTESIAN_POINT ( 'NONE',  ( 8.214285714285685103, 4.742520068343346828, 4.485714285714291094 ) ) ;
#1610 = DIRECTION ( 'NONE',  ( 0.3535533905932737864, -0.6123724356957934711, 0.7071067811865485719 ) ) ;
#1611 = EDGE_LOOP ( 'NONE', ( #169, #1755, #427, #569 ) ) ;
#1612 = CARTESIAN_POINT ( 'NONE',  ( 5.049999999999999822, 6.184466335694133068E-16, 8.000000000000000000 ) ) ;
#1613 = VERTEX_POINT ( 'NONE', #1887 ) ;
#1614 = DIRECTION ( 'NONE',  ( 0.8660254037844385966, -0.5000000000000001110, 0.000000000000000000 ) ) ;
#1615 = VECTOR ( 'NONE', #460, 1000.000000000000000 ) ;
#1616 = ORIENTED_EDGE ( 'NONE', *, *, #1877, .T. ) ;
#1617 = CARTESIAN_POINT ( 'NONE',  ( -3.550000000000011369, 0.000000000000000000, 0.000000000000000000 ) ) ;
#1618 = AXIS2_PLACEMENT_3D ( 'NONE', #1063, #1070, #326 ) ;
#1619 = ADVANCED_FACE ( 'NONE', ( #1176 ), #896, .T. ) ;
#1620 =( GEOMETRIC_REPRESENTATION_CONTEXT ( 3 ) GLOBAL_UNCERTAINTY_ASSIGNED_CONTEXT ( ( #1659 ) ) GLOBAL_UNIT_ASSIGNED_CONTEXT ( ( #1633, #915, #908 ) ) REPRESENTATION_CONTEXT ( 'NONE', 'WORKASPACE' ) );
#1621 = DIRECTION ( 'NONE',  ( -1.000000000000000000, 0.000000000000000000, 0.000000000000000000 ) ) ;
#1622 = AXIS2_PLACEMENT_3D ( 'NONE', #1065, #1210, #1637 ) ;
#1623 = ORIENTED_EDGE ( 'NONE', *, *, #984, .T. ) ;
#1624 = DIRECTION ( 'NONE',  ( -0.000000000000000000, -0.000000000000000000, -1.000000000000000000 ) ) ;
#1625 = VERTEX_POINT ( 'NONE', #1315 ) ;
#1626 = PLANE ( 'NONE',  #1618 ) ;
#1627 = PRODUCT_DEFINITION_SHAPE ( 'NONE', 'NONE',  #1812 ) ;
#1628 = CARTESIAN_POINT ( 'NONE',  ( 3.250000000000000444, 3.980102097228898231E-16, 0.3000000000000120348 ) ) ;
#1629 = LINE ( 'NONE', #1446, #717 ) ;
#1630 = EDGE_CURVE ( 'NONE', #971, #1358, #1168, .T. ) ;
#1631 = FACE_OUTER_BOUND ( 'NONE', #394, .T. ) ;
#1632 = ORIENTED_EDGE ( 'NONE', *, *, #20, .T. ) ;
#1633 =( LENGTH_UNIT ( ) NAMED_UNIT ( * ) SI_UNIT ( .MILLI., .METRE. ) );
#1634 = CYLINDRICAL_SURFACE ( 'NONE', #1141, 3.199999999999999734 ) ;
#1635 =( BOUNDED_CURVE ( )  B_SPLINE_CURVE ( 3, ( #1221, #920, #1106, #777 ),
 .UNSPECIFIED., .F., .F. ) 
 B_SPLINE_CURVE_WITH_KNOTS ( ( 4, 4 ),
 ( 5.759586531581289748, 6.283185307179586232 ),
 .UNSPECIFIED. ) 
 CURVE ( )  GEOMETRIC_REPRESENTATION_ITEM ( )  RATIONAL_B_SPLINE_CURVE ( ( 1.000000000000000000, 0.9772838841927123932, 0.9772838841927123932, 1.000000000000000000 ) ) 
 REPRESENTATION_ITEM ( '' )  );
#1636 = CARTESIAN_POINT ( 'NONE',  ( 8.673617379884035472E-15, -8.544783984006462774, 6.000000000000000000 ) ) ;
#1637 = DIRECTION ( 'NONE',  ( -1.000000000000000000, 0.000000000000000000, 0.000000000000000000 ) ) ;
#1638 = DIRECTION ( 'NONE',  ( 1.000000000000000000, 0.000000000000000000, 0.000000000000000000 ) ) ;
#1639 = EDGE_CURVE ( 'NONE', #512, #769, #439, .T. ) ;
#1640 = ORIENTED_EDGE ( 'NONE', *, *, #1582, .F. ) ;
#1641 = FACE_OUTER_BOUND ( 'NONE', #332, .T. ) ;
#1642 = DIRECTION ( 'NONE',  ( 0.000000000000000000, 0.000000000000000000, -1.000000000000000000 ) ) ;
#1643 = VECTOR ( 'NONE', #1580, 1000.000000000000000 ) ;
#1644 = CIRCLE ( 'NONE', #1282, 3.250000000000000444 ) ;
#1645 = DIRECTION ( 'NONE',  ( 0.3420201433256657153, 4.188538737676954787E-17, -0.9396926207859095381 ) ) ;
#1646 = CARTESIAN_POINT ( 'NONE',  ( 0.000000000000000000, 0.000000000000000000, 19.00000000000000000 ) ) ;
#1647 = AXIS2_PLACEMENT_3D ( 'NONE', #735, #872, #1149 ) ;
#1648 = CYLINDRICAL_SURFACE ( 'NONE', #278, 3.200000000000000178 ) ;
#1649 = ORIENTED_EDGE ( 'NONE', *, *, #631, .T. ) ;
#1650 = EDGE_LOOP ( 'NONE', ( #522, #1834, #1616, #203 ) ) ;
#1651 = EDGE_CURVE ( 'NONE', #1873, #679, #1629, .T. ) ;
#1652 = EDGE_CURVE ( 'NONE', #15, #1148, #865, .T. ) ;
#1653 = CARTESIAN_POINT ( 'NONE',  ( 0.000000000000000000, 0.000000000000000000, 6.000000000000000000 ) ) ;
#1654 = EDGE_CURVE ( 'NONE', #481, #275, #1404, .T. ) ;
#1655 = DIRECTION ( 'NONE',  ( 0.000000000000000000, 0.000000000000000000, -1.000000000000000000 ) ) ;
#1656 = VERTEX_POINT ( 'NONE', #1602 ) ;
#1657 = DIRECTION ( 'NONE',  ( 0.8660254037844382635, 0.5000000000000006661, 0.000000000000000000 ) ) ;
#1658 = CARTESIAN_POINT ( 'NONE',  ( 0.4999999999999965583, 12.99038105676658006, 1.500000000000000000 ) ) ;
#1659 = UNCERTAINTY_MEASURE_WITH_UNIT (LENGTH_MEASURE( 1.000000000000000082E-05 ), #1633, 'distance_accuracy_value', 'NONE');
#1660 = CARTESIAN_POINT ( 'NONE',  ( -3.250000000000000444, 0.000000000000000000, 17.00000000000000000 ) ) ;
#1661 = ORIENTED_EDGE ( 'NONE', *, *, #105, .F. ) ;
#1662 = ORIENTED_EDGE ( 'NONE', *, *, #530, .T. ) ;
#1663 = CARTESIAN_POINT ( 'NONE',  ( 0.5000000000000056621, -12.99038105676658894, 0.000000000000000000 ) ) ;
#1664 = DIRECTION ( 'NONE',  ( 2.834555846673885644E-16, -1.000000000000000000, 0.000000000000000000 ) ) ;
#1665 = EDGE_CURVE ( 'NONE', #275, #481, #410, .T. ) ;
#1666 = ORIENTED_EDGE ( 'NONE', *, *, #945, .T. ) ;
#1667 = CARTESIAN_POINT ( 'NONE',  ( -11.49999999999999645, 6.062177826491069510, 0.000000000000000000 ) ) ;
#1668 = CARTESIAN_POINT ( 'NONE',  ( -10.59999999999999609, -4.272391992003234051, 6.000000000000000000 ) ) ;
#1669 = DIRECTION ( 'NONE',  ( 0.000000000000000000, 0.000000000000000000, -1.000000000000000000 ) ) ;
#1670 = ORIENTED_EDGE ( 'NONE', *, *, #1101, .F. ) ;
#1671 = VERTEX_POINT ( 'NONE', #452 ) ;
#1672 = LINE ( 'NONE', #514, #284 ) ;
#1673 = LINE ( 'NONE', #994, #1494 ) ;
#1674 = CIRCLE ( 'NONE', #90, 3.550000000000011369 ) ;
#1675 = EDGE_LOOP ( 'NONE', ( #428, #1743, #1253, #1472 ) ) ;
#1676 = FACE_BOUND ( 'NONE', #965, .T. ) ;
#1677 = AXIS2_PLACEMENT_3D ( 'NONE', #813, #1847, #517 ) ;
#1678 = EDGE_CURVE ( 'NONE', #679, #1567, #257, .T. ) ;
#1679 = CARTESIAN_POINT ( 'NONE',  ( 11.19999999999999041, 6.639528095680695685, 1.500000000000000000 ) ) ;
#1680 = VECTOR ( 'NONE', #71, 1000.000000000000114 ) ;
#1681 = DIRECTION ( 'NONE',  ( 0.000000000000000000, 0.000000000000000000, -1.000000000000000000 ) ) ;
#1682 = AXIS2_PLACEMENT_3D ( 'NONE', #887, #1300, #1293 ) ;
#1683 = EDGE_LOOP ( 'NONE', ( #502, #958, #907, #78 ) ) ;
#1684 = CIRCLE ( 'NONE', #1435, 3.199999999999999734 ) ;
#1685 = DIRECTION ( 'NONE',  ( -5.539048157612093075E-15, -0.7559289460184568377, -0.6546536707079744222 ) ) ;
#1686 = CARTESIAN_POINT ( 'NONE',  ( -8.999999999999998224, -7.043673284113437738, 5.700000000000005507 ) ) ;
#1687 = DIRECTION ( 'NONE',  ( -0.8660254037844385966, 0.5000000000000000000, 0.000000000000000000 ) ) ;
#1688 = CARTESIAN_POINT ( 'NONE',  ( -7.399999999999999467, 4.272391992003227834, 1.499999999999999556 ) ) ;
#1689 = ADVANCED_FACE ( 'NONE', ( #1766 ), #1475, .T. ) ;
#1690 = DIRECTION ( 'NONE',  ( 0.000000000000000000, 0.000000000000000000, -1.000000000000000000 ) ) ;
#1691 = EDGE_CURVE ( 'NONE', #490, #152, #612, .T. ) ;
#1692 = ORIENTED_EDGE ( 'NONE', *, *, #1465, .T. ) ;
#1693 = EDGE_LOOP ( 'NONE', ( #1161, #787, #1068, #1827 ) ) ;
#1694 = DIRECTION ( 'NONE',  ( 0.8660254037844382635, 0.5000000000000007772, 0.000000000000000000 ) ) ;
#1695 = DIRECTION ( 'NONE',  ( 0.8660254037844385966, -0.5000000000000002220, 0.000000000000000000 ) ) ;
#1696 = DIRECTION ( 'NONE',  ( -1.000000000000000000, 0.000000000000000000, 0.000000000000000000 ) ) ;
#1697 = CARTESIAN_POINT ( 'NONE',  ( 4.099999999999999645, 5.021051876504147385E-16, 21.74747741945470736 ) ) ;
#1698 = CARTESIAN_POINT ( 'NONE',  ( -3.469446951953614189E-15, 8.544783984006462774, 1.499999999999999556 ) ) ;
#1699 =( BOUNDED_CURVE ( )  B_SPLINE_CURVE ( 3, ( #1363, #178, #477, #1482 ),
 .UNSPECIFIED., .F., .F. ) 
 B_SPLINE_CURVE_WITH_KNOTS ( ( 4, 4 ),
 ( 5.759586531581285307, 6.283185307179585344 ),
 .UNSPECIFIED. ) 
 CURVE ( )  GEOMETRIC_REPRESENTATION_ITEM ( )  RATIONAL_B_SPLINE_CURVE ( ( 1.000000000000000000, 0.9772838841927119491, 0.9772838841927119491, 1.000000000000000000 ) ) 
 REPRESENTATION_ITEM ( '' )  );
#1700 = ORIENTED_EDGE ( 'NONE', *, *, #1406, .F. ) ;
#1701 = ORIENTED_EDGE ( 'NONE', *, *, #1737, .T. ) ;
#1702 = CARTESIAN_POINT ( 'NONE',  ( 11.00000000000000000, 6.928203230275506996, 0.000000000000000000 ) ) ;
#1703 = ADVANCED_FACE ( 'NONE', ( #1057 ), #1169, .F. ) ;
#1704 = CARTESIAN_POINT ( 'NONE',  ( -7.399999999999999467, 4.272391992003227834, 6.000000000000000000 ) ) ;
#1705 = DIRECTION ( 'NONE',  ( 0.000000000000000000, 0.000000000000000000, -1.000000000000000000 ) ) ;
#1706 = CARTESIAN_POINT ( 'NONE',  ( 1.599999999999994760, 11.31606527611666380, 1.500000000000000000 ) ) ;
#1707 = AXIS2_PLACEMENT_3D ( 'NONE', #1348, #657, #1357 ) ;
#1708 = LINE ( 'NONE', #997, #949 ) ;
#1709 = CIRCLE ( 'NONE', #27, 3.200000000000000622 ) ;
#1710 = VERTEX_POINT ( 'NONE', #625 ) ;
#1711 = ORIENTED_EDGE ( 'NONE', *, *, #764, .T. ) ;
#1712 = AXIS2_PLACEMENT_3D ( 'NONE', #708, #1021, #1030 ) ;
#1713 = ORIENTED_EDGE ( 'NONE', *, *, #105, .T. ) ;
#1714 = EDGE_CURVE ( 'NONE', #182, #53, #378, .T. ) ;
#1715 = EDGE_CURVE ( 'NONE', #1800, #1849, #1144, .T. ) ;
#1716 = DIRECTION ( 'NONE',  ( 0.8660254037844385966, -0.5000000000000001110, 0.000000000000000000 ) ) ;
#1717 = CIRCLE ( 'NONE', #379, 1.000000000000000888 ) ;
#1718 = CIRCLE ( 'NONE', #927, 3.200000000000000622 ) ;
#1719 = ADVANCED_FACE ( 'NONE', ( #1808 ), #318, .T. ) ;
#1720 = FACE_OUTER_BOUND ( 'NONE', #1731, .T. ) ;
#1721 = CARTESIAN_POINT ( 'NONE',  ( -11.49999999999999645, 6.062177826491069510, 1.199999999999998401 ) ) ;
#1722 = FACE_OUTER_BOUND ( 'NONE', #330, .T. ) ;
#1723 = VERTEX_POINT ( 'NONE', #1356 ) ;
#1724 = ORIENTED_EDGE ( 'NONE', *, *, #683, .F. ) ;
#1725 = ORIENTED_EDGE ( 'NONE', *, *, #984, .F. ) ;
#1726 = CARTESIAN_POINT ( 'NONE',  ( -5.049999999999999822, 0.000000000000000000, 8.000000000000000000 ) ) ;
#1727 = CARTESIAN_POINT ( 'NONE',  ( -10.59999999999999964, 4.272391992003226946, 6.000000000000000000 ) ) ;
#1728 = DIRECTION ( 'NONE',  ( -1.000000000000000000, 0.000000000000000000, 0.000000000000000000 ) ) ;
#1729 = EDGE_CURVE ( 'NONE', #1411, #143, #1198, .T. ) ;
#1730 = DIRECTION ( 'NONE',  ( 0.000000000000000000, 0.000000000000000000, -1.000000000000000000 ) ) ;
#1731 = EDGE_LOOP ( 'NONE', ( #698, #207, #1018, #1713, #455, #419 ) ) ;
#1732 = ORIENTED_EDGE ( 'NONE', *, *, #1235, .T. ) ;
#1733 = ORIENTED_EDGE ( 'NONE', *, *, #128, .F. ) ;
#1734 = CYLINDRICAL_SURFACE ( 'NONE', #1647, 5.049999999999999822 ) ;
#1735 = CARTESIAN_POINT ( 'NONE',  ( 0.4999999999999917843, 12.99038105676658184, 1.199999999999999734 ) ) ;
#1736 = EDGE_CURVE ( 'NONE', #1077, #955, #655, .T. ) ;
#1737 = EDGE_CURVE ( 'NONE', #1447, #1574, #632, .T. ) ;
#1738 = LINE ( 'NONE', #433, #1010 ) ;
#1739 = LINE ( 'NONE', #149, #1811 ) ;
#1740 = AXIS2_PLACEMENT_3D ( 'NONE', #1783, #293, #759 ) ;
#1741 = ORIENTED_EDGE ( 'NONE', *, *, #1292, .F. ) ;
#1742 = DIRECTION ( 'NONE',  ( 0.000000000000000000, 0.000000000000000000, 1.000000000000000000 ) ) ;
#1743 = ORIENTED_EDGE ( 'NONE', *, *, #551, .T. ) ;
#1744 = AXIS2_PLACEMENT_3D ( 'NONE', #1764, #459, #1473 ) ;
#1745 = DIRECTION ( 'NONE',  ( -1.000000000000000000, 0.000000000000000000, 0.000000000000000000 ) ) ;
#1746 = AXIS2_PLACEMENT_3D ( 'NONE', #1327, #618, #1342 ) ;
#1747 = AXIS2_PLACEMENT_3D ( 'NONE', #740, #321, #1466 ) ;
#1748 = FACE_OUTER_BOUND ( 'NONE', #850, .T. ) ;
#1749 = AXIS2_PLACEMENT_3D ( 'NONE', #567, #1152, #969 ) ;
#1750 = DIRECTION ( 'NONE',  ( 0.3535533905932730647, 0.6123724356957932491, 0.7071067811865491270 ) ) ;
#1751 = CARTESIAN_POINT ( 'NONE',  ( 10.59999999999999609, 4.272391992003232275, 1.500000000000000000 ) ) ;
#1752 = ORIENTED_EDGE ( 'NONE', *, *, #1370, .T. ) ;
#1753 = CARTESIAN_POINT ( 'NONE',  ( -10.30000000000000782, -4.272391992003234051, 6.000000000000000000 ) ) ;
#1754 = ADVANCED_FACE ( 'NONE', ( #233 ), #347, .T. ) ;
#1755 = ORIENTED_EDGE ( 'NONE', *, *, #175, .T. ) ;
#1756 = CARTESIAN_POINT ( 'NONE',  ( 0.000000000000000000, 0.000000000000000000, 19.13737387097278386 ) ) ;
#1757 = LINE ( 'NONE', #1320, #711 ) ;
#1758 = DIRECTION ( 'NONE',  ( -0.8660254037844385966, 0.5000000000000000000, 0.000000000000000000 ) ) ;
#1759 = DIRECTION ( 'NONE',  ( 1.000000000000000000, 0.000000000000000000, 0.000000000000000000 ) ) ;
#1760 = ORIENTED_EDGE ( 'NONE', *, *, #1367, .T. ) ;
#1761 = DIRECTION ( 'NONE',  ( -0.000000000000000000, -0.000000000000000000, -1.000000000000000000 ) ) ;
#1762 = ADVANCED_FACE ( 'NONE', ( #1493 ), #42, .T. ) ;
#1763 = CARTESIAN_POINT ( 'NONE',  ( 11.45430376018589946, 6.409275227995058444, 1.245696239814092721 ) ) ;
#1764 = CARTESIAN_POINT ( 'NONE',  ( 7.806255641895631925E-15, -12.23982570682007065, 5.700000000000005507 ) ) ;
#1765 = CARTESIAN_POINT ( 'NONE',  ( -4.336808689942017736E-15, 13.27905619136139315, 1.199999999999998401 ) ) ;
#1766 = FACE_OUTER_BOUND ( 'NONE', #886, .T. ) ;
#1767 = EDGE_LOOP ( 'NONE', ( #943, #1546, #550, #616 ) ) ;
#1768 = CARTESIAN_POINT ( 'NONE',  ( 0.000000000000000000, 0.000000000000000000, 0.3000000000000120348 ) ) ;
#1769 = CIRCLE ( 'NONE', #1802, 4.099999999999999645 ) ;
#1770 = ORIENTED_EDGE ( 'NONE', *, *, #1201, .T. ) ;
#1771 = VECTOR ( 'NONE', #1657, 1000.000000000000114 ) ;
#1772 = LINE ( 'NONE', #1499, #715 ) ;
#1773 = AXIS2_PLACEMENT_3D ( 'NONE', #881, #1022, #1600 ) ;
#1774 = EDGE_CURVE ( 'NONE', #135, #1187, #560, .T. ) ;
#1775 = EDGE_CURVE ( 'NONE', #589, #1625, #200, .T. ) ;
#1776 = FACE_OUTER_BOUND ( 'NONE', #1594, .T. ) ;
#1777 = VECTOR ( 'NONE', #909, 999.9999999999998863 ) ;
#1778 = EDGE_CURVE ( 'NONE', #1447, #658, #1073, .T. ) ;
#1779 = VECTOR ( 'NONE', #934, 1000.000000000000000 ) ;
#1780 = LINE ( 'NONE', #290, #406 ) ;
#1781 = CARTESIAN_POINT ( 'NONE',  ( 10.59999999999999964, -4.272391992003230499, 6.000000000000000000 ) ) ;
#1782 = AXIS2_PLACEMENT_3D ( 'NONE', #393, #973, #692 ) ;
#1783 = CARTESIAN_POINT ( 'NONE',  ( -7.399999999999996803, -4.272391992003233163, 6.000000000000000000 ) ) ;
#1784 = ORIENTED_EDGE ( 'NONE', *, *, #1836, .F. ) ;
#1785 = CARTESIAN_POINT ( 'NONE',  ( 1.599999999999995648, 11.31606527611666557, 5.700000000000005507 ) ) ;
#1786 = CARTESIAN_POINT ( 'NONE',  ( 11.49999999999999467, 6.062177826491071286, 1.199999999999998401 ) ) ;
#1787 = ADVANCED_FACE ( 'NONE', ( #335 ), #930, .F. ) ;
#1788 = DIRECTION ( 'NONE',  ( -0.000000000000000000, -0.000000000000000000, 1.000000000000000000 ) ) ;
#1789 = CARTESIAN_POINT ( 'NONE',  ( 4.099999999999999645, 5.021051876504147385E-16, 33.99999999999995737 ) ) ;
#1790 = EDGE_LOOP ( 'NONE', ( #1093, #1832, #513, #1457 ) ) ;
#1791 = CARTESIAN_POINT ( 'NONE',  ( -11.19999999999999218, 6.466323014923801793, 1.500000000000000000 ) ) ;
#1792 = FACE_OUTER_BOUND ( 'NONE', #1693, .T. ) ;
#1793 = CARTESIAN_POINT ( 'NONE',  ( -7.399999999999999467, 4.272391992003227834, 6.000000000000000000 ) ) ;
#1794 = DIRECTION ( 'NONE',  ( -1.000000000000000000, 0.000000000000000000, 0.000000000000000000 ) ) ;
#1795 = PRODUCT_DEFINITION_CONTEXT ( 'detailed design', #1027, 'design' ) ;
#1796 = EDGE_CURVE ( 'NONE', #1723, #1040, #62, .T. ) ;
#1797 = EDGE_CURVE ( 'NONE', #53, #1358, #355, .T. ) ;
#1798 = CARTESIAN_POINT ( 'NONE',  ( -7.399999999999999467, 4.272391992003227834, 6.000000000000000000 ) ) ;
#1799 = EDGE_LOOP ( 'NONE', ( #1173, #1692, #980, #796 ) ) ;
#1800 = VERTEX_POINT ( 'NONE', #784 ) ;
#1801 = LINE ( 'NONE', #771, #190 ) ;
#1802 = AXIS2_PLACEMENT_3D ( 'NONE', #1821, #931, #1638 ) ;
#1803 = CARTESIAN_POINT ( 'NONE',  ( -10.59999999999999787, -3.004629197474318457E-15, 1.500000000000000000 ) ) ;
#1804 = VECTOR ( 'NONE', #346, 1000.000000000000000 ) ;
#1805 = EDGE_LOOP ( 'NONE', ( #733, #1603, #116, #1555 ) ) ;
#1806 = CIRCLE ( 'NONE', #987, 3.200000000000000622 ) ;
#1807 = CARTESIAN_POINT ( 'NONE',  ( -10.99999999999999822, 6.928203230275505220, 1.199999999999998401 ) ) ;
#1808 = FACE_OUTER_BOUND ( 'NONE', #699, .T. ) ;
#1809 = CIRCLE ( 'NONE', #1463, 3.372059531467588744 ) ;
#1810 = LINE ( 'NONE', #768, #947 ) ;
#1811 = VECTOR ( 'NONE', #587, 1000.000000000000000 ) ;
#1812 = PRODUCT_DEFINITION ( 'UNKNOWN', '', #867, #1795 ) ;
#1813 = VERTEX_POINT ( 'NONE', #946 ) ;
#1814 = VERTEX_POINT ( 'NONE', #499 ) ;
#1815 = CARTESIAN_POINT ( 'NONE',  ( -4.099999999999999645, 0.000000000000000000, 33.99999999999995737 ) ) ;
#1816 = EDGE_CURVE ( 'NONE', #1025, #876, #1086, .T. ) ;
#1817 = CARTESIAN_POINT ( 'NONE',  ( 11.19999999999999041, 6.466323014923807122, 1.500000000000000000 ) ) ;
#1818 = VERTEX_POINT ( 'NONE', #1364 ) ;
#1819 = CARTESIAN_POINT ( 'NONE',  ( -3.372059531467588744, 0.000000000000000000, 36.00000000000000000 ) ) ;
#1820 = CARTESIAN_POINT ( 'NONE',  ( 11.49999999999999467, -6.639528095680699238, 1.199999999999998401 ) ) ;
#1821 = CARTESIAN_POINT ( 'NONE',  ( 0.000000000000000000, 0.000000000000000000, 21.74747741945470736 ) ) ;
#1822 = ORIENTED_EDGE ( 'NONE', *, *, #644, .T. ) ;
#1823 = ORIENTED_EDGE ( 'NONE', *, *, #974, .T. ) ;
#1824 = CARTESIAN_POINT ( 'NONE',  ( 8.673617379884035472E-15, -13.27905619136140025, 1.199999999999998401 ) ) ;
#1825 = EDGE_CURVE ( 'NONE', #876, #489, #510, .T. ) ;
#1826 = CARTESIAN_POINT ( 'NONE',  ( 5.049999999999999822, 6.184466335694133068E-16, 19.13737387097278386 ) ) ;
#1827 = ORIENTED_EDGE ( 'NONE', *, *, #705, .F. ) ;
#1828 = CARTESIAN_POINT ( 'NONE',  ( 8.850000000000004974, -6.783865662978112887, 6.000000000000000000 ) ) ;
#1829 = CARTESIAN_POINT ( 'NONE',  ( 7.049999999999999822, 8.633759933988839975E-16, 8.000000000000000000 ) ) ;
#1830 = DIRECTION ( 'NONE',  ( 0.000000000000000000, 0.000000000000000000, -1.000000000000000000 ) ) ;
#1831 = ORIENTED_EDGE ( 'NONE', *, *, #389, .F. ) ;
#1832 = ORIENTED_EDGE ( 'NONE', *, *, #1736, .F. ) ;
#1833 = FACE_OUTER_BOUND ( 'NONE', #1270, .T. ) ;
#1834 = ORIENTED_EDGE ( 'NONE', *, *, #470, .T. ) ;
#1835 = DIRECTION ( 'NONE',  ( -4.251833770010828712E-16, 1.000000000000000000, 0.000000000000000000 ) ) ;
#1836 = EDGE_CURVE ( 'NONE', #593, #1671, #521, .T. ) ;
#1837 = LINE ( 'NONE', #232, #1866 ) ;
#1838 = AXIS2_PLACEMENT_3D ( 'NONE', #978, #1730, #1544 ) ;
#1839 = EDGE_CURVE ( 'NONE', #1084, #59, #656, .T. ) ;
#1840 = VECTOR ( 'NONE', #289, 1000.000000000000000 ) ;
#1841 = CARTESIAN_POINT ( 'NONE',  ( 0.4999999999999917843, 12.99038105676658184, 1.199999999999999734 ) ) ;
#1842 = ORIENTED_EDGE ( 'NONE', *, *, #1081, .F. ) ;
#1843 = ORIENTED_EDGE ( 'NONE', *, *, #248, .T. ) ;
#1844 = FACE_OUTER_BOUND ( 'NONE', #1611, .T. ) ;
#1845 = VECTOR ( 'NONE', #210, 1000.000000000000000 ) ;
#1846 = DIRECTION ( 'NONE',  ( 0.8660254037844383745, 0.5000000000000006661, 0.000000000000000000 ) ) ;
#1847 = DIRECTION ( 'NONE',  ( 0.000000000000000000, 0.000000000000000000, -1.000000000000000000 ) ) ;
#1848 = CARTESIAN_POINT ( 'NONE',  ( -11.49999999999999645, 6.062177826491069510, 1.500000000000000000 ) ) ;
#1849 = VERTEX_POINT ( 'NONE', #1697 ) ;
#1850 = ORIENTED_EDGE ( 'NONE', *, *, #503, .T. ) ;
#1851 = DIRECTION ( 'NONE',  ( 0.8660254037844383745, 0.5000000000000004441, 0.000000000000000000 ) ) ;
#1852 = CARTESIAN_POINT ( 'NONE',  ( -1.599999999999992539, -11.31606527611666912, 1.500000000000000000 ) ) ;
#1853 = LINE ( 'NONE', #546, #435 ) ;
#1854 = CARTESIAN_POINT ( 'NONE',  ( -11.49999999999999645, 6.639528095680693909, 0.000000000000000000 ) ) ;
#1855 = EDGE_CURVE ( 'NONE', #857, #571, #1718, .T. ) ;
#1856 = ADVANCED_FACE ( 'NONE', ( #416 ), #1579, .T. ) ;
#1857 = ORIENTED_EDGE ( 'NONE', *, *, #1038, .T. ) ;
#1858 = ORIENTED_EDGE ( 'NONE', *, *, #1442, .F. ) ;
#1859 = DIRECTION ( 'NONE',  ( -0.5000000000000001110, -0.8660254037844385966, 0.000000000000000000 ) ) ;
#1860 = CARTESIAN_POINT ( 'NONE',  ( 10.59999999999999432, 4.272391992003232275, 5.700000000000005507 ) ) ;
#1861 = CIRCLE ( 'NONE', #1707, 3.372059531467588744 ) ;
#1862 = LINE ( 'NONE', #1145, #861 ) ;
#1863 = VECTOR ( 'NONE', #938, 1000.000000000000000 ) ;
#1864 = ORIENTED_EDGE ( 'NONE', *, *, #541, .T. ) ;
#1865 = ORIENTED_EDGE ( 'NONE', *, *, #1639, .F. ) ;
#1866 = VECTOR ( 'NONE', #529, 999.9999999999998863 ) ;
#1867 = VECTOR ( 'NONE', #897, 1000.000000000000114 ) ;
#1868 = ADVANCED_FACE ( 'NONE', ( #1285 ), #845, .F. ) ;
#1869 = CARTESIAN_POINT ( 'NONE',  ( 11.49999999999999467, 6.062177826491071286, 1.199999999999998401 ) ) ;
#1870 = FACE_OUTER_BOUND ( 'NONE', #1675, .T. ) ;
#1871 =( NAMED_UNIT ( * ) PLANE_ANGLE_UNIT ( ) SI_UNIT ( $, .RADIAN. ) );
#1872 = CARTESIAN_POINT ( 'NONE',  ( 0.3470974015039806626, 13.07865941316804737, 1.199999999999999512 ) ) ;
#1873 = VERTEX_POINT ( 'NONE', #1706 ) ;
#1874 = ORIENTED_EDGE ( 'NONE', *, *, #224, .F. ) ;
#1875 = ORIENTED_EDGE ( 'NONE', *, *, #1189, .F. ) ;
#1876 = CARTESIAN_POINT ( 'NONE',  ( 11.36602540378443393, -6.562177826491073951, 1.333974596215558472 ) ) ;
#1877 = EDGE_CURVE ( 'NONE', #1467, #1656, #1226, .T. ) ;
#1878 = CARTESIAN_POINT ( 'NONE',  ( -1.599999999999992983, -11.31606527611666912, 5.700000000000005507 ) ) ;
#1879 = LINE ( 'NONE', #1609, #1643 ) ;
#1880 = CARTESIAN_POINT ( 'NONE',  ( 10.49999999999999467, -6.062177826491074839, 0.000000000000000000 ) ) ;
#1881 = EDGE_LOOP ( 'NONE', ( #1725, #109, #1389, #645, #1354 ) ) ;
#1882 = LINE ( 'NONE', #1484, #859 ) ;
#1883 = ORIENTED_EDGE ( 'NONE', *, *, #1189, .T. ) ;
#1884 = LINE ( 'NONE', #879, #127 ) ;
#1885 = PLANE ( 'NONE',  #1744 ) ;
#1886 = DIRECTION ( 'NONE',  ( -1.000000000000000000, 0.000000000000000000, 0.000000000000000000 ) ) ;
#1887 = CARTESIAN_POINT ( 'NONE',  ( -10.99999999999999645, -6.928203230275511437, 1.199999999999999734 ) ) ;
#1888 = VECTOR ( 'NONE', #446, 1000.000000000000000 ) ;
#1889 = VERTEX_POINT ( 'NONE', #1003 ) ;
#1890 = CARTESIAN_POINT ( 'NONE',  ( -8.999999999999998224, -7.043673284113436850, 5.700000000000005507 ) ) ;
#1891 = AXIS2_PLACEMENT_3D ( 'NONE', #1055, #498, #1337 ) ;
ENDSEC;
END-ISO-10303-21;
